staff_index,staff_name,openalex_author_id_short,openalex_author_id_full,author_display_name,author_match_score,author_match_confidence,work_id,title,publication_year,publication_date,raw_author_name,author_position,is_corresponding,paper_confidence,paper_confidence_score,paper_confidence_reasons,paper_has_oxford_affiliation,paper_affiliation_score,paper_time_score,paper_name_score,doi,work_type,cited_by_count,language,is_oa,oa_status,oa_url,landing_page_url,pdf_url,source_id,source_name,source_type,source_is_oa,source_issn_l,volume,issue,first_page,last_page,institutions_distinct_count,countries_distinct_count,topics_json,primary_topic_json,snapshot_source
1,Shehab Abid,A5067198561,https://openalex.org/A5067198561,Shehab Abid,0.9,high,local:22741e2e5c0e166e,Association of multimorbidity and disease clusters with neuroimaging and cognitive outcomes in UK Biobank.,2025.0,2025-01-01,Shehab Abid,,,high,0.88,Bundled staff-profile publication; high person-level OpenAlex match; publication has DOI or year evidence.,,,,,,Journal article,0,,,,,https://www.ndph.ox.ac.uk/publications/2126961,,,J Prev Alzheimers Dis,Journal article,,,,,,,1,1,[],{},staff_recent_publications_json
1,Shehab Abid,A5067198561,https://openalex.org/A5067198561,Shehab Abid,0.9,high,local:fb93c104ea4c2b0a,Burden and Predictors of Statin Use for Primary and Secondary Prevention of Cardiovascular Disease in Bangladesh: Evidence from a Nationally Representative Survey.,2025.0,2025-01-01,Shehab Abid,,,high,0.88,Bundled staff-profile publication; high person-level OpenAlex match; publication has DOI or year evidence.,,,,,,Journal article,0,,,,,https://www.ndph.ox.ac.uk/publications/2094511,,,Glob Heart,Journal article,,,,,,,1,1,[],{},staff_recent_publications_json
1,Shehab Abid,A5067198561,https://openalex.org/A5067198561,Shehab Abid,0.9,high,local:f04e6069441d8e4e,Association of Metabolic Syndrome With Neuroimaging and Cognitive Outcomes in the UK Biobank.,2024.0,2024-01-01,Shehab Abid,,,high,0.88,Bundled staff-profile publication; high person-level OpenAlex match; publication has DOI or year evidence.,,,,,,Journal article,0,,,,,https://www.ndph.ox.ac.uk/publications/1997554,,,Diabetes Care,Journal article,,,,,,,1,1,[],{},staff_recent_publications_json
1,Shehab Abid,A5067198561,https://openalex.org/A5067198561,Shehab Abid,0.9,high,local:d2a14d221840df79,Assessment of ten-year cardiovascular disease risk in Bangladesh: A comparative analysis of laboratory and non-laboratory-based WHO risk prediction models,2024.0,2024-01-01,Shehab Abid,,,high,0.88,Bundled staff-profile publication; high person-level OpenAlex match; publication has DOI or year evidence.,,,,,,Preprint,0,,,,,https://www.ndph.ox.ac.uk/publications/2043837,,,,Preprint,,,,,,,1,1,[],{},staff_recent_publications_json
1,Shehab Abid,A5067198561,https://openalex.org/A5067198561,Shehab Abid,0.9,high,local:bb3d74aa19df0607,Salt intake across the hypertension care cascade in the Bangladeshi adult population: a nationally representative cross-sectional study.,2024.0,2024-01-01,Shehab Abid,,,high,0.88,Bundled staff-profile publication; high person-level OpenAlex match; publication has DOI or year evidence.,,,,,,Journal article,0,,,,,https://www.ndph.ox.ac.uk/publications/2043836,,,BMJ Open,Journal article,,,,,,,1,1,[],{},staff_recent_publications_json
4,Diego Aguilar Ramirez,A5069845060,https://openalex.org/A5069845060,Diego Aguilar Ramirez,0.9,high,local:8e5ecaf3abbde096,A Mendelian randomization study of the effect of body mass index on 52 causes of death among 125 000 Mexican adults with admixed ancestry.,2025.0,2025-01-01,Diego Aguilar Ramirez,,,high,0.88,Bundled staff-profile publication; high person-level OpenAlex match; publication has DOI or year evidence.,,,,,,Journal article,0,,,,,https://www.ndph.ox.ac.uk/publications/2127954,,,Int J Epidemiol,Journal article,,,,,,,1,1,[],{},staff_recent_publications_json
4,Diego Aguilar Ramirez,A5069845060,https://openalex.org/A5069845060,Diego Aguilar Ramirez,0.9,high,local:4a94cef26762b4b9,Type 2 diabetes and cause-specific mortality in Mexico City: a Mendelian randomisation analysis.,2025.0,2025-01-01,Diego Aguilar Ramirez,,,high,0.88,Bundled staff-profile publication; high person-level OpenAlex match; publication has DOI or year evidence.,,,,,,Journal article,0,,,,,https://www.ndph.ox.ac.uk/publications/2095268,,,Lancet Reg Health Am,Journal article,,,,,,,1,1,[],{},staff_recent_publications_json
4,Diego Aguilar Ramirez,A5069845060,https://openalex.org/A5069845060,Diego Aguilar Ramirez,0.9,high,local:bd171ba0f2dffa5d,Cognitive impairment at older ages among 8000 men and women living in Mexico City: a cross-sectional analyses of a prospective study.,2024.0,2024-01-01,Diego Aguilar Ramirez,,,high,0.88,Bundled staff-profile publication; high person-level OpenAlex match; publication has DOI or year evidence.,,,,,,Journal article,0,,,,,https://www.ndph.ox.ac.uk/publications/2073899,,,BMC Public Health,Journal article,,,,,,,1,1,[],{},staff_recent_publications_json
4,Diego Aguilar Ramirez,A5069845060,https://openalex.org/A5069845060,Diego Aguilar Ramirez,0.9,high,local:e546bc834fa52a35,Alcohol and mortality in Mexico: prospective study of 150 000 adults.,2024.0,2024-01-01,Diego Aguilar Ramirez,,,high,0.88,Bundled staff-profile publication; high person-level OpenAlex match; publication has DOI or year evidence.,,,,,,Journal article,0,,,,,https://www.ndph.ox.ac.uk/publications/2054759,,,Lancet Public Health,Journal article,,,,,,,1,1,[],{},staff_recent_publications_json
4,Diego Aguilar Ramirez,A5069845060,https://openalex.org/A5069845060,Diego Aguilar Ramirez,0.9,high,local:23d06e889286c34e,"Multinational evaluation of anthropometric age (AnthropoAge) as a measure of biological age in the USA, England, Mexico, Costa Rica, and China: a population-based longitudinal study",2024.0,2024-01-01,Diego Aguilar Ramirez,,,high,0.88,Bundled staff-profile publication; high person-level OpenAlex match; publication has DOI or year evidence.,,,,,,Preprint,0,,,,,https://www.ndph.ox.ac.uk/publications/2016502,,,,Preprint,,,,,,,1,1,[],{},staff_recent_publications_json
6,Fiona Alderdice,A5087211893,https://openalex.org/A5087211893,Fiona Alderdice,0.9,high,local:7623f3e8b87b4ce5,COVID-19 and anxiety in pregnancy and postpartum: a longitudinal survey,2025.0,2025-01-01,Fiona Alderdice,,,high,0.88,Bundled staff-profile publication; high person-level OpenAlex match; publication has DOI or year evidence.,,,,,,Journal article,0,,,,,https://www.ndph.ox.ac.uk/publications/2102367,,,BMC Public Health,Journal article,,,,,,,1,1,[],{},staff_recent_publications_json
6,Fiona Alderdice,A5087211893,https://openalex.org/A5087211893,Fiona Alderdice,0.9,high,local:3958b7566ca725fb,Evaluating Overton and Altmetric as tools for tracking healthcare research use and impact on policy and practice: a descriptive study,2025.0,2025-01-01,Fiona Alderdice,,,high,0.88,Bundled staff-profile publication; high person-level OpenAlex match; publication has DOI or year evidence.,,,,,,Journal article,0,,,,,https://www.ndph.ox.ac.uk/publications/2246137,,,NIHR Open Research,Journal article,,,,,,,1,1,[],{},staff_recent_publications_json
6,Fiona Alderdice,A5087211893,https://openalex.org/A5087211893,Fiona Alderdice,0.9,high,local:b6a1bc3615b9b927,Suicidal ideation in the postpartum period: A population-based study of prevalence and risk factors using data from two national maternity surveys in England.,2025.0,2025-01-01,Fiona Alderdice,,,high,0.88,Bundled staff-profile publication; high person-level OpenAlex match; publication has DOI or year evidence.,,,,,,Journal article,0,,,,,https://www.ndph.ox.ac.uk/publications/2131704,,,J Affect Disord,Journal article,,,,,,,1,1,[],{},staff_recent_publications_json
6,Fiona Alderdice,A5087211893,https://openalex.org/A5087211893,Fiona Alderdice,0.9,high,local:2f9d08a5414fb854,Implementing routine assessment of perinatal anxiety: case studies,2025.0,2025-01-01,Fiona Alderdice,,,high,0.88,Bundled staff-profile publication; high person-level OpenAlex match; publication has DOI or year evidence.,,,,,,Journal article,0,,,,,https://www.ndph.ox.ac.uk/publications/2128202,,,Health and Social Care Delivery Research,Journal article,,,,,,,1,1,[],{},staff_recent_publications_json
6,Fiona Alderdice,A5087211893,https://openalex.org/A5087211893,Fiona Alderdice,0.9,high,local:8bd9e755201121a6,"Associations between postpartum haemorrhage, postnatal mental health and longer term mental illness: a record-linked cohort study",2025.0,2025-01-01,Fiona Alderdice,,,high,0.88,Bundled staff-profile publication; high person-level OpenAlex match; publication has DOI or year evidence.,,,,,,Journal article,0,,,,,https://www.ndph.ox.ac.uk/publications/2102072,,,Journal of Reproductive and Infant Psychology,Journal article,,,,,,,1,1,[],{},staff_recent_publications_json
7,Usama Ali,A5029469751,https://openalex.org/A5029469751,Usama Ali,0.9,high,local:dfd2584a2619667e,Long-term psychological and neurological outcomes among people with a history of non-malignant meningioma in the UK Biobank cohort,2025.0,2025-01-01,Usama Ali,,,high,0.88,Bundled staff-profile publication; high person-level OpenAlex match; publication has DOI or year evidence.,,,,,,Journal article,0,,,,,https://www.ndph.ox.ac.uk/publications/2130255,,,Neuro Oncology Advances,Journal article,,,,,,,1,1,[],{},staff_recent_publications_json
7,Usama Ali,A5029469751,https://openalex.org/A5029469751,Usama Ali,0.9,high,local:eec11363ff6c401d,"Temporal trends in the incidence of malignant and nonmalignant primary brain and central nervous system tumors by the method of diagnosis in England, 1993-2017.",2023.0,2023-01-01,Usama Ali,,,high,0.88,Bundled staff-profile publication; high person-level OpenAlex match; publication has DOI or year evidence.,,,,,,Journal article,0,,,,,https://www.ndph.ox.ac.uk/publications/1319112,,,Neuro Oncol,Journal article,,,,,,,1,1,[],{},staff_recent_publications_json
7,Usama Ali,A5029469751,https://openalex.org/A5029469751,Usama Ali,0.9,high,local:c60193f22a5c316c,External validation and recalibration of an incidental meningioma prognostic model - IMPACT: protocol for an international multicentre retrospective cohort study.,2022.0,2022-01-01,Usama Ali,,,high,0.88,Bundled staff-profile publication; high person-level OpenAlex match; publication has DOI or year evidence.,,,,,,Journal article,0,,,,,https://www.ndph.ox.ac.uk/publications/1236034,,,BMJ Open,Journal article,,,,,,,1,1,[],{},staff_recent_publications_json
7,Usama Ali,A5029469751,https://openalex.org/A5029469751,Usama Ali,0.9,high,local:f6e9757e22d17d1e,Evaluation of the implementation of the Back Skills Training (BeST) programme using online training: a cohort implementation study.,2020.0,2020-01-01,Usama Ali,,,high,0.88,Bundled staff-profile publication; high person-level OpenAlex match; publication has DOI or year evidence.,,,,,,Journal article,0,,,,,https://www.ndph.ox.ac.uk/publications/1126149,,,Physiotherapy,Journal article,,,,,,,1,1,[],{},staff_recent_publications_json
7,Usama Ali,A5029469751,https://openalex.org/A5029469751,Usama Ali,0.9,high,local:f0cd7089addea790,SURGEONS TRIAL OF PROPHYLAXIS FOR EPILEPSY IN SEIZURE NAIVE PATIENTS WITH MENINGIOMA: A RANDOMIZED CONTROLLED TRIAL (STOP 'EM),2020.0,2020-01-01,Usama Ali,,,high,0.88,Bundled staff-profile publication; high person-level OpenAlex match; publication has DOI or year evidence.,,,,,,Conference paper,0,,,,,https://www.ndph.ox.ac.uk/publications/1155933,,,NEURO-ONCOLOGY,Conference paper,,,,,,,1,1,[],{},staff_recent_publications_json
8,Naomi Allen,A5073405229,https://openalex.org/A5073405229,Naomi Allen,0.9,high,local:669fdcc5baabf5c8,Evaluation of the 4Kscore test in relation to subsequent risk of aggressive prostate cancer in the European Prospective Investigation into Cancer and Nutrition.,2025.0,2025-01-01,Naomi Allen,,,high,0.88,Bundled staff-profile publication; high person-level OpenAlex match; publication has DOI or year evidence.,,,,,,Journal article,0,,,,,https://www.ndph.ox.ac.uk/publications/2283763,,,Cancer Epidemiol Biomarkers Prev,Journal article,,,,,,,1,1,[],{},staff_recent_publications_json
8,Naomi Allen,A5073405229,https://openalex.org/A5073405229,Naomi Allen,0.9,high,local:df626cb3ab44f47c,Assessing the value of linking public health microbiology data to the UK Biobank,2025.0,2025-01-01,Naomi Allen,,,high,0.88,Bundled staff-profile publication; high person-level OpenAlex match; publication has DOI or year evidence.,,,,,,Preprint,0,,,,,https://www.ndph.ox.ac.uk/publications/2237626,,,,Preprint,,,,,,,1,1,[],{},staff_recent_publications_json
8,Naomi Allen,A5073405229,https://openalex.org/A5073405229,Naomi Allen,0.9,high,local:e88dec2b284b995c,Enhancing Health Outcomes in Linked Administrative Data: Development and Validation of an Open-Access Mapping Resource using UK Biobank,2025.0,2025-01-01,Naomi Allen,,,high,0.88,Bundled staff-profile publication; high person-level OpenAlex match; publication has DOI or year evidence.,,,,,,Conference paper,0,,,,,https://www.ndph.ox.ac.uk/publications/2133361,,,,Conference paper,,,,,,,1,1,[],{},staff_recent_publications_json
8,Naomi Allen,A5073405229,https://openalex.org/A5073405229,Naomi Allen,0.9,high,local:4e0adc2e238e48ad,Prospective evaluation of 92 protein biomarkers for early detection of endometrial cancer.,2025.0,2025-01-01,Naomi Allen,,,high,0.88,Bundled staff-profile publication; high person-level OpenAlex match; publication has DOI or year evidence.,,,,,,Journal article,0,,,,,https://www.ndph.ox.ac.uk/publications/2117937,,,International journal of cancer,Journal article,,,,,,,1,1,[],{},staff_recent_publications_json
8,Naomi Allen,A5073405229,https://openalex.org/A5073405229,Naomi Allen,0.9,high,local:d9398cf3c8ac6c10,"Role of primary and secondary care data in atrial fibrillation ascertainment: impact on risk factor associations, patient management, and mortality in UK Biobank.",2025.0,2025-01-01,Naomi Allen,,,high,0.88,Bundled staff-profile publication; high person-level OpenAlex match; publication has DOI or year evidence.,,,,,,Journal article,0,,,,,https://www.ndph.ox.ac.uk/publications/2084149,,,Europace,Journal article,,,,,,,1,1,[],{},staff_recent_publications_json
9,Ben Allin,A5039642029,https://openalex.org/A5039642029,Ben Allin,0.45,low,local:3454824cf8f88535,"The patient's outcome, not the surgeon's opinion, defines surgical success.",2024.0,2024-01-01,Ben Allin,,,low,0.48,Bundled staff-profile publication with weak or missing person/paper evidence.,,,,,,Journal article,0,,,,,https://www.ndph.ox.ac.uk/publications/2036189,,,Arch Dis Child,Journal article,,,,,,,1,1,[],{},staff_recent_publications_json
9,Ben Allin,A5039642029,https://openalex.org/A5039642029,Ben Allin,0.45,low,local:10238f89d641168e,Place of birth and postnatal transfers in infants with congenital diaphragmatic hernia in England and Wales: a descriptive observational cohort study.,2024.0,2024-01-01,Ben Allin,,,low,0.48,Bundled staff-profile publication with weak or missing person/paper evidence.,,,,,,Journal article,0,,,,,https://www.ndph.ox.ac.uk/publications/1655445,,,Arch Dis Child Fetal Neonatal Ed,Journal article,,,,,,,1,1,[],{},staff_recent_publications_json
9,Ben Allin,A5039642029,https://openalex.org/A5039642029,Ben Allin,0.45,low,local:5dc02f8a5eb8f365,Defining treatment success in children with surgical conditions.,2023.0,2023-01-01,Ben Allin,,,low,0.48,Bundled staff-profile publication with weak or missing person/paper evidence.,,,,,,Journal article,0,,,,,https://www.ndph.ox.ac.uk/publications/1588472,,,Arch Dis Child,Journal article,,,,,,,1,1,[],{},staff_recent_publications_json
9,Ben Allin,A5039642029,https://openalex.org/A5039642029,Ben Allin,0.45,low,local:a8cfadc7e1c581dd,"Development Methodology, Availability, and Implementation of Core Outcome Sets in Pediatric Surgery.",2023.0,2023-01-01,Ben Allin,,,low,0.48,Bundled staff-profile publication with weak or missing person/paper evidence.,,,,,,Journal article,0,,,,,https://www.ndph.ox.ac.uk/publications/1554196,,,Eur J Pediatr Surg,Journal article,,,,,,,1,1,[],{},staff_recent_publications_json
9,Ben Allin,A5039642029,https://openalex.org/A5039642029,Ben Allin,0.45,low,local:a81d589c6d6c708d,Using stated-preferences methods to develop a summary metric to determine successful treatment of children with a surgical condition: a study protocol.,2022.0,2022-01-01,Ben Allin,,,low,0.48,Bundled staff-profile publication with weak or missing person/paper evidence.,,,,,,Journal article,0,,,,,https://www.ndph.ox.ac.uk/publications/1261846,,,BMJ Open,Journal article,,,,,,,1,1,[],{},staff_recent_publications_json
10,James Altunkaya,A5007265688,https://openalex.org/A5007265688,James Altunkaya,0.9,high,local:ca4ca1d13a9b829d,The Impact of Unrelated Future Medical Costs on Economic Evaluation Outcomes for Different Models of Diabetes.,2024.0,2024-01-01,James Altunkaya,,,high,0.88,Bundled staff-profile publication; high person-level OpenAlex match; publication has DOI or year evidence.,,,,,,Journal article,0,,,,,https://www.ndph.ox.ac.uk/publications/2031286,,,Appl Health Econ Health Policy,Journal article,,,,,,,1,1,[],{},staff_recent_publications_json
10,James Altunkaya,A5007265688,https://openalex.org/A5007265688,James Altunkaya,0.9,high,local:53bc3ee2a63c2186,Examining the Impact of Structural Uncertainty Across 10 Type 2 Diabetes Models: Results From the 2022 Mount Hood Challenge.,2024.0,2024-01-01,James Altunkaya,,,high,0.88,Bundled staff-profile publication; high person-level OpenAlex match; publication has DOI or year evidence.,,,,,,Journal article,0,,,,,https://www.ndph.ox.ac.uk/publications/2013891,,,Value Health,Journal article,,,,,,,1,1,[],{},staff_recent_publications_json
10,James Altunkaya,A5007265688,https://openalex.org/A5007265688,James Altunkaya,0.9,high,local:6c7f374e28829b85,Associations between BMI and hospital resource use in patients hospitalised for COVID-19 in England: a community-based cohort study.,2024.0,2024-01-01,James Altunkaya,,,high,0.88,Bundled staff-profile publication; high person-level OpenAlex match; publication has DOI or year evidence.,,,,,,Journal article,0,,,,,https://www.ndph.ox.ac.uk/publications/1998187,,,Lancet Diabetes Endocrinol,Journal article,,,,,,,1,1,[],{},staff_recent_publications_json
10,James Altunkaya,A5007265688,https://openalex.org/A5007265688,James Altunkaya,0.9,high,local:a11e48f1e8f901d3,Potential Value of Identifying Type 2 Diabetes Subgroups for Guiding Intensive Treatment: A Comparison of Novel Data-Driven Clustering With Risk-Driven Subgroups.,2023.0,2023-01-01,James Altunkaya,,,high,0.88,Bundled staff-profile publication; high person-level OpenAlex match; publication has DOI or year evidence.,,,,,,Journal article,0,,,,,https://www.ndph.ox.ac.uk/publications/1340562,,,Diabetes Care,Journal article,,,,,,,1,1,[],{},staff_recent_publications_json
10,James Altunkaya,A5007265688,https://openalex.org/A5007265688,James Altunkaya,0.9,high,local:f3dc08b3ab957105,THE POTENTIAL VALUE OF IDENTIFYING TYPE 2 DIABETES SUBGROUPS IN THE CPRD COHORT FOR GUIDING INTENSIVE TREATMENT: A HTX STUDY COMPARING NOVEL DATA-DRIVEN CLUSTERING TO TRADITIONAL RISK-DRIVEN SUBGROUPS,2023.0,2023-01-01,James Altunkaya,,,high,0.88,Bundled staff-profile publication; high person-level OpenAlex match; publication has DOI or year evidence.,,,,,,Conference paper,0,,,,,https://www.ndph.ox.ac.uk/publications/2104535,,,VALUE IN HEALTH,Conference paper,,,,,,,1,1,[],{},staff_recent_publications_json
12,Harindra Amarasinge,,,Harindra Amarasinge,0.45,low,local:89450158c8bdd308,Mapping the epigenomic landscape of human monocytes following innate immune activation reveals context-specific mechanisms driving endotoxin tolerance.,2023.0,2023-01-01,Harindra Amarasinge,,,low,0.48,Bundled staff-profile publication with weak or missing person/paper evidence.,,,,,,Journal article,0,,,,,https://www.ndph.ox.ac.uk/publications/1547181,,,BMC Genomics,Journal article,,,,,,,1,1,[],{},staff_recent_publications_json
12,Harindra Amarasinge,,,Harindra Amarasinge,0.45,low,local:7acadcea90a1d95d,Epigenomic analysis reveals a dynamic and context-specific macrophage enhancer landscape associated with innate immune activation and tolerance.,2022.0,2022-01-01,Harindra Amarasinge,,,low,0.48,Bundled staff-profile publication with weak or missing person/paper evidence.,,,,,,Journal article,0,,,,,https://www.ndph.ox.ac.uk/publications/1265714,,,Genome Biol,Journal article,,,,,,,1,1,[],{},staff_recent_publications_json
12,Harindra Amarasinge,,,Harindra Amarasinge,0.45,low,local:baa072fb79108901,Clinico-biological significance of DNA methylation in chronic lymphocytic leukaemia patients: results from three UK clinical trials,2020.0,2020-01-01,Harindra Amarasinge,,,low,0.48,Bundled staff-profile publication with weak or missing person/paper evidence.,,,,,,Conference paper,0,,,,,https://www.ndph.ox.ac.uk/publications/1112338,,,LEUKEMIA & LYMPHOMA,Conference paper,,,,,,,1,1,[],{},staff_recent_publications_json
12,Harindra Amarasinge,,,Harindra Amarasinge,0.45,low,local:ef5d1a56f2f19d90,The clinical importance of DNA methylation signatures in chronic lymphocytic leukemia patients treated with chemo-immunotherapy,2018.0,2018-01-01,Harindra Amarasinge,,,low,0.48,Bundled staff-profile publication with weak or missing person/paper evidence.,,,,,,Conference paper,0,,,,,https://www.ndph.ox.ac.uk/publications/1026953,,,CANCER RESEARCH,Conference paper,,,,,,,1,1,[],{},staff_recent_publications_json
12,Harindra Amarasinge,,,Harindra Amarasinge,0.45,low,local:71599bb871810fae,"Allele specific expression and methylation in the bumblebee,Bombus terrestris",2017.0,2017-01-01,Harindra Amarasinge,,,low,0.48,Bundled staff-profile publication with weak or missing person/paper evidence.,,,,,,Journal article,0,,,,,https://www.ndph.ox.ac.uk/publications/2020417,,,PeerJ,Journal article,,,,,,,1,1,[],{},staff_recent_publications_json
14,Najaf Amin,A5004324001,https://openalex.org/A5004324001,Najaf Amin,0.9,high,local:b17dce478f4b106b,Machine learning in Alzheimer's disease genetics.,2025.0,2025-01-01,Najaf Amin,,,high,0.88,Bundled staff-profile publication; high person-level OpenAlex match; publication has DOI or year evidence.,,,,,,Journal article,0,,,,,https://www.ndph.ox.ac.uk/publications/2247449,,,Nat Commun,Journal article,,,,,,,1,1,[],{},staff_recent_publications_json
14,Najaf Amin,A5004324001,https://openalex.org/A5004324001,Najaf Amin,0.9,high,local:c422ecb4e79b573a,"Neuroticism, omega-3 fatty acids, and risk of incident dementia.",2025.0,2025-01-01,Najaf Amin,,,high,0.88,Bundled staff-profile publication; high person-level OpenAlex match; publication has DOI or year evidence.,,,,,,Journal article,0,,,,,https://www.ndph.ox.ac.uk/publications/2131604,,,J Affect Disord,Journal article,,,,,,,1,1,[],{},staff_recent_publications_json
14,Najaf Amin,A5004324001,https://openalex.org/A5004324001,Najaf Amin,0.9,high,local:c74104a97fcc8d32,APOE stratified genome-wide association studies provide novel insights into the genetic etiology of Alzheimers's disease.,2025.0,2025-01-01,Najaf Amin,,,high,0.88,Bundled staff-profile publication; high person-level OpenAlex match; publication has DOI or year evidence.,,,,,,Preprint,0,,,,,https://www.ndph.ox.ac.uk/publications/2124825,,,,Preprint,,,,,,,1,1,[],{},staff_recent_publications_json
14,Najaf Amin,A5004324001,https://openalex.org/A5004324001,Najaf Amin,0.9,high,local:75a052c5ddf51e6d,A rare variant in <i>GPR156</i> associated with depression in a Mennonite pedigree causes habenula hyperactivity and stress sensitivity in mice.,2025.0,2025-01-01,Najaf Amin,,,high,0.88,Bundled staff-profile publication; high person-level OpenAlex match; publication has DOI or year evidence.,,,,,,Journal article,0,,,,,https://www.ndph.ox.ac.uk/publications/2124650,,,Proceedings of the National Academy of Sciences of the United States of America,Journal article,,,,,,,1,1,[],{},staff_recent_publications_json
14,Najaf Amin,A5004324001,https://openalex.org/A5004324001,Najaf Amin,0.9,high,local:eee47324cb0703b6,Integrating the environmental and genetic architectures of aging and mortality.,2025.0,2025-01-01,Najaf Amin,,,high,0.88,Bundled staff-profile publication; high person-level OpenAlex match; publication has DOI or year evidence.,,,,,,Journal article,0,,,,,https://www.ndph.ox.ac.uk/publications/2090908,,,Nat Med,Journal article,,,,,,,1,1,[],{},staff_recent_publications_json
18,Xiang Ao,A5076128975,https://openalex.org/A5076128975,Xiang Ao,0.9,high,local:b4dd51929231193a,Does polycentric regional development promote economic resilience? Empirical evidence from urban agglomerations in China,2025.0,2025-01-01,Xiang Ao,,,high,0.88,Bundled staff-profile publication; high person-level OpenAlex match; publication has DOI or year evidence.,,,,,,Journal article,0,,,,,https://www.ndph.ox.ac.uk/publications/2110614,,,JOURNAL OF ECONOMIC GEOGRAPHY,Journal article,,,,,,,1,1,[],{},staff_recent_publications_json
19,Andrea Aparicio Castro,A5009308391,https://openalex.org/A5009308391,Andrea Aparicio Castro,0.45,low,local:fb75ea67c05e4e86,"Estimating and conditional forecasting bilateral migration flows between South America and Europe, 1985-2050",2025.0,2025-01-01,Andrea Aparicio Castro,,,low,0.48,Bundled staff-profile publication with weak or missing person/paper evidence.,,,,,,Journal article,0,,,,,https://www.ndph.ox.ac.uk/publications/2133065,,,International Migration Review,Journal article,,,,,,,1,1,[],{},staff_recent_publications_json
19,Andrea Aparicio Castro,A5009308391,https://openalex.org/A5009308391,Andrea Aparicio Castro,0.45,low,local:0f397be1edec85b1,The Economic Impact of the COVID-19 Pandemic on Ethnic Minorities in Manchester,2024.0,2024-01-01,Andrea Aparicio Castro,,,low,0.48,Bundled staff-profile publication with weak or missing person/paper evidence.,,,,,,Journal article,0,,,,,https://www.ndph.ox.ac.uk/publications/2133059,,,SSRN Electronic Journal,Journal article,,,,,,,1,1,[],{},staff_recent_publications_json
19,Andrea Aparicio Castro,A5009308391,https://openalex.org/A5009308391,Andrea Aparicio Castro,0.45,low,local:d037c4b3c88db644,A Bayesian approach to estimate annual bilateral migration flows for South America using census data,2024.0,2024-01-01,Andrea Aparicio Castro,,,low,0.48,Bundled staff-profile publication with weak or missing person/paper evidence.,,,,,,Journal article,0,,,,,https://www.ndph.ox.ac.uk/publications/2133058,,,Journal of the Royal Statistical Society Series A Statistics in Society,Journal article,,,,,,,1,1,[],{},staff_recent_publications_json
19,Andrea Aparicio Castro,A5009308391,https://openalex.org/A5009308391,Andrea Aparicio Castro,0.45,low,local:df6548d614fa93f6,"Revista Ciudades, Estados y Política",2024.0,2024-01-01,Andrea Aparicio Castro,,,low,0.48,Bundled staff-profile publication with weak or missing person/paper evidence.,,,,,,Journal article,0,,,,,https://www.ndph.ox.ac.uk/publications/2133063,,,,Journal article,,,,,,,1,1,[],{},staff_recent_publications_json
19,Andrea Aparicio Castro,A5009308391,https://openalex.org/A5009308391,Andrea Aparicio Castro,0.45,low,local:f160552a2383d151,The economic impact of the COVID-19 pandemic on ethnic minorities in Manchester: lessons from the early stage of the pandemic,2023.0,2023-01-01,Andrea Aparicio Castro,,,low,0.48,Bundled staff-profile publication with weak or missing person/paper evidence.,,,,,,Journal article,0,,,,,https://www.ndph.ox.ac.uk/publications/2133060,,,Frontiers in Sociology,Journal article,,,,,,,1,1,[],{},staff_recent_publications_json
21,Jane Armitage,A5025156367,https://openalex.org/A5025156367,Jane Armitage,0.72,medium,local:2b6ad60e825d7eb4,Cost-effectiveness of fenofibrate versus standard care for reducing the progression of diabetic retinopathy: An economic evaluation based on data from the LENS trial.,2025.0,2025-01-01,Jane Armitage,,,medium,0.7,Bundled staff-profile publication; person-level match is credible but paper-level OpenAlex affiliation evidence is not available in the snapshot cache.,,,,,,Journal article,0,,,,,https://www.ndph.ox.ac.uk/publications/2128101,,,Diabet Med,Journal article,,,,,,,1,1,[],{},staff_recent_publications_json
21,Jane Armitage,A5025156367,https://openalex.org/A5025156367,Jane Armitage,0.72,medium,local:ce30ebae53199636,Effect of supplementation with vitamin D on biochemical markers of iron status and erythropoiesis in older people: BEST-D trial.,2025.0,2025-01-01,Jane Armitage,,,medium,0.7,Bundled staff-profile publication; person-level match is credible but paper-level OpenAlex affiliation evidence is not available in the snapshot cache.,,,,,,Journal article,0,,,,,https://www.ndph.ox.ac.uk/publications/2127741,,,Br J Nutr,Journal article,,,,,,,1,1,[],{},staff_recent_publications_json
21,Jane Armitage,A5025156367,https://openalex.org/A5025156367,Jane Armitage,0.72,medium,local:55515e6d7754039f,Experience of linking to the NHS diabetic eye screening programme records in the ASCEND-eye randomized trial and recommendations for improvement.,2025.0,2025-01-01,Jane Armitage,,,medium,0.7,Bundled staff-profile publication; person-level match is credible but paper-level OpenAlex affiliation evidence is not available in the snapshot cache.,,,,,,Journal article,0,,,,,https://www.ndph.ox.ac.uk/publications/2101436,,,Contemp Clin Trials Commun,Journal article,,,,,,,1,1,[],{},staff_recent_publications_json
21,Jane Armitage,A5025156367,https://openalex.org/A5025156367,Jane Armitage,0.72,medium,local:3a9f01c9c9df3af7,Correction: Optimum dose of vitamin D for disease prevention in older people: BEST-D trial of vitamin D in primary care.,2025.0,2025-01-01,Jane Armitage,,,medium,0.7,Bundled staff-profile publication; person-level match is credible but paper-level OpenAlex affiliation evidence is not available in the snapshot cache.,,,,,,Journal article,0,,,,,https://www.ndph.ox.ac.uk/publications/2127358,,,Osteoporos Int,Journal article,,,,,,,1,1,[],{},staff_recent_publications_json
21,Jane Armitage,A5025156367,https://openalex.org/A5025156367,Jane Armitage,0.72,medium,local:6e1e94f255ef00e9,Effects of aspirin and omega-3 fatty acids on age-related macular degeneration in ASCEND-Eye: a randomised placebo-controlled trial in a population with diabetes.,2025.0,2025-01-01,Jane Armitage,,,medium,0.7,Bundled staff-profile publication; person-level match is credible but paper-level OpenAlex affiliation evidence is not available in the snapshot cache.,,,,,,Journal article,0,,,,,https://www.ndph.ox.ac.uk/publications/2077095,,,BMJ Open,Journal article,,,,,,,1,1,[],{},staff_recent_publications_json
25,Shayan Aryannezhad,A5010466507,https://openalex.org/A5010466507,Shayan Aryannezhad,0.45,low,local:413fffeed1ecb287,"Combined associations of physical activity, diet quality and their trajectories with incidence of diabetes and cardiovascular diseases in the EPIC-Norfolk Study.",2025.0,2025-01-01,Shayan Aryannezhad,,,low,0.48,Bundled staff-profile publication with weak or missing person/paper evidence.,,,,,,Journal article,0,,,,,https://www.ndph.ox.ac.uk/publications/2121155,,,Scientific reports,Journal article,,,,,,,1,1,[],{},staff_recent_publications_json
25,Shayan Aryannezhad,A5010466507,https://openalex.org/A5010466507,Shayan Aryannezhad,0.45,low,local:e1952d531f30dc6f,"Combined associations of physical activity, diet quality and their changes over time with mortality: findings from the EPIC-Norfolk study, United Kingdom",2024.0,2024-01-01,Shayan Aryannezhad,,,low,0.48,Bundled staff-profile publication with weak or missing person/paper evidence.,,,,,,Journal article,0,,,,,https://www.ndph.ox.ac.uk/publications/2078519,,,BMC Medicine,Journal article,,,,,,,1,1,[],{},staff_recent_publications_json
25,Shayan Aryannezhad,A5010466507,https://openalex.org/A5010466507,Shayan Aryannezhad,0.45,low,local:a470cd84c789799e,Longitudinal changes in diet quality and physical activity in relation to changes in adiposity among UK adults: the Fenland Study,2024.0,2024-01-01,Shayan Aryannezhad,,,low,0.48,Bundled staff-profile publication with weak or missing person/paper evidence.,,,,,,Conference paper,0,,,,,https://www.ndph.ox.ac.uk/publications/2078523,,,48 (Suppl 2),Conference paper,,,,,,,1,1,[],{},staff_recent_publications_json
25,Shayan Aryannezhad,A5010466507,https://openalex.org/A5010466507,Shayan Aryannezhad,0.45,low,local:1f711e0ed22231aa,The Separate and Combined Associations of Physical Activity and Diet Quality and Their Changes over Time with Mortality: Findings from the EPIC-Norfolk Prospective Cohort Study,2024.0,2024-01-01,Shayan Aryannezhad,,,low,0.48,Bundled staff-profile publication with weak or missing person/paper evidence.,,,,,,Conference paper,0,,,,,https://www.ndph.ox.ac.uk/publications/2078521,,,The 14th European Nutrition Conference FENS 2023,Conference paper,,,,,,,1,1,[],{},staff_recent_publications_json
25,Shayan Aryannezhad,A5010466507,https://openalex.org/A5010466507,Shayan Aryannezhad,0.45,low,local:32ad1bc54f095d9a,"The association of the age, period, and birth cohort with 15-year changes in body mass index and waist circumference in adults: Tehran lipid and glucose study (TLGS).",2022.0,2022-01-01,Shayan Aryannezhad,,,low,0.48,Bundled staff-profile publication with weak or missing person/paper evidence.,,,,,,Journal article,0,,,,,https://www.ndph.ox.ac.uk/publications/2078514,,,BMC public health,Journal article,,,,,,,1,1,[],{},staff_recent_publications_json
28,Daniel Avery,A5006988878,https://openalex.org/A5006988878,Daniel Avery,0.9,high,local:ea289e92bdd44b10,Proteome-Wide Genetic Study in East Asians and Europeans Identified Multiple Therapeutic Targets for Ischemic Stroke.,2025.0,2025-01-01,Daniel Avery,,,high,0.88,Bundled staff-profile publication; high person-level OpenAlex match; publication has DOI or year evidence.,,,,,,Journal article,0,,,,,https://www.ndph.ox.ac.uk/publications/2120784,,,Stroke,Journal article,,,,,,,1,1,[],{},staff_recent_publications_json
28,Daniel Avery,A5006988878,https://openalex.org/A5006988878,Daniel Avery,0.9,high,local:1144abc8441628c6,Causal Relevance of Lp(a) for Coronary Heart Disease and Stroke Types in East Asian and European Ancestry Populations: A Mendelian Randomization Study.,2025.0,2025-01-01,Daniel Avery,,,high,0.88,Bundled staff-profile publication; high person-level OpenAlex match; publication has DOI or year evidence.,,,,,,Journal article,0,,,,,https://www.ndph.ox.ac.uk/publications/2098981,,,Circulation,Journal article,,,,,,,1,1,[],{},staff_recent_publications_json
28,Daniel Avery,A5006988878,https://openalex.org/A5006988878,Daniel Avery,0.9,high,local:721f9febc524fdd8,Comparative studies of 2168 plasma proteins measured by two affinity-based platforms in 4000 Chinese adults.,2025.0,2025-01-01,Daniel Avery,,,high,0.88,Bundled staff-profile publication; high person-level OpenAlex match; publication has DOI or year evidence.,,,,,,Journal article,0,,,,,https://www.ndph.ox.ac.uk/publications/2091203,,,Nat Commun,Journal article,,,,,,,1,1,[],{},staff_recent_publications_json
28,Daniel Avery,A5006988878,https://openalex.org/A5006988878,Daniel Avery,0.9,high,local:75d820cf3ad030ff,Predictive value of 8-year blood pressure measures in intracerebral haemorrhage risk over 5 years.,2024.0,2024-01-01,Daniel Avery,,,high,0.88,Bundled staff-profile publication; high person-level OpenAlex match; publication has DOI or year evidence.,,,,,,Journal article,0,,,,,https://www.ndph.ox.ac.uk/publications/1991090,,,Eur J Prev Cardiol,Journal article,,,,,,,1,1,[],{},staff_recent_publications_json
28,Daniel Avery,A5006988878,https://openalex.org/A5006988878,Daniel Avery,0.9,high,local:956d859452e9d41b,Modelling personal temperature exposure using household and outdoor temperature and questionnaire data: Implications for epidemiological studies.,2024.0,2024-01-01,Daniel Avery,,,high,0.88,Bundled staff-profile publication; high person-level OpenAlex match; publication has DOI or year evidence.,,,,,,Journal article,0,,,,,https://www.ndph.ox.ac.uk/publications/2036876,,,Environ Int,Journal article,,,,,,,1,1,[],{},staff_recent_publications_json
29,Philip Awadalla,A5005537625,https://openalex.org/A5005537625,Philip Awadalla,0.9,high,local:6f2098bff2358c16,"Cohort profile: the CARTaGENE Cohort Nutrition Study (Quebec, Canada).",2024.0,2024-01-01,Philip Awadalla,,,high,0.88,Bundled staff-profile publication; high person-level OpenAlex match; publication has DOI or year evidence.,,,,,,Journal article,0,,,,,https://www.ndph.ox.ac.uk/publications/2062449,,,BMJ Open,Journal article,,,,,,,1,1,[],{},staff_recent_publications_json
29,Philip Awadalla,A5005537625,https://openalex.org/A5005537625,Philip Awadalla,0.9,high,local:663b15e7648fdbf9,Canada's approach to SARS-CoV-2 sero-surveillance: Lessons learned for routine surveillance and future pandemics.,2024.0,2024-01-01,Philip Awadalla,,,high,0.88,Bundled staff-profile publication; high person-level OpenAlex match; publication has DOI or year evidence.,,,,,,Journal article,0,,,,,https://www.ndph.ox.ac.uk/publications/2062438,,,Can J Public Health,Journal article,,,,,,,1,1,[],{},staff_recent_publications_json
29,Philip Awadalla,A5005537625,https://openalex.org/A5005537625,Philip Awadalla,0.9,high,local:2c1bac27fb066c24,An assessment of the genomic structural variation landscape in Sub-Saharan African populations.,2024.0,2024-01-01,Philip Awadalla,,,high,0.88,Bundled staff-profile publication; high person-level OpenAlex match; publication has DOI or year evidence.,,,,,,Journal article,0,,,,,https://www.ndph.ox.ac.uk/publications/2062446,,,Res Sq,Journal article,,,,,,,1,1,[],{},staff_recent_publications_json
29,Philip Awadalla,A5005537625,https://openalex.org/A5005537625,Philip Awadalla,0.9,high,local:d58bfc5995773c80,Early Changes in Tumor-Naive Cell-Free Methylomes and Fragmentomes Predict Outcomes in Pembrolizumab-Treated Solid Tumors.,2024.0,2024-01-01,Philip Awadalla,,,high,0.88,Bundled staff-profile publication; high person-level OpenAlex match; publication has DOI or year evidence.,,,,,,Journal article,0,,,,,https://www.ndph.ox.ac.uk/publications/2062439,,,Cancer Discov,Journal article,,,,,,,1,1,[],{},staff_recent_publications_json
29,Philip Awadalla,A5005537625,https://openalex.org/A5005537625,Philip Awadalla,0.9,high,local:1f6b4d90b70e469d,"Psychosocial factors, health behaviors and risk of cancer incidence: Testing interaction and effect modification in an individual participant data meta-analysis.",2024.0,2024-01-01,Philip Awadalla,,,high,0.88,Bundled staff-profile publication; high person-level OpenAlex match; publication has DOI or year evidence.,,,,,,Journal article,0,,,,,https://www.ndph.ox.ac.uk/publications/1877333,,,Int J Cancer,Journal article,,,,,,,1,1,[],{},staff_recent_publications_json
30,Colin Baigent,A5030243760,https://openalex.org/A5030243760,Colin Baigent,0.9,high,local:0a1e47cc4f53ad91,Effects of empagliflozin on quality of life and healthcare use and costs in chronic kidney disease: a health economic analysis of the EMPA-KIDNEY trial.,2025.0,2025-01-01,Colin Baigent,,,high,0.88,Bundled staff-profile publication; high person-level OpenAlex match; publication has DOI or year evidence.,,,,,,Journal article,0,,,,,https://www.ndph.ox.ac.uk/publications/2130860,,,EClinicalMedicine,Journal article,,,,,,,1,1,[],{},staff_recent_publications_json
30,Colin Baigent,A5030243760,https://openalex.org/A5030243760,Colin Baigent,0.9,high,local:9d443db8726f42b6,The potential for improving cardio-renal outcomes in chronic kidney disease with the aldosterone synthase inhibitor vicadrostat (BI 690517): a rationale for the EASi-KIDNEY trial.,2025.0,2025-01-01,Colin Baigent,,,high,0.88,Bundled staff-profile publication; high person-level OpenAlex match; publication has DOI or year evidence.,,,,,,Journal article,0,,,,,https://www.ndph.ox.ac.uk/publications/2062626,,,Nephrol Dial Transplant,Journal article,,,,,,,1,1,[],{},staff_recent_publications_json
30,Colin Baigent,A5030243760,https://openalex.org/A5030243760,Colin Baigent,0.9,high,local:6e373b8f515ca80c,Clinical Implications of Slope of GFR in Clinical Trials of CKD Progression.,2025.0,2025-01-01,Colin Baigent,,,high,0.88,Bundled staff-profile publication; high person-level OpenAlex match; publication has DOI or year evidence.,,,,,,Journal article,0,,,,,https://www.ndph.ox.ac.uk/publications/2128730,,,Clin J Am Soc Nephrol,Journal article,,,,,,,1,1,[],{},staff_recent_publications_json
30,Colin Baigent,A5030243760,https://openalex.org/A5030243760,Colin Baigent,0.9,high,local:b0189d6ce54d9360,Empagliflozin lowers serum uric acid in chronic kidney disease: exploratory analyses from the EMPA-KIDNEY trial.,2025.0,2025-01-01,Colin Baigent,,,high,0.88,Bundled staff-profile publication; high person-level OpenAlex match; publication has DOI or year evidence.,,,,,,Journal article,0,,,,,https://www.ndph.ox.ac.uk/publications/2020812,,,Nephrol Dial Transplant,Journal article,,,,,,,1,1,[],{},staff_recent_publications_json
30,Colin Baigent,A5030243760,https://openalex.org/A5030243760,Colin Baigent,0.9,high,local:9d1d678da68efc1d,Preface,2025.0,2025-01-01,Colin Baigent,,,high,0.88,Bundled staff-profile publication; high person-level OpenAlex match; publication has DOI or year evidence.,,,,,,Journal article,0,,,,,https://www.ndph.ox.ac.uk/publications/2118962,,,Proceedings of 2024 3rd International Conference on Public Health and Data Science,Journal article,,,,,,,1,1,[],{},staff_recent_publications_json
31,Krys Baker,A5017705632,https://openalex.org/A5017705632,Krys Baker,0.9,high,local:ecb6466fe2f99e80,Levothyroxine to increase live births in euthyroid women with thyroid antibodies trying to conceive: the TABLET RCT,2019.0,2019-01-01,Krys Baker,,,high,0.88,Bundled staff-profile publication; high person-level OpenAlex match; publication has DOI or year evidence.,,,,,,Journal article,0,,,,,https://www.ndph.ox.ac.uk/publications/1077049,,,,Journal article,,,,,,,1,1,[],{},staff_recent_publications_json
31,Krys Baker,A5017705632,https://openalex.org/A5017705632,Krys Baker,0.9,high,local:750fd811592b3ffd,Gene-environment interactions in 7610 women with breast cancer: Prospective evidence from the million women study,2010.0,2010-01-01,Krys Baker,,,high,0.88,Bundled staff-profile publication; high person-level OpenAlex match; publication has DOI or year evidence.,,,,,,Journal article,0,,,,,https://www.ndph.ox.ac.uk/publications/124589,,,Obstetrical and Gynecological Survey,Journal article,,,,,,,1,1,[],{},staff_recent_publications_json
31,Krys Baker,A5017705632,https://openalex.org/A5017705632,Krys Baker,0.9,high,local:e07136197734714c,Incidence of breast cancer and its subtypes in relation to individual and multiple low-penetrance genetic susceptibility loci.,2010.0,2010-01-01,Krys Baker,,,high,0.88,Bundled staff-profile publication; high person-level OpenAlex match; publication has DOI or year evidence.,,,,,,Journal article,0,,,,,https://www.ndph.ox.ac.uk/publications/65922,,,JAMA,Journal article,,,,,,,1,1,[],{},staff_recent_publications_json
31,Krys Baker,A5017705632,https://openalex.org/A5017705632,Krys Baker,0.9,high,local:4288670bd13639e2,Gene-environment interactions in 7610 women with breast cancer: prospective evidence from the Million Women Study.,2010.0,2010-01-01,Krys Baker,,,high,0.88,Bundled staff-profile publication; high person-level OpenAlex match; publication has DOI or year evidence.,,,,,,Journal article,0,,,,,https://www.ndph.ox.ac.uk/publications/65262,,,Lancet,Journal article,,,,,,,1,1,[],{},staff_recent_publications_json
31,Krys Baker,A5017705632,https://openalex.org/A5017705632,Krys Baker,0.9,high,local:406567124df60215,Levothyroxine in Preconception Women with Thyroid Peroxidase Antibodies,,,Krys Baker,,,medium,0.7,Bundled staff-profile publication; person-level match is credible but paper-level OpenAlex affiliation evidence is not available in the snapshot cache.,,,,,,Journal article,0,,,,,https://www.ndph.ox.ac.uk/publications/985727,,,,Journal article,,,,,,,1,1,[],{},staff_recent_publications_json
35,Isobel Barnes,A5074786116,https://openalex.org/A5074786116,Isobel Barnes,0.9,high,local:c9516929dbfd5a74,Sustainability insights from Late Pleistocene climate change and horse migration patterns.,2025.0,2025-01-01,Isobel Barnes,,,high,0.88,Bundled staff-profile publication; high person-level OpenAlex match; publication has DOI or year evidence.,,,,,,Journal article,0,,,,,https://www.ndph.ox.ac.uk/publications/2125702,,,Science,Journal article,,,,,,,1,1,[],{},staff_recent_publications_json
35,Isobel Barnes,A5074786116,https://openalex.org/A5074786116,Isobel Barnes,0.9,high,local:8e7f987d78cdb5dd,Facilitating high throughput collections-based genomics: a comparison of DNA extraction and library building methods.,2025.0,2025-01-01,Isobel Barnes,,,high,0.88,Bundled staff-profile publication; high person-level OpenAlex match; publication has DOI or year evidence.,,,,,,Journal article,0,,,,,https://www.ndph.ox.ac.uk/publications/2092784,,,Sci Rep,Journal article,,,,,,,1,1,[],{},staff_recent_publications_json
35,Isobel Barnes,A5074786116,https://openalex.org/A5074786116,Isobel Barnes,0.9,high,local:58a98e46be3154a9,"Diet-wide analyses for risk of colorectal cancer: prospective study of 12,251 incident cases among 542,778 women in the UK.",2025.0,2025-01-01,Isobel Barnes,,,high,0.88,Bundled staff-profile publication; high person-level OpenAlex match; publication has DOI or year evidence.,,,,,,Journal article,0,,,,,https://www.ndph.ox.ac.uk/publications/2076770,,,Nat Commun,Journal article,,,,,,,1,1,[],{},staff_recent_publications_json
35,Isobel Barnes,A5074786116,https://openalex.org/A5074786116,Isobel Barnes,0.9,high,local:c08055b6dce4543e,"Major excursions in sulfur isotopes linked to permafrost change in Eurasia during the last 50,000 years",2025.0,2025-01-01,Isobel Barnes,,,high,0.88,Bundled staff-profile publication; high person-level OpenAlex match; publication has DOI or year evidence.,,,,,,Journal article,0,,,,,https://www.ndph.ox.ac.uk/publications/2283326,,,Nature Geoscience,Journal article,,,,,,,1,1,[],{},staff_recent_publications_json
35,Isobel Barnes,A5074786116,https://openalex.org/A5074786116,Isobel Barnes,0.9,high,local:b624122b176f4f21,A comparative analysis of risk factor associations with interval and screen-detected breast cancers: A large UK prospective study.,2024.0,2024-01-01,Isobel Barnes,,,high,0.88,Bundled staff-profile publication; high person-level OpenAlex match; publication has DOI or year evidence.,,,,,,Journal article,0,,,,,https://www.ndph.ox.ac.uk/publications/1991742,,,Int J Cancer,Journal article,,,,,,,1,1,[],{},staff_recent_publications_json
40,Lazaros Belbasis,A5072332157,https://openalex.org/A5072332157,Lazaros Belbasis,0.9,high,local:971142bbd15ae183,Mendelian randomization identifies proteins involved in neurodegenerative diseases,2025.0,2025-01-01,Lazaros Belbasis,,,high,0.88,Bundled staff-profile publication; high person-level OpenAlex match; publication has DOI or year evidence.,,,,,,Journal article,0,,,,,https://www.ndph.ox.ac.uk/publications/2082891,,,Brain,Journal article,,,,,,,1,1,[],{},staff_recent_publications_json
40,Lazaros Belbasis,A5072332157,https://openalex.org/A5072332157,Lazaros Belbasis,0.9,high,local:7e4fd7c28fc900a6,A Mendelian randomization study identifies proteins involved in neurodegenerative diseases,2024.0,2024-01-01,Lazaros Belbasis,,,high,0.88,Bundled staff-profile publication; high person-level OpenAlex match; publication has DOI or year evidence.,,,,,,Preprint,0,,,,,https://www.ndph.ox.ac.uk/publications/1839764,,,,Preprint,,,,,,,1,1,[],{},staff_recent_publications_json
40,Lazaros Belbasis,A5072332157,https://openalex.org/A5072332157,Lazaros Belbasis,0.9,high,local:cc495104a7121054,Mapping and systematic appraisal of umbrella reviews in epidemiological research: a protocol for a meta-epidemiological study.,2023.0,2023-01-01,Lazaros Belbasis,,,high,0.88,Bundled staff-profile publication; high person-level OpenAlex match; publication has DOI or year evidence.,,,,,,Journal article,0,,,,,https://www.ndph.ox.ac.uk/publications/1494408,,,Syst Rev,Journal article,,,,,,,1,1,[],{},staff_recent_publications_json
40,Lazaros Belbasis,A5072332157,https://openalex.org/A5072332157,Lazaros Belbasis,0.9,high,local:9727b74e352437a1,Reproducibility of prediction models in health services research.,2022.0,2022-01-01,Lazaros Belbasis,,,high,0.88,Bundled staff-profile publication; high person-level OpenAlex match; publication has DOI or year evidence.,,,,,,Journal article,0,,,,,https://www.ndph.ox.ac.uk/publications/1305829,,,BMC Res Notes,Journal article,,,,,,,1,1,[],{},staff_recent_publications_json
40,Lazaros Belbasis,A5072332157,https://openalex.org/A5072332157,Lazaros Belbasis,0.9,high,local:59642626f117b5f3,Prognostic factors for adverse outcomes in patients with COVID-19: a field-wide systematic review and meta-analysis.,2022.0,2022-01-01,Lazaros Belbasis,,,high,0.88,Bundled staff-profile publication; high person-level OpenAlex match; publication has DOI or year evidence.,,,,,,Journal article,0,,,,,https://www.ndph.ox.ac.uk/publications/1272877,,,Eur Respir J,Journal article,,,,,,,1,1,[],{},staff_recent_publications_json
41,William Bell,A5076354428,https://openalex.org/A5076354428,William Bell,0.72,medium,local:42d3a8a5b7d0a1de,A flavonoid-rich diet is associated with a lower risk of chronic kidney disease: A prospective cohort study.,2025.0,2025-01-01,William Bell,,,medium,0.7,Bundled staff-profile publication; person-level match is credible but paper-level OpenAlex affiliation evidence is not available in the snapshot cache.,,,,,,Journal article,0,,,,,https://www.ndph.ox.ac.uk/publications/2293234,,,Clin Nutr,Journal article,,,,,,,1,1,[],{},staff_recent_publications_json
41,William Bell,A5076354428,https://openalex.org/A5076354428,William Bell,0.72,medium,local:53804b5a4723b5fe,"Risk of hypothyroidism in meat-eaters, fish-eaters, and vegetarians: a population-based prospective study.",2025.0,2025-01-01,William Bell,,,medium,0.7,Bundled staff-profile publication; person-level match is credible but paper-level OpenAlex affiliation evidence is not available in the snapshot cache.,,,,,,Journal article,0,,,,,https://www.ndph.ox.ac.uk/publications/2293237,,,BMC Med,Journal article,,,,,,,1,1,[],{},staff_recent_publications_json
41,William Bell,A5076354428,https://openalex.org/A5076354428,William Bell,0.72,medium,local:f9e6d304ec90bf51,A flavonoid-rich diet is associated with lower risk and improved imaging biomarkers of nonalcoholic fatty liver disease: a prospective cohort study,2024.0,2024-01-01,William Bell,,,medium,0.7,Bundled staff-profile publication; person-level match is credible but paper-level OpenAlex affiliation evidence is not available in the snapshot cache.,,,,,,Journal article,0,,,,,https://www.ndph.ox.ac.uk/publications/2293233,,,American Journal of Clinical Nutrition,Journal article,,,,,,,1,1,[],{},staff_recent_publications_json
41,William Bell,A5076354428,https://openalex.org/A5076354428,William Bell,0.72,medium,local:f52bafe8d2d3df9d,Association between substituting macronutrients and all-cause mortality: a network meta-analysis of prospective observational studies,2024.0,2024-01-01,William Bell,,,medium,0.7,Bundled staff-profile publication; person-level match is credible but paper-level OpenAlex affiliation evidence is not available in the snapshot cache.,,,,,,Journal article,0,,,,,https://www.ndph.ox.ac.uk/publications/2293235,,,Eclinicalmedicine,Journal article,,,,,,,1,1,[],{},staff_recent_publications_json
41,William Bell,A5076354428,https://openalex.org/A5076354428,William Bell,0.72,medium,local:16e5f57605794832,Adding salt to food at table as an indicator of gastric cancer risk among adults: a prospective study.,2024.0,2024-01-01,William Bell,,,medium,0.7,Bundled staff-profile publication; person-level match is credible but paper-level OpenAlex affiliation evidence is not available in the snapshot cache.,,,,,,Journal article,0,,,,,https://www.ndph.ox.ac.uk/publications/2293236,,,Gastric Cancer,Journal article,,,,,,,1,1,[],{},staff_recent_publications_json
42,Derrick Bennett,A5063906396,https://openalex.org/A5063906396,Derrick Bennett,0.9,high,local:d6d41c392c2119a4,"Global, regional, and national progress towards the 2030 global nutrition targets and forecasts to 2050: a systematic analysis for the Global Burden of Disease Study 2021.",2025.0,2025-01-01,Derrick Bennett,,,high,0.88,Bundled staff-profile publication; high person-level OpenAlex match; publication has DOI or year evidence.,,,,,,Journal article,0,,,,,https://www.ndph.ox.ac.uk/publications/2072690,,,Lancet,Journal article,,,,,,,1,1,[],{},staff_recent_publications_json
42,Derrick Bennett,A5063906396,https://openalex.org/A5063906396,Derrick Bennett,0.9,high,local:ea289e92bdd44b10,Proteome-Wide Genetic Study in East Asians and Europeans Identified Multiple Therapeutic Targets for Ischemic Stroke.,2025.0,2025-01-01,Derrick Bennett,,,high,0.88,Bundled staff-profile publication; high person-level OpenAlex match; publication has DOI or year evidence.,,,,,,Journal article,0,,,,,https://www.ndph.ox.ac.uk/publications/2120784,,,Stroke,Journal article,,,,,,,1,1,[],{},staff_recent_publications_json
42,Derrick Bennett,A5063906396,https://openalex.org/A5063906396,Derrick Bennett,0.9,high,local:1144abc8441628c6,Causal Relevance of Lp(a) for Coronary Heart Disease and Stroke Types in East Asian and European Ancestry Populations: A Mendelian Randomization Study.,2025.0,2025-01-01,Derrick Bennett,,,high,0.88,Bundled staff-profile publication; high person-level OpenAlex match; publication has DOI or year evidence.,,,,,,Journal article,0,,,,,https://www.ndph.ox.ac.uk/publications/2098981,,,Circulation,Journal article,,,,,,,1,1,[],{},staff_recent_publications_json
42,Derrick Bennett,A5063906396,https://openalex.org/A5063906396,Derrick Bennett,0.9,high,local:5e07a707764a1030,Association of Daily Steps with Incident Non-Alcoholic Fatty Liver Disease: Evidence from the UK Biobank Cohort.,2025.0,2025-01-01,Derrick Bennett,,,high,0.88,Bundled staff-profile publication; high person-level OpenAlex match; publication has DOI or year evidence.,,,,,,Journal article,0,,,,,https://www.ndph.ox.ac.uk/publications/2120168,,,Med Sci Sports Exerc,Journal article,,,,,,,1,1,[],{},staff_recent_publications_json
42,Derrick Bennett,A5063906396,https://openalex.org/A5063906396,Derrick Bennett,0.9,high,local:a51bed48445e6fb4,"Associations Between Snoring, Body Mass Index and Coronary Artery Diseases: Observational and Mendelian Randomization Study in Asia.",2025.0,2025-01-01,Derrick Bennett,,,high,0.88,Bundled staff-profile publication; high person-level OpenAlex match; publication has DOI or year evidence.,,,,,,Journal article,0,,,,,https://www.ndph.ox.ac.uk/publications/2084218,,,Respirology,Journal article,,,,,,,1,1,[],{},staff_recent_publications_json
44,Sophie Bertaud,A5004338001,https://openalex.org/A5004338001,Sophie Bertaud,0.9,high,local:382e1edecdd2dff1,Injustice and inequality in the provision of perinatal palliative care,2025.0,2025-01-01,Sophie Bertaud,,,high,0.88,Bundled staff-profile publication; high person-level OpenAlex match; publication has DOI or year evidence.,,,,,,Journal article,0,,,,,https://www.ndph.ox.ac.uk/publications/2128947,,,Seminars in Perinatology,Journal article,,,,,,,1,1,[],{},staff_recent_publications_json
44,Sophie Bertaud,A5004338001,https://openalex.org/A5004338001,Sophie Bertaud,0.9,high,local:9bbc21be9634b879,The heart of palliative care is relational: a scoping review of the ethics of care in palliative medicine.,2025.0,2025-01-01,Sophie Bertaud,,,high,0.88,Bundled staff-profile publication; high person-level OpenAlex match; publication has DOI or year evidence.,,,,,,Journal article,0,,,,,https://www.ndph.ox.ac.uk/publications/2129293,,,BMC Palliat Care,Journal article,,,,,,,1,1,[],{},staff_recent_publications_json
44,Sophie Bertaud,A5004338001,https://openalex.org/A5004338001,Sophie Bertaud,0.9,high,local:fdbef865ad98c894,Outcomes used to measure the clinical application of neonatal palliative and/or end-of-life care in neonatal settings: a systematic review.,2025.0,2025-01-01,Sophie Bertaud,,,high,0.88,Bundled staff-profile publication; high person-level OpenAlex match; publication has DOI or year evidence.,,,,,,Journal article,0,,,,,https://www.ndph.ox.ac.uk/publications/2082960,,,Arch Dis Child Fetal Neonatal Ed,Journal article,,,,,,,1,1,[],{},staff_recent_publications_json
44,Sophie Bertaud,A5004338001,https://openalex.org/A5004338001,Sophie Bertaud,0.9,high,local:6aad9cd83b6275ac,Recognising uncertainty: an integrated framework for palliative care in perinatal medicine.,2024.0,2024-01-01,Sophie Bertaud,,,high,0.88,Bundled staff-profile publication; high person-level OpenAlex match; publication has DOI or year evidence.,,,,,,Other,0,,,,,https://www.ndph.ox.ac.uk/publications/2015770,,,Arch Dis Child Fetal Neonatal Ed,Other,,,,,,,1,1,[],{},staff_recent_publications_json
44,Sophie Bertaud,A5004338001,https://openalex.org/A5004338001,Sophie Bertaud,0.9,high,local:f3016aebc31972f2,Recognising uncertainty: an integrated framework for palliative care in perinatal medicine,2024.0,2024-01-01,Sophie Bertaud,,,high,0.88,Bundled staff-profile publication; high person-level OpenAlex match; publication has DOI or year evidence.,,,,,,Journal article,0,,,,,https://www.ndph.ox.ac.uk/publications/2037242,,,Archives of Disease in Childhood: Fetal and Neonatal Edition,Journal article,,,,,,,1,1,[],{},staff_recent_publications_json
45,Jelena Bešević,A5026474283,https://openalex.org/A5026474283,Jelena Bešević,0.9,high,local:bf2bbb5021b9a021,UK Biobank-A Unique Resource for Discovery and Translation Research on Genetics and Neurologic Disease.,2025.0,2025-01-01,Jelena Bešević,,,high,0.88,Bundled staff-profile publication; high person-level OpenAlex match; publication has DOI or year evidence.,,,,,,Journal article,0,,,,,https://www.ndph.ox.ac.uk/publications/2079210,,,Neurol Genet,Journal article,,,,,,,1,1,[],{},staff_recent_publications_json
45,Jelena Bešević,A5026474283,https://openalex.org/A5026474283,Jelena Bešević,0.9,high,local:db80297f61b23569,Comparison of body composition measures assessed by bioelectrical impedance analysis versus dual-energy X-ray absorptiometry in the United Kingdom Biobank.,2024.0,2024-01-01,Jelena Bešević,,,high,0.88,Bundled staff-profile publication; high person-level OpenAlex match; publication has DOI or year evidence.,,,,,,Journal article,0,,,,,https://www.ndph.ox.ac.uk/publications/2011338,,,Clin Nutr ESPEN,Journal article,,,,,,,1,1,[],{},staff_recent_publications_json
45,Jelena Bešević,A5026474283,https://openalex.org/A5026474283,Jelena Bešević,0.9,high,local:48bbae0c045225a2,Waist-to-height ratio and body fat percentage as risk factors for ischemic cardiovascular disease: a prospective cohort study from UK Biobank.,2024.0,2024-01-01,Jelena Bešević,,,high,0.88,Bundled staff-profile publication; high person-level OpenAlex match; publication has DOI or year evidence.,,,,,,Journal article,0,,,,,https://www.ndph.ox.ac.uk/publications/1996474,,,Am J Clin Nutr,Journal article,,,,,,,1,1,[],{},staff_recent_publications_json
45,Jelena Bešević,A5026474283,https://openalex.org/A5026474283,Jelena Bešević,0.9,high,local:cb5e02446ca790ad,Incorporating polygenic risk into the Leicester Risk Assessment score for 10-year risk prediction of type 2 diabetes.,2024.0,2024-01-01,Jelena Bešević,,,high,0.88,Bundled staff-profile publication; high person-level OpenAlex match; publication has DOI or year evidence.,,,,,,Journal article,0,,,,,https://www.ndph.ox.ac.uk/publications/1987772,,,Diabetes Metab Syndr,Journal article,,,,,,,1,1,[],{},staff_recent_publications_json
45,Jelena Bešević,A5026474283,https://openalex.org/A5026474283,Jelena Bešević,0.9,high,local:a7bfd62e44f86b6b,Association between pre-diagnostic circulating lipid metabolites and colorectal cancer risk: a nested case-control study in the European Prospective Investigation into Cancer and Nutrition (EPIC).,2024.0,2024-01-01,Jelena Bešević,,,high,0.88,Bundled staff-profile publication; high person-level OpenAlex match; publication has DOI or year evidence.,,,,,,Journal article,0,,,,,https://www.ndph.ox.ac.uk/publications/1702398,,,EBioMedicine,Journal article,,,,,,,1,1,[],{},staff_recent_publications_json
51,Lisa Blackwell,A5065348937,https://openalex.org/A5065348937,Lisa Blackwell,0.45,low,local:29ddeefcf782557c,Effects of statin therapy on diagnoses of new-onset diabetes and worsening glycaemia in large-scale randomised blinded statin trials: an individual participant data meta-analysis.,2024.0,2024-01-01,Lisa Blackwell,,,low,0.48,Bundled staff-profile publication with weak or missing person/paper evidence.,,,,,,Journal article,0,,,,,https://www.ndph.ox.ac.uk/publications/1929630,,,Lancet Diabetes Endocrinol,Journal article,,,,,,,1,1,[],{},staff_recent_publications_json
51,Lisa Blackwell,A5065348937,https://openalex.org/A5065348937,Lisa Blackwell,0.45,low,local:a8e17e0fc03742f4,"Harmonisation of large-scale, heterogeneous individual participant adverse event data from randomised trials of statin therapy.",2022.0,2022-01-01,Lisa Blackwell,,,low,0.48,Bundled staff-profile publication with weak or missing person/paper evidence.,,,,,,Journal article,0,,,,,https://www.ndph.ox.ac.uk/publications/1260020,,,Clin Trials,Journal article,,,,,,,1,1,[],{},staff_recent_publications_json
51,Lisa Blackwell,A5065348937,https://openalex.org/A5065348937,Lisa Blackwell,0.45,low,local:d79b1e4f65825349,"Effect of statin therapy on muscle symptoms: an individual participant data meta-analysis of large-scale, randomised, double-blind trials.",2022.0,2022-01-01,Lisa Blackwell,,,low,0.48,Bundled staff-profile publication with weak or missing person/paper evidence.,,,,,,Journal article,0,,,,,https://www.ndph.ox.ac.uk/publications/1279372,,,Lancet,Journal article,,,,,,,1,1,[],{},staff_recent_publications_json
51,Lisa Blackwell,A5065348937,https://openalex.org/A5065348937,Lisa Blackwell,0.45,low,local:18708baa903fc93d,Individual participant data meta-analysis of muscle symptoms in large-scale randomised double-blind trials of statin therapy,2022.0,2022-01-01,Lisa Blackwell,,,low,0.48,Bundled staff-profile publication with weak or missing person/paper evidence.,,,,,,Journal article,0,,,,,https://www.ndph.ox.ac.uk/publications/1273381,,,The Lancet,Journal article,,,,,,,1,1,[],{},staff_recent_publications_json
51,Lisa Blackwell,A5065348937,https://openalex.org/A5065348937,Lisa Blackwell,0.45,low,local:8dbc3ed00bd188bc,Efficacy and safety of statin therapy in older people: a meta-analysis of individual participant data from 28 randomised controlled trials.,2019.0,2019-01-01,Lisa Blackwell,,,low,0.48,Bundled staff-profile publication with weak or missing person/paper evidence.,,,,,,Journal article,0,,,,,https://www.ndph.ox.ac.uk/publications/921953,,,Lancet,Journal article,,,,,,,1,1,[],{},staff_recent_publications_json
51,Lisa Blackwell,A5065348937,https://openalex.org/A5065348937,Lisa Blackwell,0.45,low,local:823b652fd53a3d2d,"Campath, calcineurin inhibitor reduction, and chronic allograft nephropathy (the 3C Study) - results of a randomized controlled clinical trial.",2018.0,2018-01-01,Lisa Blackwell,,,low,0.48,Bundled staff-profile publication with weak or missing person/paper evidence.,,,,,,Journal article,0,,,,,https://www.ndph.ox.ac.uk/publications/800923,,,Am J Transplant,Journal article,,,,,,,1,1,[],{},staff_recent_publications_json
51,Lisa Blackwell,A5065348937,https://openalex.org/A5065348937,Lisa Blackwell,0.45,low,local:13841896e6777b48,Effects of alteplase for acute stroke according to criteria defining the European Union and United States marketing authorizations: Individual-patient-data meta-analysis of randomized trials.,2018.0,2018-01-01,Lisa Blackwell,,,low,0.48,Bundled staff-profile publication with weak or missing person/paper evidence.,,,,,,Journal article,0,,,,,https://www.ndph.ox.ac.uk/publications/731600,,,Int J Stroke,Journal article,,,,,,,1,1,[],{},staff_recent_publications_json
51,Lisa Blackwell,A5065348937,https://openalex.org/A5065348937,Lisa Blackwell,0.45,low,local:3384adc781b6ac81,Interpretation of the evidence for the efficacy and safety of statin therapy.,2016.0,2016-01-01,Lisa Blackwell,,,low,0.48,Bundled staff-profile publication with weak or missing person/paper evidence.,,,,,,Journal article,0,,,,,https://www.ndph.ox.ac.uk/publications/642571,,,Lancet,Journal article,,,,,,,1,1,[],{},staff_recent_publications_json
51,Lisa Blackwell,A5065348937,https://openalex.org/A5065348937,Lisa Blackwell,0.45,low,local:99393368268aed2d,Impact of renal function on the effects of LDL cholesterol lowering with statin-based regimens: a meta-analysis of individual participant data from 28 randomised trials.,2016.0,2016-01-01,Lisa Blackwell,,,low,0.48,Bundled staff-profile publication with weak or missing person/paper evidence.,,,,,,Journal article,0,,,,,https://www.ndph.ox.ac.uk/publications/637374,,,Lancet Diabetes Endocrinol,Journal article,,,,,,,1,1,[],{},staff_recent_publications_json
51,Lisa Blackwell,A5065348937,https://openalex.org/A5065348937,Lisa Blackwell,0.45,low,local:561244257301bd16,Effects of Alteplase for Acute Stroke on the Distribution of Functional Outcomes: A Pooled Analysis of 9 Trials.,2016.0,2016-01-01,Lisa Blackwell,,,low,0.48,Bundled staff-profile publication with weak or missing person/paper evidence.,,,,,,Journal article,0,,,,,https://www.ndph.ox.ac.uk/publications/638490,,,Stroke,Journal article,,,,,,,1,1,[],{},staff_recent_publications_json
53,Genna Bobby,A5033235212,https://openalex.org/A5033235212,Genna Bobby,0.72,medium,local:6be6282bb7d45bbe,Patient and public involvement and engagement in the ASCEND PLUS trial: reflections from the design of a streamlined and decentralised clinical trial.,2024.0,2024-01-01,Genna Bobby,,,medium,0.7,Bundled staff-profile publication; person-level match is credible but paper-level OpenAlex affiliation evidence is not available in the snapshot cache.,,,,,,Journal article,0,,,,,https://www.ndph.ox.ac.uk/publications/2020687,,,Trials,Journal article,,,,,,,1,1,[],{},staff_recent_publications_json
54,Bastian Bohrmann,A5051501595,https://openalex.org/A5051501595,Bastian Bohrmann,0.9,high,local:5e21f4ddf6f6c3fd,"Reproductive factors and risk of lung cancer among 300,000 Chinese female never-smokers: evidence from the China Kadoorie Biobank study.",2024.0,2024-01-01,Bastian Bohrmann,,,high,0.88,Bundled staff-profile publication; high person-level OpenAlex match; publication has DOI or year evidence.,,,,,,Journal article,0,,,,,https://www.ndph.ox.ac.uk/publications/1839717,,,BMC Cancer,Journal article,,,,,,,1,1,[],{},staff_recent_publications_json
54,Bastian Bohrmann,A5051501595,https://openalex.org/A5051501595,Bastian Bohrmann,0.9,high,local:36241f19d32ca988,Associations of general and central adiposity with hypertension and cardiovascular disease among South Asian populations: a systematic review and meta-analysis.,2023.0,2023-01-01,Bastian Bohrmann,,,high,0.88,Bundled staff-profile publication; high person-level OpenAlex match; publication has DOI or year evidence.,,,,,,Journal article,0,,,,,https://www.ndph.ox.ac.uk/publications/1569962,,,BMJ Open,Journal article,,,,,,,1,1,[],{},staff_recent_publications_json
56,Louise Bowman,A5079958135,https://openalex.org/A5079958135,Louise Bowman,0.9,high,local:5f937382f430a3f4,"Active Monitoring for AtriaL FIbrillation (AMALFI): rationale, protocol, and pilot for a pragmatic, randomized, controlled trial of remote screening for asymptomatic atrial fibrillation.",2025.0,2025-01-01,Louise Bowman,,,high,0.88,Bundled staff-profile publication; high person-level OpenAlex match; publication has DOI or year evidence.,,,,,,Journal article,0,,,,,https://www.ndph.ox.ac.uk/publications/2244377,,,Am Heart J,Journal article,,,,,,,1,1,[],{},staff_recent_publications_json
56,Louise Bowman,A5079958135,https://openalex.org/A5079958135,Louise Bowman,0.9,high,local:55515e6d7754039f,Experience of linking to the NHS diabetic eye screening programme records in the ASCEND-eye randomized trial and recommendations for improvement.,2025.0,2025-01-01,Louise Bowman,,,high,0.88,Bundled staff-profile publication; high person-level OpenAlex match; publication has DOI or year evidence.,,,,,,Journal article,0,,,,,https://www.ndph.ox.ac.uk/publications/2101436,,,Contemp Clin Trials Commun,Journal article,,,,,,,1,1,[],{},staff_recent_publications_json
56,Louise Bowman,A5079958135,https://openalex.org/A5079958135,Louise Bowman,0.9,high,local:047f5ef1d8b3f587,Correction: Large simple randomized controlled trials-from drugs to medical devices: lessons from recent experience.,2025.0,2025-01-01,Louise Bowman,,,high,0.88,Bundled staff-profile publication; high person-level OpenAlex match; publication has DOI or year evidence.,,,,,,Journal article,0,,,,,https://www.ndph.ox.ac.uk/publications/2094198,,,Trials,Journal article,,,,,,,1,1,[],{},staff_recent_publications_json
56,Louise Bowman,A5079958135,https://openalex.org/A5079958135,Louise Bowman,0.9,high,local:6e1e94f255ef00e9,Effects of aspirin and omega-3 fatty acids on age-related macular degeneration in ASCEND-Eye: a randomised placebo-controlled trial in a population with diabetes.,2025.0,2025-01-01,Louise Bowman,,,high,0.88,Bundled staff-profile publication; high person-level OpenAlex match; publication has DOI or year evidence.,,,,,,Journal article,0,,,,,https://www.ndph.ox.ac.uk/publications/2077095,,,BMJ Open,Journal article,,,,,,,1,1,[],{},staff_recent_publications_json
56,Louise Bowman,A5079958135,https://openalex.org/A5079958135,Louise Bowman,0.9,high,local:88fb6a665946bac4,Large simple randomized controlled trials-from drugs to medical devices: lessons from recent experience.,2025.0,2025-01-01,Louise Bowman,,,high,0.88,Bundled staff-profile publication; high person-level OpenAlex match; publication has DOI or year evidence.,,,,,,Journal article,0,,,,,https://www.ndph.ox.ac.uk/publications/2080109,,,Trials,Journal article,,,,,,,1,1,[],{},staff_recent_publications_json
57,Ruth Boxall,A5064965502,https://openalex.org/A5064965502,Ruth Boxall,0.9,high,local:609d60b2fc44fb02,PCSK9 genetic variants and risk of vascular and non-vascular diseases in Chinese and UK populations.,2024.0,2024-01-01,Ruth Boxall,,,high,0.88,Bundled staff-profile publication; high person-level OpenAlex match; publication has DOI or year evidence.,,,,,,Journal article,0,,,,,https://www.ndph.ox.ac.uk/publications/1595061,,,Eur J Prev Cardiol,Journal article,,,,,,,1,1,[],{},staff_recent_publications_json
57,Ruth Boxall,A5064965502,https://openalex.org/A5064965502,Ruth Boxall,0.9,high,local:a600445e6e6b3177,bubbleHeatmap: an R package for visualization of nightingale health metabolomics datasets.,2023.0,2023-01-01,Ruth Boxall,,,high,0.88,Bundled staff-profile publication; high person-level OpenAlex match; publication has DOI or year evidence.,,,,,,Journal article,0,,,,,https://www.ndph.ox.ac.uk/publications/1536988,,,Bioinform Adv,Journal article,,,,,,,1,1,[],{},staff_recent_publications_json
57,Ruth Boxall,A5064965502,https://openalex.org/A5064965502,Ruth Boxall,0.9,high,local:b24ac17820e69809,Associations of toothbrushing behaviour with risks of vascular and nonvascular diseases in Chinese adults.,2021.0,2021-01-01,Ruth Boxall,,,high,0.88,Bundled staff-profile publication; high person-level OpenAlex match; publication has DOI or year evidence.,,,,,,Journal article,0,,,,,https://www.ndph.ox.ac.uk/publications/1182674,,,Eur J Clin Invest,Journal article,,,,,,,1,1,[],{},staff_recent_publications_json
57,Ruth Boxall,A5064965502,https://openalex.org/A5064965502,Ruth Boxall,0.9,high,local:fd1829e2e6a47293,"Response to comment on ""Evaluating the cardiovascular safety of sclerostin inhibition using evidence from meta-analysis of clinical trials and human genetics"".",2021.0,2021-01-01,Ruth Boxall,,,high,0.88,Bundled staff-profile publication; high person-level OpenAlex match; publication has DOI or year evidence.,,,,,,Journal article,0,,,,,https://www.ndph.ox.ac.uk/publications/1217973,,,Sci Transl Med,Journal article,,,,,,,1,1,[],{},staff_recent_publications_json
57,Ruth Boxall,A5064965502,https://openalex.org/A5064965502,Ruth Boxall,0.9,high,local:50c83907731c18fe,Association of heart rate and diabetes among 0.5 million adults in the China Kadoorie biobank: Results from observational and Mendelian randomization analyses.,2021.0,2021-01-01,Ruth Boxall,,,high,0.88,Bundled staff-profile publication; high person-level OpenAlex match; publication has DOI or year evidence.,,,,,,Journal article,0,,,,,https://www.ndph.ox.ac.uk/publications/1179858,,,Nutr Metab Cardiovasc Dis,Journal article,,,,,,,1,1,[],{},staff_recent_publications_json
58,Fiona Bragg,A5029268321,https://openalex.org/A5029268321,Fiona Bragg,0.9,high,local:1dfae4c398f900a6,Multi-ancestry polygenic risk scores for the prediction of type 2 diabetes and complications in diverse ancestries.,2025.0,2025-01-01,Fiona Bragg,,,high,0.88,Bundled staff-profile publication; high person-level OpenAlex match; publication has DOI or year evidence.,,,,,,Preprint,0,,,,,https://www.ndph.ox.ac.uk/publications/2260674,,,,Preprint,,,,,,,1,1,[],{},staff_recent_publications_json
58,Fiona Bragg,A5029268321,https://openalex.org/A5029268321,Fiona Bragg,0.9,high,local:6e03f02ba41bfd01,GDF15 and its receptors as pathways mediating smoking related weight change.,2025.0,2025-01-01,Fiona Bragg,,,high,0.88,Bundled staff-profile publication; high person-level OpenAlex match; publication has DOI or year evidence.,,,,,,Journal article,0,,,,,https://www.ndph.ox.ac.uk/publications/2128942,,,EBioMedicine,Journal article,,,,,,,1,1,[],{},staff_recent_publications_json
58,Fiona Bragg,A5029268321,https://openalex.org/A5029268321,Fiona Bragg,0.9,high,local:8e5ecaf3abbde096,A Mendelian randomization study of the effect of body mass index on 52 causes of death among 125 000 Mexican adults with admixed ancestry.,2025.0,2025-01-01,Fiona Bragg,,,high,0.88,Bundled staff-profile publication; high person-level OpenAlex match; publication has DOI or year evidence.,,,,,,Journal article,0,,,,,https://www.ndph.ox.ac.uk/publications/2127954,,,Int J Epidemiol,Journal article,,,,,,,1,1,[],{},staff_recent_publications_json
58,Fiona Bragg,A5029268321,https://openalex.org/A5029268321,Fiona Bragg,0.9,high,local:4a94cef26762b4b9,Type 2 diabetes and cause-specific mortality in Mexico City: a Mendelian randomisation analysis.,2025.0,2025-01-01,Fiona Bragg,,,high,0.88,Bundled staff-profile publication; high person-level OpenAlex match; publication has DOI or year evidence.,,,,,,Journal article,0,,,,,https://www.ndph.ox.ac.uk/publications/2095268,,,Lancet Reg Health Am,Journal article,,,,,,,1,1,[],{},staff_recent_publications_json
58,Fiona Bragg,A5029268321,https://openalex.org/A5029268321,Fiona Bragg,0.9,high,local:7e6bc025ee8be795,"Prediabetes and risk of all-cause and cause-specific mortality: a prospective study of 114,062 adults in Mexico City.",2025.0,2025-01-01,Fiona Bragg,,,high,0.88,Bundled staff-profile publication; high person-level OpenAlex match; publication has DOI or year evidence.,,,,,,Journal article,0,,,,,https://www.ndph.ox.ac.uk/publications/2109848,,,J Clin Endocrinol Metab,Journal article,,,,,,,1,1,[],{},staff_recent_publications_json
59,Laura Bramley,A5044918019,https://openalex.org/A5044918019,Laura Bramley,0.72,medium,local:dae430200f2d9c51,UK Biobank: Enhanced assessment of the epidemiology and long-term impact of coronavirus disease-2019,2023.0,2023-01-01,Laura Bramley,,,medium,0.7,Bundled staff-profile publication; person-level match is credible but paper-level OpenAlex affiliation evidence is not available in the snapshot cache.,,,,,,Journal article,0,,,,,https://www.ndph.ox.ac.uk/publications/1557293,,,Cambridge Prisms: Precision Medicine,Journal article,,,,,,,1,1,[],{},staff_recent_publications_json
60,Jeremy Braybrooke,A5049948035,https://openalex.org/A5049948035,Jeremy Braybrooke,0.9,high,local:8081f664d0a8dd79,"Trastuzumab for early-stage, HER2-positive breast cancer: a meta-analysis of 13 864 women in seven randomised trials.",2021.0,2021-01-01,Jeremy Braybrooke,,,high,0.88,Bundled staff-profile publication; high person-level OpenAlex match; publication has DOI or year evidence.,,,,,,Journal article,0,,,,,https://www.ndph.ox.ac.uk/publications/1177831,,,Lancet Oncol,Journal article,,,,,,,1,1,[],{},staff_recent_publications_json
60,Jeremy Braybrooke,A5049948035,https://openalex.org/A5049948035,Jeremy Braybrooke,0.9,high,local:b900b90aaf0745d9,"Imaging modality and frequency in surveillance of stage I seminoma testicular cancer: Results from a randomized, phase III, factorial trial (TRISST).",2021.0,2021-01-01,Jeremy Braybrooke,,,high,0.88,Bundled staff-profile publication; high person-level OpenAlex match; publication has DOI or year evidence.,,,,,,Conference paper,0,,,,,https://www.ndph.ox.ac.uk/publications/1172848,,,JOURNAL OF CLINICAL ONCOLOGY,Conference paper,,,,,,,1,1,[],{},staff_recent_publications_json
60,Jeremy Braybrooke,A5049948035,https://openalex.org/A5049948035,Jeremy Braybrooke,0.9,high,local:168265b76092e614,Real-world outcomes in patients receiving neo-adjuvant chemotherapy for early-stage breast cancer,2021.0,2021-01-01,Jeremy Braybrooke,,,high,0.88,Bundled staff-profile publication; high person-level OpenAlex match; publication has DOI or year evidence.,,,,,,Conference paper,0,,,,,https://www.ndph.ox.ac.uk/publications/1169387,,,CANCER RESEARCH,Conference paper,,,,,,,1,1,[],{},staff_recent_publications_json
60,Jeremy Braybrooke,A5049948035,https://openalex.org/A5049948035,Jeremy Braybrooke,0.9,high,local:443be4a8263e5b51,"Circulating tumour DNA analysis to direct therapy in advanced breast cancer (plasmaMATCH): a multicentre, multicohort, phase 2a, platform trial.",2020.0,2020-01-01,Jeremy Braybrooke,,,high,0.88,Bundled staff-profile publication; high person-level OpenAlex match; publication has DOI or year evidence.,,,,,,Journal article,0,,,,,https://www.ndph.ox.ac.uk/publications/1133322,,,Lancet Oncol,Journal article,,,,,,,1,1,[],{},staff_recent_publications_json
60,Jeremy Braybrooke,A5049948035,https://openalex.org/A5049948035,Jeremy Braybrooke,0.9,high,local:b9249d8eba5c6946,Application of a risk-management framework for integration of stromal tumor-infiltrating lymphocytes in clinical trials,2020.0,2020-01-01,Jeremy Braybrooke,,,high,0.88,Bundled staff-profile publication; high person-level OpenAlex match; publication has DOI or year evidence.,,,,,,Journal article,0,,,,,https://www.ndph.ox.ac.uk/publications/1105924,,,npj Breast Cancer,Journal article,,,,,,,1,1,[],{},staff_recent_publications_json
62,Laura Brocklebank,A5069748263,https://openalex.org/A5069748263,Laura Brocklebank,0.9,high,local:d9c7db4fbb067e8f,Comparing two wrist-worn accelerometers (Axivity AX3 and Matrix 003) for measuring movement behaviours in British and Chinese older adults,2025.0,2025-01-01,Laura Brocklebank,,,high,0.88,Bundled staff-profile publication; high person-level OpenAlex match; publication has DOI or year evidence.,,,,,,Journal article,0,,,,,https://www.ndph.ox.ac.uk/publications/2247336,,,Journal for the Measurement of Physical Behaviour,Journal article,,,,,,,1,1,[],{},staff_recent_publications_json
64,Angela Brueggemann,A5002892761,https://openalex.org/A5002892761,Angela Brueggemann,0.9,high,local:10221231e8befb9f,Development of a core genome multilocus sequence typing scheme and life identification number code classification system for Staphylococcus aureus.,2025.0,2025-01-01,Angela Brueggemann,,,high,0.88,Bundled staff-profile publication; high person-level OpenAlex match; publication has DOI or year evidence.,,,,,,Journal article,0,,,,,https://www.ndph.ox.ac.uk/publications/2284471,,,Microb Genom,Journal article,,,,,,,1,1,[],{},staff_recent_publications_json
64,Angela Brueggemann,A5002892761,https://openalex.org/A5002892761,Angela Brueggemann,0.9,high,local:a1416686144a9f63,Utilizing large and diverse bacterial genome datasets to improve the detection and identification of Streptococcus pneumoniae via PCR-based diagnostics.,2025.0,2025-01-01,Angela Brueggemann,,,high,0.88,Bundled staff-profile publication; high person-level OpenAlex match; publication has DOI or year evidence.,,,,,,Journal article,0,,,,,https://www.ndph.ox.ac.uk/publications/2127952,,,Microb Genom,Journal article,,,,,,,1,1,[],{},staff_recent_publications_json
64,Angela Brueggemann,A5002892761,https://openalex.org/A5002892761,Angela Brueggemann,0.9,high,local:3523a128614e6c4e,Understanding the population structure of Moraxella catarrhalis using core genome multilocus sequence typing (cgMLST) and a life identification number (LIN) code classification system.,2025.0,2025-01-01,Angela Brueggemann,,,high,0.88,Bundled staff-profile publication; high person-level OpenAlex match; publication has DOI or year evidence.,,,,,,Preprint,0,,,,,https://www.ndph.ox.ac.uk/publications/2122984,,,,Preprint,,,,,,,1,1,[],{},staff_recent_publications_json
64,Angela Brueggemann,A5002892761,https://openalex.org/A5002892761,Angela Brueggemann,0.9,high,local:0c41b9c47895abc8,The importance of microbiology reference laboratories and adequate funding for infectious disease surveillance.,2025.0,2025-01-01,Angela Brueggemann,,,high,0.88,Bundled staff-profile publication; high person-level OpenAlex match; publication has DOI or year evidence.,,,,,,Journal article,0,,,,,https://www.ndph.ox.ac.uk/publications/2072133,,,Lancet Digit Health,Journal article,,,,,,,1,1,[],{},staff_recent_publications_json
64,Angela Brueggemann,A5002892761,https://openalex.org/A5002892761,Angela Brueggemann,0.9,high,local:f396943d1eed5517,Development of a core genome multilocus sequence typing (cgMLST) scheme and life identification number (LIN) code classification system for Staphylococcus aureus,2025.0,2025-01-01,Angela Brueggemann,,,high,0.88,Bundled staff-profile publication; high person-level OpenAlex match; publication has DOI or year evidence.,,,,,,Preprint,0,,,,,https://www.ndph.ox.ac.uk/publications/2117114,,,,Preprint,,,,,,,1,1,[],{},staff_recent_publications_json
65,Georgina Buck,A5064182313,https://openalex.org/A5064182313,Georgina Buck,0.9,high,local:5f937382f430a3f4,"Active Monitoring for AtriaL FIbrillation (AMALFI): rationale, protocol, and pilot for a pragmatic, randomized, controlled trial of remote screening for asymptomatic atrial fibrillation.",2025.0,2025-01-01,Georgina Buck,,,high,0.88,Bundled staff-profile publication; high person-level OpenAlex match; publication has DOI or year evidence.,,,,,,Journal article,0,,,,,https://www.ndph.ox.ac.uk/publications/2244377,,,Am Heart J,Journal article,,,,,,,1,1,[],{},staff_recent_publications_json
65,Georgina Buck,A5064182313,https://openalex.org/A5064182313,Georgina Buck,0.9,high,local:f13b307ce0a9b08f,ASCEND-Eye: Effects of Aspirin on Diabetic Retinopathy.,2024.0,2024-01-01,Georgina Buck,,,high,0.88,Bundled staff-profile publication; high person-level OpenAlex match; publication has DOI or year evidence.,,,,,,Journal article,0,,,,,https://www.ndph.ox.ac.uk/publications/1598356,,,Ophthalmology,Journal article,,,,,,,1,1,[],{},staff_recent_publications_json
65,Georgina Buck,A5064182313,https://openalex.org/A5064182313,Georgina Buck,0.9,high,local:87a7fa9559cf7e04,ASCEND-Eye: Effects of Omega-3 Fatty Acids on Diabetic Retinopathy.,2024.0,2024-01-01,Georgina Buck,,,high,0.88,Bundled staff-profile publication; high person-level OpenAlex match; publication has DOI or year evidence.,,,,,,Journal article,0,,,,,https://www.ndph.ox.ac.uk/publications/1573671,,,Ophthalmology,Journal article,,,,,,,1,1,[],{},staff_recent_publications_json
65,Georgina Buck,A5064182313,https://openalex.org/A5064182313,Georgina Buck,0.9,high,local:36bb94fd95726c47,Thromboxane biosynthesis and future events in diabetes: the ASCEND trial.,2024.0,2024-01-01,Georgina Buck,,,high,0.88,Bundled staff-profile publication; high person-level OpenAlex match; publication has DOI or year evidence.,,,,,,Journal article,0,,,,,https://www.ndph.ox.ac.uk/publications/1639821,,,Eur Heart J,Journal article,,,,,,,1,1,[],{},staff_recent_publications_json
65,Georgina Buck,A5064182313,https://openalex.org/A5064182313,Georgina Buck,0.9,high,local:57e27451d270e6d6,Thromboxane biosynthesis and risk of future events in diabetes mellitus: A sub-study of the ASCEND trial.,2023.0,2023-01-01,Georgina Buck,,,high,0.88,Bundled staff-profile publication; high person-level OpenAlex match; publication has DOI or year evidence.,,,,,,Journal article,0,,,,,https://www.ndph.ox.ac.uk/publications/1577609,,,European Heart Journal,Journal article,,,,,,,1,1,[],{},staff_recent_publications_json
67,Richard Bulbulia,A5015864972,https://openalex.org/A5015864972,Richard Bulbulia,0.9,high,local:5f937382f430a3f4,"Active Monitoring for AtriaL FIbrillation (AMALFI): rationale, protocol, and pilot for a pragmatic, randomized, controlled trial of remote screening for asymptomatic atrial fibrillation.",2025.0,2025-01-01,Richard Bulbulia,,,high,0.88,Bundled staff-profile publication; high person-level OpenAlex match; publication has DOI or year evidence.,,,,,,Journal article,0,,,,,https://www.ndph.ox.ac.uk/publications/2244377,,,Am Heart J,Journal article,,,,,,,1,1,[],{},staff_recent_publications_json
67,Richard Bulbulia,A5015864972,https://openalex.org/A5015864972,Richard Bulbulia,0.9,high,local:2f92a31848cb2334,Two Cheers for ECST-2?,2025.0,2025-01-01,Richard Bulbulia,,,high,0.88,Bundled staff-profile publication; high person-level OpenAlex match; publication has DOI or year evidence.,,,,,,Journal article,0,,,,,https://www.ndph.ox.ac.uk/publications/2130597,,,Eur J Vasc Endovasc Surg,Journal article,,,,,,,1,1,[],{},staff_recent_publications_json
67,Richard Bulbulia,A5015864972,https://openalex.org/A5015864972,Richard Bulbulia,0.9,high,local:802daf2f3f2ee77a,Stroke risk management in carotid atherosclerotic disease: a clinical consensus statement of the ESC Council on Stroke and the ESC Working Group on Aorta and Peripheral Vascular Diseases.,2025.0,2025-01-01,Richard Bulbulia,,,high,0.88,Bundled staff-profile publication; high person-level OpenAlex match; publication has DOI or year evidence.,,,,,,Journal article,0,,,,,https://www.ndph.ox.ac.uk/publications/1873963,,,Cardiovasc Res,Journal article,,,,,,,1,1,[],{},staff_recent_publications_json
67,Richard Bulbulia,A5015864972,https://openalex.org/A5015864972,Richard Bulbulia,0.9,high,local:047f5ef1d8b3f587,Correction: Large simple randomized controlled trials-from drugs to medical devices: lessons from recent experience.,2025.0,2025-01-01,Richard Bulbulia,,,high,0.88,Bundled staff-profile publication; high person-level OpenAlex match; publication has DOI or year evidence.,,,,,,Journal article,0,,,,,https://www.ndph.ox.ac.uk/publications/2094198,,,Trials,Journal article,,,,,,,1,1,[],{},staff_recent_publications_json
67,Richard Bulbulia,A5015864972,https://openalex.org/A5015864972,Richard Bulbulia,0.9,high,local:88fb6a665946bac4,Large simple randomized controlled trials-from drugs to medical devices: lessons from recent experience.,2025.0,2025-01-01,Richard Bulbulia,,,high,0.88,Bundled staff-profile publication; high person-level OpenAlex match; publication has DOI or year evidence.,,,,,,Journal article,0,,,,,https://www.ndph.ox.ac.uk/publications/2080109,,,Trials,Journal article,,,,,,,1,1,[],{},staff_recent_publications_json
68,Julie Burrett,A5039126778,https://openalex.org/A5039126778,Julie Burrett,0.9,high,local:6374bb40bcf3afe0,Cohort Profile: Indian Study of Healthy Ageing (ISHA- Barshi),2024.0,2024-01-01,Julie Burrett,,,high,0.88,Bundled staff-profile publication; high person-level OpenAlex match; publication has DOI or year evidence.,,,,,,Journal article,0,,,,,https://www.ndph.ox.ac.uk/publications/2004365,,,International Journal of Epidemiology,Journal article,,,,,,,1,1,[],{},staff_recent_publications_json
68,Julie Burrett,A5039126778,https://openalex.org/A5039126778,Julie Burrett,0.9,high,local:552bb8e03e0a93c8,"Body-mass index, blood pressure, diabetes and cardiovascular mortality in Cuba: prospective study of 146,556 participants.",2021.0,2021-01-01,Julie Burrett,,,high,0.88,Bundled staff-profile publication; high person-level OpenAlex match; publication has DOI or year evidence.,,,,,,Journal article,0,,,,,https://www.ndph.ox.ac.uk/publications/1173974,,,BMC Public Health,Journal article,,,,,,,1,1,[],{},staff_recent_publications_json
68,Julie Burrett,A5039126778,https://openalex.org/A5039126778,Julie Burrett,0.9,high,local:20bb088dd4f7260d,Alcohol consumption and cause-specific mortality in Cuba: prospective study of 120 623 adults.,2021.0,2021-01-01,Julie Burrett,,,high,0.88,Bundled staff-profile publication; high person-level OpenAlex match; publication has DOI or year evidence.,,,,,,Journal article,0,,,,,https://www.ndph.ox.ac.uk/publications/1145966,,,EClinicalMedicine,Journal article,,,,,,,1,1,[],{},staff_recent_publications_json
68,Julie Burrett,A5039126778,https://openalex.org/A5039126778,Julie Burrett,0.9,high,local:b3cae51885a914ef,"Body-mass index, blood pressure, diabetes and cardiovascular mortality in Cuba: prospective cohort study of 146,665 participants",2019.0,2019-01-01,Julie Burrett,,,high,0.88,Bundled staff-profile publication; high person-level OpenAlex match; publication has DOI or year evidence.,,,,,,Journal article,0,,,,,https://www.ndph.ox.ac.uk/publications/1085073,,,EUROPEAN HEART JOURNAL,Journal article,,,,,,,1,1,[],{},staff_recent_publications_json
68,Julie Burrett,A5039126778,https://openalex.org/A5039126778,Julie Burrett,0.9,high,local:2f662d6aeb4b8deb,"P6258 Burden of hypertension and associated risks for cardiovascular mortality in Cuba: prospective cohort study of 150,000 men and women",2017.0,2017-01-01,Julie Burrett,,,high,0.88,Bundled staff-profile publication; high person-level OpenAlex match; publication has DOI or year evidence.,,,,,,Journal article,0,,,,,https://www.ndph.ox.ac.uk/publications/726027,,,,Journal article,,,,,,,1,1,[],{},staff_recent_publications_json
69,Hollie Burton,A5004386167,https://openalex.org/A5004386167,Hollie Burton,0.72,medium,local:dac3af8eff132ee5,How women with obsessive compulsive disorder experience maternity care and mental health care during pregnancy and postpartum: A systematic literature review.,2022.0,2022-01-01,Hollie Burton,,,medium,0.7,Bundled staff-profile publication; person-level match is credible but paper-level OpenAlex affiliation evidence is not available in the snapshot cache.,,,,,,Journal article,0,,,,,https://www.ndph.ox.ac.uk/publications/1268915,,,J Affect Disord,Journal article,,,,,,,1,1,[],{},staff_recent_publications_json
69,Hollie Burton,A5004386167,https://openalex.org/A5004386167,Hollie Burton,0.72,medium,local:8cfc73d030473184,Obsessive compulsive disorder during pregnancy and postpartum: a systematic review of women's experiences of maternity and mental health care,2022.0,2022-01-01,Hollie Burton,,,medium,0.7,Bundled staff-profile publication; person-level match is credible but paper-level OpenAlex affiliation evidence is not available in the snapshot cache.,,,,,,Conference paper,0,,,,,https://www.ndph.ox.ac.uk/publications/1249400,,,JOURNAL OF REPRODUCTIVE AND INFANT PSYCHOLOGY,Conference paper,,,,,,,1,1,[],{},staff_recent_publications_json
69,Hollie Burton,A5004386167,https://openalex.org/A5004386167,Hollie Burton,0.72,medium,local:ecc39dff89ce46be,Prevalence of anxiety and post-traumatic stress in parents of babies admitted to neonatal units: Systematic review and Meta-analysis,2022.0,2022-01-01,Hollie Burton,,,medium,0.7,Bundled staff-profile publication; person-level match is credible but paper-level OpenAlex affiliation evidence is not available in the snapshot cache.,,,,,,Conference paper,0,,,,,https://www.ndph.ox.ac.uk/publications/1250669,,,JOURNAL OF REPRODUCTIVE AND INFANT PSYCHOLOGY,Conference paper,,,,,,,1,1,[],{},staff_recent_publications_json
71,Sai Campbell,A5074527715,https://openalex.org/A5074527715,Sai Campbell,0.45,low,local:9558a58552136469,"National E-cigarette Monitoring and Evidence Consortium: Supporting informed research, policy and practice in Australia",2025.0,2025-01-01,Sai Campbell,,,low,0.48,Bundled staff-profile publication with weak or missing person/paper evidence.,,,,,,Journal article,0,,,,,https://www.ndph.ox.ac.uk/publications/2117849,,,Australian and New Zealand Journal of Public Health,Journal article,,,,,,,1,1,[],{},staff_recent_publications_json
71,Sai Campbell,A5074527715,https://openalex.org/A5074527715,Sai Campbell,0.45,low,local:b43c43d22df66d91,The preparedness and readiness of rural and remote primary care midwives working in low- and middle-income countries: A scoping review,2025.0,2025-01-01,Sai Campbell,,,low,0.48,Bundled staff-profile publication with weak or missing person/paper evidence.,,,,,,Journal article,0,,,,,https://www.ndph.ox.ac.uk/publications/2086156,,,Women and Birth,Journal article,,,,,,,1,1,[],{},staff_recent_publications_json
71,Sai Campbell,A5074527715,https://openalex.org/A5074527715,Sai Campbell,0.45,low,local:f851e7f14c0f6216,‘Why can't people see or understand or make that effort to see who I am?’: documenting the experiences of low socioeconomic students at an elite tertiary institution through a social identity lens,2024.0,2024-01-01,Sai Campbell,,,low,0.48,Bundled staff-profile publication with weak or missing person/paper evidence.,,,,,,Journal article,0,,,,,https://www.ndph.ox.ac.uk/publications/2082597,,,Australian Educational Researcher,Journal article,,,,,,,1,1,[],{},staff_recent_publications_json
71,Sai Campbell,A5074527715,https://openalex.org/A5074527715,Sai Campbell,0.45,low,local:5e3f327ba443db77,Outbreak response capacity of the Global Outbreak Alert and Response Network across WHO's South-East Asia and Western Pacific regions.,2024.0,2024-01-01,Sai Campbell,,,low,0.48,Bundled staff-profile publication with weak or missing person/paper evidence.,,,,,,Journal article,0,,,,,https://www.ndph.ox.ac.uk/publications/2082596,,,Western Pac Surveill Response J,Journal article,,,,,,,1,1,[],{},staff_recent_publications_json
71,Sai Campbell,A5074527715,https://openalex.org/A5074527715,Sai Campbell,0.45,low,local:c43093b4679cc95d,Electronic cigarettes and health outcomes: umbrella and systematic review of the global evidence,2023.0,2023-01-01,Sai Campbell,,,low,0.48,Bundled staff-profile publication with weak or missing person/paper evidence.,,,,,,Journal article,0,,,,,https://www.ndph.ox.ac.uk/publications/2082598,,,Medical Journal of Australia,Journal article,,,,,,,1,1,[],{},staff_recent_publications_json
74,Claire Carson,A5003836326,https://openalex.org/A5003836326,Claire Carson,0.9,high,local:86ca6f3722c9e85b,Pre-pregnancy care in general practice in England: cross-sectional observational study using administrative routine health data.,2025.0,2025-01-01,Claire Carson,,,high,0.88,Bundled staff-profile publication; high person-level OpenAlex match; publication has DOI or year evidence.,,,,,,Journal article,0,,,,,https://www.ndph.ox.ac.uk/publications/2092809,,,BMC Public Health,Journal article,,,,,,,1,1,[],{},staff_recent_publications_json
74,Claire Carson,A5003836326,https://openalex.org/A5003836326,Claire Carson,0.9,high,local:f21e8dff15e6f9a1,Is maternal Body Mass Index associated with offspring infection-related hospital admissions? Findings from the Born in Bradford cohort study linked to hospital admission data,2025.0,2025-01-01,Claire Carson,,,high,0.88,Bundled staff-profile publication; high person-level OpenAlex match; publication has DOI or year evidence.,,,,,,Journal article,0,,,,,https://www.ndph.ox.ac.uk/publications/2093740,,,BMJ Medicine,Journal article,,,,,,,1,1,[],{},staff_recent_publications_json
74,Claire Carson,A5003836326,https://openalex.org/A5003836326,Claire Carson,0.9,high,local:4f633e1853505732,Maternal postpartum six-week check and short-term health outcomes for women with hypertensive disorders in pregnancy: an observational study using the Clinical Practice Research Datalink (CPRD),2025.0,2025-01-01,Claire Carson,,,high,0.88,Bundled staff-profile publication; high person-level OpenAlex match; publication has DOI or year evidence.,,,,,,Journal article,0,,,,,https://www.ndph.ox.ac.uk/publications/2080369,,,Acta Obstetricia et Gynecologica Scandinavica,Journal article,,,,,,,1,1,[],{},staff_recent_publications_json
74,Claire Carson,A5003836326,https://openalex.org/A5003836326,Claire Carson,0.9,high,local:7f4dbdd6b0c208a8,Addressing uncertainty in identifying pregnancies in the English CPRD GOLD Pregnancy Register: a methodological study using a worked example,2025.0,2025-01-01,Claire Carson,,,high,0.88,Bundled staff-profile publication; high person-level OpenAlex match; publication has DOI or year evidence.,,,,,,Journal article,0,,,,,https://www.ndph.ox.ac.uk/publications/2093075,,,International Journal of Population Data Science,Journal article,,,,,,,1,1,[],{},staff_recent_publications_json
74,Claire Carson,A5003836326,https://openalex.org/A5003836326,Claire Carson,0.9,high,local:1f289a237b56d274,Association between maternal body mass index and hospital admissions for infection in offspring: longitudinal cohort study.,2025.0,2025-01-01,Claire Carson,,,high,0.88,Bundled staff-profile publication; high person-level OpenAlex match; publication has DOI or year evidence.,,,,,,Journal article,0,,,,,https://www.ndph.ox.ac.uk/publications/2131582,,,BMJ Med,Journal article,,,,,,,1,1,[],{},staff_recent_publications_json
75,Jennifer Carter,A5100673213,https://openalex.org/A5100673213,Jennifer Carter,0.9,high,local:02ee8451b829d1fc,"Associations between dietary patterns and incident colorectal cancer in 114,443 individuals from the UK Biobank: a prospective cohort study.",2024.0,2024-01-01,Jennifer Carter,,,high,0.88,Bundled staff-profile publication; high person-level OpenAlex match; publication has DOI or year evidence.,,,,,,Journal article,0,,,,,https://www.ndph.ox.ac.uk/publications/2062231,,,Cancer Epidemiology,Journal article,,,,,,,1,1,[],{},staff_recent_publications_json
75,Jennifer Carter,A5100673213,https://openalex.org/A5100673213,Jennifer Carter,0.9,high,local:3c49ec9219e946ba,Barriers to global engagement for African researchers: A position paper from the Alliance for Medical Research in Africa (AMedRA).,2024.0,2024-01-01,Jennifer Carter,,,high,0.88,Bundled staff-profile publication; high person-level OpenAlex match; publication has DOI or year evidence.,,,,,,Journal article,0,,,,,https://www.ndph.ox.ac.uk/publications/2041324,,,J Glob Health,Journal article,,,,,,,1,1,[],{},staff_recent_publications_json
75,Jennifer Carter,A5100673213,https://openalex.org/A5100673213,Jennifer Carter,0.9,high,local:57d96cc33bfcc6cb,Associations of fruit intake with adiposity and cardiometabolic biomarkers in UK Biobank.,2024.0,2024-01-01,Jennifer Carter,,,high,0.88,Bundled staff-profile publication; high person-level OpenAlex match; publication has DOI or year evidence.,,,,,,Journal article,0,,,,,https://www.ndph.ox.ac.uk/publications/2022640,,,BMC Public Health,Journal article,,,,,,,1,1,[],{},staff_recent_publications_json
75,Jennifer Carter,A5100673213,https://openalex.org/A5100673213,Jennifer Carter,0.9,high,local:27654def2c041f6e,Body fat distribution and bone mineral density in a multi-ethnic sample of postmenopausal women in The Malaysian Cohort.,2024.0,2024-01-01,Jennifer Carter,,,high,0.88,Bundled staff-profile publication; high person-level OpenAlex match; publication has DOI or year evidence.,,,,,,Journal article,0,,,,,https://www.ndph.ox.ac.uk/publications/2021284,,,Arch Osteoporos,Journal article,,,,,,,1,1,[],{},staff_recent_publications_json
75,Jennifer Carter,A5100673213,https://openalex.org/A5100673213,Jennifer Carter,0.9,high,local:6a596a6645d3e0fb,Fruit and Vegetable Intake and Cardiovascular Disease in the UK Biobank: The Role of Confounding,2024.0,2024-01-01,Jennifer Carter,,,high,0.88,Bundled staff-profile publication; high person-level OpenAlex match; publication has DOI or year evidence.,,,,,,Conference paper,0,,,,,https://www.ndph.ox.ac.uk/publications/2022036,,,The 14th European Nutrition Conference FENS 2023,Conference paper,,,,,,,1,1,[],{},staff_recent_publications_json
75,Jennifer Carter,A5100673213,https://openalex.org/A5100673213,Jennifer Carter,0.9,high,local:2d26a341de358080,Abstract P341: Physical Activity and Dual Energy X-ray Absorptiometry Measured Body Composition in Global Multi-Ethnic Cohorts,2024.0,2024-01-01,Jennifer Carter,,,high,0.88,Bundled staff-profile publication; high person-level OpenAlex match; publication has DOI or year evidence.,,,,,,Journal article,0,,,,,https://www.ndph.ox.ac.uk/publications/1998560,,,Circulation,Journal article,,,,,,,1,1,[],{},staff_recent_publications_json
75,Jennifer Carter,A5100673213,https://openalex.org/A5100673213,Jennifer Carter,0.9,high,local:36241f19d32ca988,Associations of general and central adiposity with hypertension and cardiovascular disease among South Asian populations: a systematic review and meta-analysis.,2023.0,2023-01-01,Jennifer Carter,,,high,0.88,Bundled staff-profile publication; high person-level OpenAlex match; publication has DOI or year evidence.,,,,,,Journal article,0,,,,,https://www.ndph.ox.ac.uk/publications/1569962,,,BMJ Open,Journal article,,,,,,,1,1,[],{},staff_recent_publications_json
81,Goylette Chami,A5086830193,https://openalex.org/A5086830193,Goylette Chami,0.9,high,local:7d7ea964aba1d571,Bayesian machine learning enables discovery of risk factors for hepatosplenic multimorbidity related to schistosomiasis,2025.0,2025-01-01,Goylette Chami,,,high,0.88,Bundled staff-profile publication; high person-level OpenAlex match; publication has DOI or year evidence.,,,,,,Preprint,0,,,,,https://www.ndph.ox.ac.uk/publications/2295267,,,,Preprint,,,,,,,1,1,[],{},staff_recent_publications_json
81,Goylette Chami,A5086830193,https://openalex.org/A5086830193,Goylette Chami,0.9,high,local:da518ae0a509ba37,"Influence of Schistosoma mansoni infection on faecal calprotectin in the context of HIV, hepatitis B, and malaria co-infections",2025.0,2025-01-01,Goylette Chami,,,high,0.88,Bundled staff-profile publication; high person-level OpenAlex match; publication has DOI or year evidence.,,,,,,Preprint,0,,,,,https://www.ndph.ox.ac.uk/publications/2295237,,,,Preprint,,,,,,,1,1,[],{},staff_recent_publications_json
81,Goylette Chami,A5086830193,https://openalex.org/A5086830193,Goylette Chami,0.9,high,local:ab59f1dfb7d3eb19,The Basel ultrasonography protocol for assessing hepatosplenic pathologies in Asian schistosomiasis: report of a WHO expert meeting.,2025.0,2025-01-01,Goylette Chami,,,high,0.88,Bundled staff-profile publication; high person-level OpenAlex match; publication has DOI or year evidence.,,,,,,Journal article,0,,,,,https://www.ndph.ox.ac.uk/publications/2278801,,,Infect Dis Poverty,Journal article,,,,,,,1,1,[],{},staff_recent_publications_json
81,Goylette Chami,A5086830193,https://openalex.org/A5086830193,Goylette Chami,0.9,high,local:1c71a6a4d6f4dc42,HIV testing and prevalence in fishing communities in rural Uganda: a cross-sectional study of 3197 individuals within SchistoTrack,2025.0,2025-01-01,Goylette Chami,,,high,0.88,Bundled staff-profile publication; high person-level OpenAlex match; publication has DOI or year evidence.,,,,,,Preprint,0,,,,,https://www.ndph.ox.ac.uk/publications/2265939,,,,Preprint,,,,,,,1,1,[],{},staff_recent_publications_json
81,Goylette Chami,A5086830193,https://openalex.org/A5086830193,Goylette Chami,0.9,high,local:d9e7becea736774b,Clinically validated graphical approaches identify hepatosplenic multimorbidity in individuals at risk of schistosomiasis.,2025.0,2025-01-01,Goylette Chami,,,high,0.88,Bundled staff-profile publication; high person-level OpenAlex match; publication has DOI or year evidence.,,,,,,Journal article,0,,,,,https://www.ndph.ox.ac.uk/publications/2127962,,,R Soc Open Sci,Journal article,,,,,,,1,1,[],{},staff_recent_publications_json
82,Shing Chan,A5017976647,https://openalex.org/A5017976647,Shing Chan,0.9,high,local:4b2a8a25c66bf88d,Self-Supervised Machine Learning to Characterise Step Counts from Wrist-Worn Accelerometers in the UK Biobank.,2024.0,2024-01-01,Shing Chan,,,high,0.88,Bundled staff-profile publication; high person-level OpenAlex match; publication has DOI or year evidence.,,,,,,Journal article,0,,,,,https://www.ndph.ox.ac.uk/publications/1998262,,,Med Sci Sports Exerc,Journal article,,,,,,,1,1,[],{},staff_recent_publications_json
82,Shing Chan,A5017976647,https://openalex.org/A5017976647,Shing Chan,0.9,high,local:dede98d1adc841df,"Self-supervised learning for human activity recognition using 700,000 person-days of wearable data.",2024.0,2024-01-01,Shing Chan,,,high,0.88,Bundled staff-profile publication; high person-level OpenAlex match; publication has DOI or year evidence.,,,,,,Journal article,0,,,,,https://www.ndph.ox.ac.uk/publications/1989639,,,NPJ Digit Med,Journal article,,,,,,,1,1,[],{},staff_recent_publications_json
82,Shing Chan,A5017976647,https://openalex.org/A5017976647,Shing Chan,0.9,high,local:8e06b913bac06209,Capture-24: Activity tracker dataset for human activity recognition - Temperature & light sensor data,2023.0,2023-01-01,Shing Chan,,,high,0.88,Bundled staff-profile publication; high person-level OpenAlex match; publication has DOI or year evidence.,,,,,,Dataset,0,,,,,https://www.ndph.ox.ac.uk/publications/1556918,,,,Dataset,,,,,,,1,1,[],{},staff_recent_publications_json
84,Daniel Chapman,A5076422397,https://openalex.org/A5076422397,Daniel Chapman,0.9,high,local:0d881538995ef8b6,The authors reply.,2023.0,2023-01-01,Daniel Chapman,,,high,0.88,Bundled staff-profile publication; high person-level OpenAlex match; publication has DOI or year evidence.,,,,,,Journal article,0,,,,,https://www.ndph.ox.ac.uk/publications/1479489,,,Kidney Int,Journal article,,,,,,,1,1,[],{},staff_recent_publications_json
84,Daniel Chapman,A5076422397,https://openalex.org/A5076422397,Daniel Chapman,0.9,high,local:ac1aa0a77aa794d0,The relative and attributable risks of cardia and non-cardia gastric cancer associated with Helicobacter pylori infection in China: a case-cohort study.,2021.0,2021-01-01,Daniel Chapman,,,high,0.88,Bundled staff-profile publication; high person-level OpenAlex match; publication has DOI or year evidence.,,,,,,Journal article,0,,,,,https://www.ndph.ox.ac.uk/publications/1186290,,,Lancet Public Health,Journal article,,,,,,,1,1,[],{},staff_recent_publications_json
86,Fang Chen,A5100400043,https://openalex.org/A5100400043,Fang Chen,0.72,medium,local:b38e2d52b76b7dd7,Impact of New Cardiovascular Events on Quality of Life and Hospital Costs in People With Cardiovascular Disease in the United Kingdom and United States.,2023.0,2023-01-01,Fang Chen,,,medium,0.7,Bundled staff-profile publication; person-level match is credible but paper-level OpenAlex affiliation evidence is not available in the snapshot cache.,,,,,,Journal article,0,,,,,https://www.ndph.ox.ac.uk/publications/1517326,,,J Am Heart Assoc,Journal article,,,,,,,1,1,[],{},staff_recent_publications_json
86,Fang Chen,A5100400043,https://openalex.org/A5100400043,Fang Chen,0.72,medium,local:bf3f757fde5e431d,Impact of New Cardiovascular Events on Quality of Life and Hospital Costs in People With Cardiovascular Disease in the United Kingdom and United States.,2023.0,2023-01-01,Fang Chen,,,medium,0.7,Bundled staff-profile publication; person-level match is credible but paper-level OpenAlex affiliation evidence is not available in the snapshot cache.,,,,,,Journal article,0,,,,,https://www.ndph.ox.ac.uk/publications/1536776,,,J Am Heart Assoc,Journal article,,,,,,,1,1,[],{},staff_recent_publications_json
88,Yiping Chen,A5100374685,https://openalex.org/A5100374685,Yiping Chen,0.72,medium,local:f89c7e129b2e9780,Long-term exposure to fine particulate matter interacting with individual conditions increase breast cancer incidence: a large-scale Chinese cohort,2025.0,2025-01-01,Yiping Chen,,,medium,0.7,Bundled staff-profile publication; person-level match is credible but paper-level OpenAlex affiliation evidence is not available in the snapshot cache.,,,,,,Journal article,0,,,,,https://www.ndph.ox.ac.uk/publications/2120859,,,Environmental Sciences Europe,Journal article,,,,,,,1,1,[],{},staff_recent_publications_json
88,Yiping Chen,A5100374685,https://openalex.org/A5100374685,Yiping Chen,0.72,medium,local:5b7c8e25019b49e3,Patterns and correlates of visual impairment and ocular hypertension among older adults in the general Chinese population: results from the CKB Biobank.,2025.0,2025-01-01,Yiping Chen,,,medium,0.7,Bundled staff-profile publication; person-level match is credible but paper-level OpenAlex affiliation evidence is not available in the snapshot cache.,,,,,,Journal article,0,,,,,https://www.ndph.ox.ac.uk/publications/2283151,,,Br J Ophthalmol,Journal article,,,,,,,1,1,[],{},staff_recent_publications_json
88,Yiping Chen,A5100374685,https://openalex.org/A5100374685,Yiping Chen,0.72,medium,local:561cf6ad02e765b0,Effect of Bariatric Surgery on Non-alcoholic Fatty Liver Disease: An Exploratory Metabolomics and Validation Study.,2025.0,2025-01-01,Yiping Chen,,,medium,0.7,Bundled staff-profile publication; person-level match is credible but paper-level OpenAlex affiliation evidence is not available in the snapshot cache.,,,,,,Journal article,0,,,,,https://www.ndph.ox.ac.uk/publications/2277057,,,Obes Surg,Journal article,,,,,,,1,1,[],{},staff_recent_publications_json
88,Yiping Chen,A5100374685,https://openalex.org/A5100374685,Yiping Chen,0.72,medium,local:587732b35aea63ae,Genetic Risk and Prognosis of the First Incident Stroke Survivors: Findings from China Kadoorie Biobank and UK Biobank.,2025.0,2025-01-01,Yiping Chen,,,medium,0.7,Bundled staff-profile publication; person-level match is credible but paper-level OpenAlex affiliation evidence is not available in the snapshot cache.,,,,,,Journal article,0,,,,,https://www.ndph.ox.ac.uk/publications/2133120,,,Neurology,Journal article,,,,,,,1,1,[],{},staff_recent_publications_json
88,Yiping Chen,A5100374685,https://openalex.org/A5100374685,Yiping Chen,0.72,medium,local:fcfb09ebef6ecca8,Risk thresholds for soft versus hard cardiovascular disease outcome models for initiating statin therapy among Chinese adults: a cost-utility analysis.,2025.0,2025-01-01,Yiping Chen,,,medium,0.7,Bundled staff-profile publication; person-level match is credible but paper-level OpenAlex affiliation evidence is not available in the snapshot cache.,,,,,,Journal article,0,,,,,https://www.ndph.ox.ac.uk/publications/2134097,,,BMC Med,Journal article,,,,,,,1,1,[],{},staff_recent_publications_json
91,Zhengming Chen,A5100619741,https://openalex.org/A5100619741,Zhengming Chen,0.72,medium,local:f89c7e129b2e9780,Long-term exposure to fine particulate matter interacting with individual conditions increase breast cancer incidence: a large-scale Chinese cohort,2025.0,2025-01-01,Zhengming Chen,,,medium,0.7,Bundled staff-profile publication; person-level match is credible but paper-level OpenAlex affiliation evidence is not available in the snapshot cache.,,,,,,Journal article,0,,,,,https://www.ndph.ox.ac.uk/publications/2120859,,,Environmental Sciences Europe,Journal article,,,,,,,1,1,[],{},staff_recent_publications_json
91,Zhengming Chen,A5100619741,https://openalex.org/A5100619741,Zhengming Chen,0.72,medium,local:5b7c8e25019b49e3,Patterns and correlates of visual impairment and ocular hypertension among older adults in the general Chinese population: results from the CKB Biobank.,2025.0,2025-01-01,Zhengming Chen,,,medium,0.7,Bundled staff-profile publication; person-level match is credible but paper-level OpenAlex affiliation evidence is not available in the snapshot cache.,,,,,,Journal article,0,,,,,https://www.ndph.ox.ac.uk/publications/2283151,,,Br J Ophthalmol,Journal article,,,,,,,1,1,[],{},staff_recent_publications_json
91,Zhengming Chen,A5100619741,https://openalex.org/A5100619741,Zhengming Chen,0.72,medium,local:faa69c19c39f3337,Effect modification of long-term air pollution exposure on the association of physical activity with COPD hospitalization: a prospective cohort study of 0.5 million Chinese adults,2025.0,2025-01-01,Zhengming Chen,,,medium,0.7,Bundled staff-profile publication; person-level match is credible but paper-level OpenAlex affiliation evidence is not available in the snapshot cache.,,,,,,Journal article,0,,,,,https://www.ndph.ox.ac.uk/publications/2280337,,,The Lancet Regional Health. Western Pacific,Journal article,,,,,,,1,1,[],{},staff_recent_publications_json
91,Zhengming Chen,A5100619741,https://openalex.org/A5100619741,Zhengming Chen,0.72,medium,local:a50fce3d9aa0f834,Association between tobacco smoking and the need for respiratory support and mortality in patients hospitalized with pneumonia,2025.0,2025-01-01,Zhengming Chen,,,medium,0.7,Bundled staff-profile publication; person-level match is credible but paper-level OpenAlex affiliation evidence is not available in the snapshot cache.,,,,,,Journal article,0,,,,,https://www.ndph.ox.ac.uk/publications/2285420,,,Chinese Journal of Epidemiology,Journal article,,,,,,,1,1,[],{},staff_recent_publications_json
91,Zhengming Chen,A5100619741,https://openalex.org/A5100619741,Zhengming Chen,0.72,medium,local:1071a8ebe4519da6,"Association of age at menarche, age at menopause, and reproductive lifespan with frailty index in Chinese adult women",2025.0,2025-01-01,Zhengming Chen,,,medium,0.7,Bundled staff-profile publication; person-level match is credible but paper-level OpenAlex affiliation evidence is not available in the snapshot cache.,,,,,,Journal article,0,,,,,https://www.ndph.ox.ac.uk/publications/2285417,,,Chinese Journal of Epidemiology,Journal article,,,,,,,1,1,[],{},staff_recent_publications_json
94,Yu-Jie Chiou,A5084735703,https://openalex.org/A5084735703,Yu-Jie Chiou,0.9,high,local:a61a4061d94ffd96,Interplay of Metabolome and Gut Microbiome in Individuals With Major Depressive Disorder vs Control Individuals.,2023.0,2023-01-01,Yu-Jie Chiou,,,high,0.88,Bundled staff-profile publication; high person-level OpenAlex match; publication has DOI or year evidence.,,,,,,Journal article,0,,,,,https://www.ndph.ox.ac.uk/publications/1337955,,,JAMA Psychiatry,Journal article,,,,,,,1,1,[],{},staff_recent_publications_json
94,Yu-Jie Chiou,A5084735703,https://openalex.org/A5084735703,Yu-Jie Chiou,0.9,high,local:58eb954cd1f4b89f,Timing of physical activity across adulthood on later-life cognition: 30 years follow-up in the 1946 British birth cohort,2023.0,2023-01-01,Yu-Jie Chiou,,,high,0.88,Bundled staff-profile publication; high person-level OpenAlex match; publication has DOI or year evidence.,,,,,,Journal article,0,,,,,https://www.ndph.ox.ac.uk/publications/1330707,,,Journal of Neurology,Journal article,,,,,,,1,1,[],{},staff_recent_publications_json
94,Yu-Jie Chiou,A5084735703,https://openalex.org/A5084735703,Yu-Jie Chiou,0.9,high,local:772994b83731dd2b,"Interplay of the human exposome, metabolome and gut microbiome in dementia and major depression",2022.0,2022-01-01,Yu-Jie Chiou,,,high,0.88,Bundled staff-profile publication; high person-level OpenAlex match; publication has DOI or year evidence.,,,,,,Conference paper,0,,,,,https://www.ndph.ox.ac.uk/publications/1317828,,,Alzheimer's and Dementia,Conference paper,,,,,,,1,1,[],{},staff_recent_publications_json
94,Yu-Jie Chiou,A5084735703,https://openalex.org/A5084735703,Yu-Jie Chiou,0.9,high,local:801e12f1a07040fa,Morbidity and Associated Factors of Depressive Disorder in Patients With Parkinson's Disease,2022.0,2022-01-01,Yu-Jie Chiou,,,high,0.88,Bundled staff-profile publication; high person-level OpenAlex match; publication has DOI or year evidence.,,,,,,Journal article,0,,,,,https://www.ndph.ox.ac.uk/publications/1330708,,,Journal of Nervous &amp; Mental Disease,Journal article,,,,,,,1,1,[],{},staff_recent_publications_json
94,Yu-Jie Chiou,A5084735703,https://openalex.org/A5084735703,Yu-Jie Chiou,0.9,high,local:472d15e1460c63ce,Longitudinal analysis of UK Biobank participants suggests age and APOE-dependent alterations of energy metabolism in development of dementia,2022.0,2022-01-01,Yu-Jie Chiou,,,high,0.88,Bundled staff-profile publication; high person-level OpenAlex match; publication has DOI or year evidence.,,,,,,Preprint,0,,,,,https://www.ndph.ox.ac.uk/publications/1245119,,,,Preprint,,,,,,,1,1,[],{},staff_recent_publications_json
94,Yu-Jie Chiou,A5084735703,https://openalex.org/A5084735703,Yu-Jie Chiou,0.9,high,local:c467ff5e36f1a4ae,A dyadic study of psychological well-being of individuals with Parkinson’s disease and their caregivers,2021.0,2021-01-01,Yu-Jie Chiou,,,high,0.88,Bundled staff-profile publication; high person-level OpenAlex match; publication has DOI or year evidence.,,,,,,Journal article,0,,,,,https://www.ndph.ox.ac.uk/publications/1330712,,,Scientific Reports,Journal article,,,,,,,1,1,[],{},staff_recent_publications_json
94,Yu-Jie Chiou,A5084735703,https://openalex.org/A5084735703,Yu-Jie Chiou,0.9,high,local:8b1f3f676dbbb227,Association between paternal age and risk of schizophrenia: a nationwide population–based study,2020.0,2020-01-01,Yu-Jie Chiou,,,high,0.88,Bundled staff-profile publication; high person-level OpenAlex match; publication has DOI or year evidence.,,,,,,Journal article,0,,,,,https://www.ndph.ox.ac.uk/publications/1149874,,,Journal of Assisted Reproduction and Genetics,Journal article,,,,,,,1,1,[],{},staff_recent_publications_json
94,Yu-Jie Chiou,A5084735703,https://openalex.org/A5084735703,Yu-Jie Chiou,0.9,high,local:084fc6954b071477,Prevalence and Associated Factors of Depressive Disorder in Caregivers of Individuals With Parkinson Disease,2020.0,2020-01-01,Yu-Jie Chiou,,,high,0.88,Bundled staff-profile publication; high person-level OpenAlex match; publication has DOI or year evidence.,,,,,,Journal article,0,,,,,https://www.ndph.ox.ac.uk/publications/1149875,,,Journal of Geriatric Psychiatry and Neurology,Journal article,,,,,,,1,1,[],{},staff_recent_publications_json
94,Yu-Jie Chiou,A5084735703,https://openalex.org/A5084735703,Yu-Jie Chiou,0.9,high,local:219bc3562b99a628,Brain-derived neurotrophic factor (BDNF) and bipolar disorder,2019.0,2019-01-01,Yu-Jie Chiou,,,high,0.88,Bundled staff-profile publication; high person-level OpenAlex match; publication has DOI or year evidence.,,,,,,Journal article,0,,,,,https://www.ndph.ox.ac.uk/publications/1149876,,,Psychiatry Research,Journal article,,,,,,,1,1,[],{},staff_recent_publications_json
94,Yu-Jie Chiou,A5084735703,https://openalex.org/A5084735703,Yu-Jie Chiou,0.9,high,local:2cceacd0c864da8c,Accuracy of brain-derived neurotrophic factor levels for differentiating between Taiwanese patients with major depressive disorder or schizophrenia and healthy controls,2019.0,2019-01-01,Yu-Jie Chiou,,,high,0.88,Bundled staff-profile publication; high person-level OpenAlex match; publication has DOI or year evidence.,,,,,,Other,0,,,,,https://www.ndph.ox.ac.uk/publications/1149877,,,PLoS One,Other,,,,,,,1,1,[],{},staff_recent_publications_json
97,Sarah Clark,A5005637423,https://openalex.org/A5005637423,Sarah Clark,0.72,medium,local:bcb3fa4c0e052006,Structural basis of lipid transfer by a bridge-like lipid-transfer protein,2025.0,2025-01-01,Sarah Clark,,,medium,0.7,Bundled staff-profile publication; person-level match is credible but paper-level OpenAlex affiliation evidence is not available in the snapshot cache.,,,,,,Journal article,0,,,,,https://www.ndph.ox.ac.uk/publications/2121347,,,Nature,Journal article,,,,,,,1,1,[],{},staff_recent_publications_json
97,Sarah Clark,A5005637423,https://openalex.org/A5005637423,Sarah Clark,0.72,medium,local:e3b14aeacc6d0cac,"Infectious pathogens and risk of esophageal, gastric and duodenal cancers and ulcers in China: A case-cohort study.",2024.0,2024-01-01,Sarah Clark,,,medium,0.7,Bundled staff-profile publication; person-level match is credible but paper-level OpenAlex affiliation evidence is not available in the snapshot cache.,,,,,,Journal article,0,,,,,https://www.ndph.ox.ac.uk/publications/1585621,,,Int J Cancer,Journal article,,,,,,,1,1,[],{},staff_recent_publications_json
97,Sarah Clark,A5005637423,https://openalex.org/A5005637423,Sarah Clark,0.72,medium,local:23341d6ac63598a1,The structure of the Caenorhabditis elegans TMC-2 complex suggests roles of lipid-mediated subunit contacts in mechanosensory transduction.,2024.0,2024-01-01,Sarah Clark,,,medium,0.7,Bundled staff-profile publication; person-level match is credible but paper-level OpenAlex affiliation evidence is not available in the snapshot cache.,,,,,,Journal article,0,,,,,https://www.ndph.ox.ac.uk/publications/1996575,,,Proceedings of the National Academy of Sciences of the United States of America,Journal article,,,,,,,1,1,[],{},staff_recent_publications_json
97,Sarah Clark,A5005637423,https://openalex.org/A5005637423,Sarah Clark,0.72,medium,local:c90e1ac7ab1a6543,Preoperative N-terminal pro-B-type natriuretic peptide and myocardial injury after stopping or continuing renin–angiotensin system inhibitors in noncardiac surgery: a prespecified analysis of a phase 2 randomised controlled multicentre trial,2024.0,2024-01-01,Sarah Clark,,,medium,0.7,Bundled staff-profile publication; person-level match is credible but paper-level OpenAlex affiliation evidence is not available in the snapshot cache.,,,,,,Journal article,0,,,,,https://www.ndph.ox.ac.uk/publications/1660752,,,British Journal of Anaesthesia,Journal article,,,,,,,1,1,[],{},staff_recent_publications_json
97,Sarah Clark,A5005637423,https://openalex.org/A5005637423,Sarah Clark,0.72,medium,local:db57d0ca528ae8e4,Cryo-EM structures reveal native GABAA receptor assemblies and pharmacology.,2023.0,2023-01-01,Sarah Clark,,,medium,0.7,Bundled staff-profile publication; person-level match is credible but paper-level OpenAlex affiliation evidence is not available in the snapshot cache.,,,,,,Journal article,0,,,,,https://www.ndph.ox.ac.uk/publications/1996576,,,Nature,Journal article,,,,,,,1,1,[],{},staff_recent_publications_json
99,Philip Clarke,A5072230333,https://openalex.org/A5072230333,Philip Clarke,0.9,high,local:054b27f38501c3de,Flash glucose monitoring for Indigenous Australians with type 2 diabetes: a randomised pilot and feasibility study,2025.0,2025-01-01,Philip Clarke,,,high,0.88,Bundled staff-profile publication; high person-level OpenAlex match; publication has DOI or year evidence.,,,,,,Journal article,0,,,,,https://www.ndph.ox.ac.uk/publications/2132095,,,Pilot and Feasibility Studies,Journal article,,,,,,,1,1,[],{},staff_recent_publications_json
99,Philip Clarke,A5072230333,https://openalex.org/A5072230333,Philip Clarke,0.9,high,local:f1001dec17a0e8cd,Accuracy of online surveys in predicting COVID-19 uptake and demand: A cohort study investigating vaccine sentiments and switching in 13 countries from 2020 to 2022.,2025.0,2025-01-01,Philip Clarke,,,high,0.88,Bundled staff-profile publication; high person-level OpenAlex match; publication has DOI or year evidence.,,,,,,Journal article,0,,,,,https://www.ndph.ox.ac.uk/publications/2242571,,,Vaccine,Journal article,,,,,,,1,1,[],{},staff_recent_publications_json
99,Philip Clarke,A5072230333,https://openalex.org/A5072230333,Philip Clarke,0.9,high,local:0a1e47cc4f53ad91,Effects of empagliflozin on quality of life and healthcare use and costs in chronic kidney disease: a health economic analysis of the EMPA-KIDNEY trial.,2025.0,2025-01-01,Philip Clarke,,,high,0.88,Bundled staff-profile publication; high person-level OpenAlex match; publication has DOI or year evidence.,,,,,,Journal article,0,,,,,https://www.ndph.ox.ac.uk/publications/2130860,,,EClinicalMedicine,Journal article,,,,,,,1,1,[],{},staff_recent_publications_json
99,Philip Clarke,A5072230333,https://openalex.org/A5072230333,Philip Clarke,0.9,high,local:6ab40f814417b21c,Reducing inequalities through greater diversity in clinical trials - As important for medical devices as for drugs and therapeutics.,2025.0,2025-01-01,Philip Clarke,,,high,0.88,Bundled staff-profile publication; high person-level OpenAlex match; publication has DOI or year evidence.,,,,,,Journal article,0,,,,,https://www.ndph.ox.ac.uk/publications/2093966,,,Contemp Clin Trials Commun,Journal article,,,,,,,1,1,[],{},staff_recent_publications_json
99,Philip Clarke,A5072230333,https://openalex.org/A5072230333,Philip Clarke,0.9,high,local:efd8130fb41d3d27,Quantifying the impact of intervention on health outcomes: A tool for assessing incremental changes to life expectancy.,2025.0,2025-01-01,Philip Clarke,,,high,0.88,Bundled staff-profile publication; high person-level OpenAlex match; publication has DOI or year evidence.,,,,,,Journal article,0,,,,,https://www.ndph.ox.ac.uk/publications/2119969,,,Value Health,Journal article,,,,,,,1,1,[],{},staff_recent_publications_json
100,Robert Clarke,A5042642059,https://openalex.org/A5042642059,Robert Clarke,0.9,high,local:5b7c8e25019b49e3,Patterns and correlates of visual impairment and ocular hypertension among older adults in the general Chinese population: results from the CKB Biobank.,2025.0,2025-01-01,Robert Clarke,,,high,0.88,Bundled staff-profile publication; high person-level OpenAlex match; publication has DOI or year evidence.,,,,,,Journal article,0,,,,,https://www.ndph.ox.ac.uk/publications/2283151,,,Br J Ophthalmol,Journal article,,,,,,,1,1,[],{},staff_recent_publications_json
100,Robert Clarke,A5042642059,https://openalex.org/A5042642059,Robert Clarke,0.9,high,local:fcfb09ebef6ecca8,Risk thresholds for soft versus hard cardiovascular disease outcome models for initiating statin therapy among Chinese adults: a cost-utility analysis.,2025.0,2025-01-01,Robert Clarke,,,high,0.88,Bundled staff-profile publication; high person-level OpenAlex match; publication has DOI or year evidence.,,,,,,Journal article,0,,,,,https://www.ndph.ox.ac.uk/publications/2134097,,,BMC Med,Journal article,,,,,,,1,1,[],{},staff_recent_publications_json
100,Robert Clarke,A5042642059,https://openalex.org/A5042642059,Robert Clarke,0.9,high,local:6e03f02ba41bfd01,GDF15 and its receptors as pathways mediating smoking related weight change.,2025.0,2025-01-01,Robert Clarke,,,high,0.88,Bundled staff-profile publication; high person-level OpenAlex match; publication has DOI or year evidence.,,,,,,Journal article,0,,,,,https://www.ndph.ox.ac.uk/publications/2128942,,,EBioMedicine,Journal article,,,,,,,1,1,[],{},staff_recent_publications_json
100,Robert Clarke,A5042642059,https://openalex.org/A5042642059,Robert Clarke,0.9,high,local:8e5ecaf3abbde096,A Mendelian randomization study of the effect of body mass index on 52 causes of death among 125 000 Mexican adults with admixed ancestry.,2025.0,2025-01-01,Robert Clarke,,,high,0.88,Bundled staff-profile publication; high person-level OpenAlex match; publication has DOI or year evidence.,,,,,,Journal article,0,,,,,https://www.ndph.ox.ac.uk/publications/2127954,,,Int J Epidemiol,Journal article,,,,,,,1,1,[],{},staff_recent_publications_json
100,Robert Clarke,A5042642059,https://openalex.org/A5042642059,Robert Clarke,0.9,high,local:3a9f01c9c9df3af7,Correction: Optimum dose of vitamin D for disease prevention in older people: BEST-D trial of vitamin D in primary care.,2025.0,2025-01-01,Robert Clarke,,,high,0.88,Bundled staff-profile publication; high person-level OpenAlex match; publication has DOI or year evidence.,,,,,,Journal article,0,,,,,https://www.ndph.ox.ac.uk/publications/2127358,,,Osteoporos Int,Journal article,,,,,,,1,1,[],{},staff_recent_publications_json
102,Victoria Coathup,A5074652530,https://openalex.org/A5074652530,Victoria Coathup,0.9,high,local:f21e8dff15e6f9a1,Is maternal Body Mass Index associated with offspring infection-related hospital admissions? Findings from the Born in Bradford cohort study linked to hospital admission data,2025.0,2025-01-01,Victoria Coathup,,,high,0.88,Bundled staff-profile publication; high person-level OpenAlex match; publication has DOI or year evidence.,,,,,,Journal article,0,,,,,https://www.ndph.ox.ac.uk/publications/2093740,,,BMJ Medicine,Journal article,,,,,,,1,1,[],{},staff_recent_publications_json
102,Victoria Coathup,A5074652530,https://openalex.org/A5074652530,Victoria Coathup,0.9,high,local:1f289a237b56d274,Association between maternal body mass index and hospital admissions for infection in offspring: longitudinal cohort study.,2025.0,2025-01-01,Victoria Coathup,,,high,0.88,Bundled staff-profile publication; high person-level OpenAlex match; publication has DOI or year evidence.,,,,,,Journal article,0,,,,,https://www.ndph.ox.ac.uk/publications/2131582,,,BMJ Med,Journal article,,,,,,,1,1,[],{},staff_recent_publications_json
102,Victoria Coathup,A5074652530,https://openalex.org/A5074652530,Victoria Coathup,0.9,high,local:ef79f519e7f8ba37,Determinants of gestational weight gain during pregnancy in a multiethnic UK-based population: Findings from the Born in Bradford cohort study.,2025.0,2025-01-01,Victoria Coathup,,,high,0.88,Bundled staff-profile publication; high person-level OpenAlex match; publication has DOI or year evidence.,,,,,,Journal article,0,,,,,https://www.ndph.ox.ac.uk/publications/2124103,,,PLoS One,Journal article,,,,,,,1,1,[],{},staff_recent_publications_json
102,Victoria Coathup,A5074652530,https://openalex.org/A5074652530,Victoria Coathup,0.9,high,local:c3d15facbc8ce91a,Associations between maternal body mass index and childhood infections in UK primary care: findings from the Born in Bradford birth cohort study.,2024.0,2024-01-01,Victoria Coathup,,,high,0.88,Bundled staff-profile publication; high person-level OpenAlex match; publication has DOI or year evidence.,,,,,,Journal article,0,,,,,https://www.ndph.ox.ac.uk/publications/2037843,,,Arch Dis Child,Journal article,,,,,,,1,1,[],{},staff_recent_publications_json
102,Victoria Coathup,A5074652530,https://openalex.org/A5074652530,Victoria Coathup,0.9,high,local:5dd0453dd0a884e6,Gestational age and hospital admission costs from birth to childhood: a population-based record linkage study in England.,2023.0,2023-01-01,Victoria Coathup,,,high,0.88,Bundled staff-profile publication; high person-level OpenAlex match; publication has DOI or year evidence.,,,,,,Journal article,0,,,,,https://www.ndph.ox.ac.uk/publications/1327785,,,Arch Dis Child Fetal Neonatal Ed,Journal article,,,,,,,1,1,[],{},staff_recent_publications_json
103,Sophie Cole,A5075168685,https://openalex.org/A5075168685,Sophie Cole,0.9,high,local:c4d9137860dab3d5,Activity outcomes after hip arthroplasty: an information tool based on patients' experience captured in a hospital registry.,2025.0,2025-01-01,Sophie Cole,,,high,0.88,Bundled staff-profile publication; high person-level OpenAlex match; publication has DOI or year evidence.,,,,,,Journal article,0,,,,,https://www.ndph.ox.ac.uk/publications/2283799,,,BMC Musculoskelet Disord,Journal article,,,,,,,1,1,[],{},staff_recent_publications_json
103,Sophie Cole,A5075168685,https://openalex.org/A5075168685,Sophie Cole,0.9,high,local:6b257eac2f51a2a7,Inequality in COVID-19 vaccine acceptance and uptake: A repeated cross-sectional analysis of COVID vaccine acceptance and uptake in 13 countries.,2025.0,2025-01-01,Sophie Cole,,,high,0.88,Bundled staff-profile publication; high person-level OpenAlex match; publication has DOI or year evidence.,,,,,,Journal article,0,,,,,https://www.ndph.ox.ac.uk/publications/2080428,,,Health Policy,Journal article,,,,,,,1,1,[],{},staff_recent_publications_json
103,Sophie Cole,A5075168685,https://openalex.org/A5075168685,Sophie Cole,0.9,high,local:e422dbb8a02678dc,Reverse total shoulder replacement versus anatomical total shoulder replacement for osteoarthritis: population based cohort study using data from the National Joint Registry and Hospital Episode Statistics for England,2024.0,2024-01-01,Sophie Cole,,,high,0.88,Bundled staff-profile publication; high person-level OpenAlex match; publication has DOI or year evidence.,,,,,,Journal article,0,,,,,https://www.ndph.ox.ac.uk/publications/1994009,,,The BMJ,Journal article,,,,,,,1,1,[],{},staff_recent_publications_json
103,Sophie Cole,A5075168685,https://openalex.org/A5075168685,Sophie Cole,0.9,high,local:da9285142af1edcd,Patients' experience on pain outcomes after hip arthroplasty: insights from an information tool based on registry data.,2024.0,2024-01-01,Sophie Cole,,,high,0.88,Bundled staff-profile publication; high person-level OpenAlex match; publication has DOI or year evidence.,,,,,,Journal article,0,,,,,https://www.ndph.ox.ac.uk/publications/1987704,,,BMC Musculoskelet Disord,Journal article,,,,,,,1,1,[],{},staff_recent_publications_json
103,Sophie Cole,A5075168685,https://openalex.org/A5075168685,Sophie Cole,0.9,high,local:6254ce30903b0d77,Modelled cost-effectiveness analysis of the Support and Treatment After Replacement (STAR) care pathway for chronic pain after total knee replacement compared with usual care,2024.0,2024-01-01,Sophie Cole,,,high,0.88,Bundled staff-profile publication; high person-level OpenAlex match; publication has DOI or year evidence.,,,,,,Journal article,0,,,,,https://www.ndph.ox.ac.uk/publications/1865163,,,Cost Effectiveness and Resource Allocation,Journal article,,,,,,,1,1,[],{},staff_recent_publications_json
104,Rory Collins,A5090621185,https://openalex.org/A5090621185,Rory Collins,0.9,high,local:5b7c8e25019b49e3,Patterns and correlates of visual impairment and ocular hypertension among older adults in the general Chinese population: results from the CKB Biobank.,2025.0,2025-01-01,Rory Collins,,,high,0.88,Bundled staff-profile publication; high person-level OpenAlex match; publication has DOI or year evidence.,,,,,,Journal article,0,,,,,https://www.ndph.ox.ac.uk/publications/2283151,,,Br J Ophthalmol,Journal article,,,,,,,1,1,[],{},staff_recent_publications_json
104,Rory Collins,A5090621185,https://openalex.org/A5090621185,Rory Collins,0.9,high,local:8e5ecaf3abbde096,A Mendelian randomization study of the effect of body mass index on 52 causes of death among 125 000 Mexican adults with admixed ancestry.,2025.0,2025-01-01,Rory Collins,,,high,0.88,Bundled staff-profile publication; high person-level OpenAlex match; publication has DOI or year evidence.,,,,,,Journal article,0,,,,,https://www.ndph.ox.ac.uk/publications/2127954,,,Int J Epidemiol,Journal article,,,,,,,1,1,[],{},staff_recent_publications_json
104,Rory Collins,A5090621185,https://openalex.org/A5090621185,Rory Collins,0.9,high,local:4a94cef26762b4b9,Type 2 diabetes and cause-specific mortality in Mexico City: a Mendelian randomisation analysis.,2025.0,2025-01-01,Rory Collins,,,high,0.88,Bundled staff-profile publication; high person-level OpenAlex match; publication has DOI or year evidence.,,,,,,Journal article,0,,,,,https://www.ndph.ox.ac.uk/publications/2095268,,,Lancet Reg Health Am,Journal article,,,,,,,1,1,[],{},staff_recent_publications_json
104,Rory Collins,A5090621185,https://openalex.org/A5090621185,Rory Collins,0.9,high,local:1144abc8441628c6,Causal Relevance of Lp(a) for Coronary Heart Disease and Stroke Types in East Asian and European Ancestry Populations: A Mendelian Randomization Study.,2025.0,2025-01-01,Rory Collins,,,high,0.88,Bundled staff-profile publication; high person-level OpenAlex match; publication has DOI or year evidence.,,,,,,Journal article,0,,,,,https://www.ndph.ox.ac.uk/publications/2098981,,,Circulation,Journal article,,,,,,,1,1,[],{},staff_recent_publications_json
104,Rory Collins,A5090621185,https://openalex.org/A5090621185,Rory Collins,0.9,high,local:b8eb85b8c7e50c2a,"Hyperuricemia, gout and the associated comorbidities in  China: findings from a prospective study of 0.5 million adults",2025.0,2025-01-01,Rory Collins,,,high,0.88,Bundled staff-profile publication; high person-level OpenAlex match; publication has DOI or year evidence.,,,,,,Journal article,0,,,,,https://www.ndph.ox.ac.uk/publications/2119445,,,The Lancet Regional Health - Western Pacific,Journal article,,,,,,,1,1,[],{},staff_recent_publications_json
105,Jennifer Collister,A5031369308,https://openalex.org/A5031369308,Jennifer Collister,0.9,high,local:eee47324cb0703b6,Integrating the environmental and genetic architectures of aging and mortality.,2025.0,2025-01-01,Jennifer Collister,,,high,0.88,Bundled staff-profile publication; high person-level OpenAlex match; publication has DOI or year evidence.,,,,,,Journal article,0,,,,,https://www.ndph.ox.ac.uk/publications/2090908,,,Nat Med,Journal article,,,,,,,1,1,[],{},staff_recent_publications_json
105,Jennifer Collister,A5031369308,https://openalex.org/A5031369308,Jennifer Collister,0.9,high,local:b4c600fda5179455,Assessing the Value of Incorporating a Polygenic Risk Score with Nongenetic Factors for Predicting Breast Cancer Diagnosis in the UK Biobank.,2024.0,2024-01-01,Jennifer Collister,,,high,0.88,Bundled staff-profile publication; high person-level OpenAlex match; publication has DOI or year evidence.,,,,,,Journal article,0,,,,,https://www.ndph.ox.ac.uk/publications/1991059,,,Cancer Epidemiol Biomarkers Prev,Journal article,,,,,,,1,1,[],{},staff_recent_publications_json
105,Jennifer Collister,A5031369308,https://openalex.org/A5031369308,Jennifer Collister,0.9,high,local:cb5e02446ca790ad,Incorporating polygenic risk into the Leicester Risk Assessment score for 10-year risk prediction of type 2 diabetes.,2024.0,2024-01-01,Jennifer Collister,,,high,0.88,Bundled staff-profile publication; high person-level OpenAlex match; publication has DOI or year evidence.,,,,,,Journal article,0,,,,,https://www.ndph.ox.ac.uk/publications/1987772,,,Diabetes Metab Syndr,Journal article,,,,,,,1,1,[],{},staff_recent_publications_json
105,Jennifer Collister,A5031369308,https://openalex.org/A5031369308,Jennifer Collister,0.9,high,local:919bcf507b2768aa,Assessing the importance of primary care diagnoses in the UK Biobank.,2024.0,2024-01-01,Jennifer Collister,,,high,0.88,Bundled staff-profile publication; high person-level OpenAlex match; publication has DOI or year evidence.,,,,,,Journal article,0,,,,,https://www.ndph.ox.ac.uk/publications/1601530,,,Eur J Epidemiol,Journal article,,,,,,,1,1,[],{},staff_recent_publications_json
105,Jennifer Collister,A5031369308,https://openalex.org/A5031369308,Jennifer Collister,0.9,high,local:99b2a1b822569c55,Association between metabolic syndrome and risk of incident dementia in UK Biobank.,2024.0,2024-01-01,Jennifer Collister,,,high,0.88,Bundled staff-profile publication; high person-level OpenAlex match; publication has DOI or year evidence.,,,,,,Journal article,0,,,,,https://www.ndph.ox.ac.uk/publications/1522775,,,Alzheimers Dement,Journal article,,,,,,,1,1,[],{},staff_recent_publications_json
106,Megan Conroy,A5017058524,https://openalex.org/A5017058524,Megan Conroy,0.9,high,local:bf2bbb5021b9a021,UK Biobank-A Unique Resource for Discovery and Translation Research on Genetics and Neurologic Disease.,2025.0,2025-01-01,Megan Conroy,,,high,0.88,Bundled staff-profile publication; high person-level OpenAlex match; publication has DOI or year evidence.,,,,,,Journal article,0,,,,,https://www.ndph.ox.ac.uk/publications/2079210,,,Neurol Genet,Journal article,,,,,,,1,1,[],{},staff_recent_publications_json
106,Megan Conroy,A5017058524,https://openalex.org/A5017058524,Megan Conroy,0.9,high,local:db80297f61b23569,Comparison of body composition measures assessed by bioelectrical impedance analysis versus dual-energy X-ray absorptiometry in the United Kingdom Biobank.,2024.0,2024-01-01,Megan Conroy,,,high,0.88,Bundled staff-profile publication; high person-level OpenAlex match; publication has DOI or year evidence.,,,,,,Journal article,0,,,,,https://www.ndph.ox.ac.uk/publications/2011338,,,Clin Nutr ESPEN,Journal article,,,,,,,1,1,[],{},staff_recent_publications_json
106,Megan Conroy,A5017058524,https://openalex.org/A5017058524,Megan Conroy,0.9,high,local:d960a9b426f6f2d0,Brain Care Score and Neuroimaging Markers of Brain Health in Asymptomatic Middle-Age Persons.,2024.0,2024-01-01,Megan Conroy,,,high,0.88,Bundled staff-profile publication; high person-level OpenAlex match; publication has DOI or year evidence.,,,,,,Journal article,0,,,,,https://www.ndph.ox.ac.uk/publications/2018523,,,Neurology,Journal article,,,,,,,1,1,[],{},staff_recent_publications_json
106,Megan Conroy,A5017058524,https://openalex.org/A5017058524,Megan Conroy,0.9,high,local:9bd599bc4f65d9d3,"Corrigendum to ""Waist-to-height ratio and body fat percentage as risk factors for ischemic cardiovascular disease: a prospective cohort study from UK Biobank"" [Am J Clin Nutr 119 (2024) 1386-1396].",2024.0,2024-01-01,Megan Conroy,,,high,0.88,Bundled staff-profile publication; high person-level OpenAlex match; publication has DOI or year evidence.,,,,,,Journal article,0,,,,,https://www.ndph.ox.ac.uk/publications/2018888,,,Am J Clin Nutr,Journal article,,,,,,,1,1,[],{},staff_recent_publications_json
106,Megan Conroy,A5017058524,https://openalex.org/A5017058524,Megan Conroy,0.9,high,local:48bbae0c045225a2,Waist-to-height ratio and body fat percentage as risk factors for ischemic cardiovascular disease: a prospective cohort study from UK Biobank.,2024.0,2024-01-01,Megan Conroy,,,high,0.88,Bundled staff-profile publication; high person-level OpenAlex match; publication has DOI or year evidence.,,,,,,Journal article,0,,,,,https://www.ndph.ox.ac.uk/publications/1996474,,,Am J Clin Nutr,Journal article,,,,,,,1,1,[],{},staff_recent_publications_json
110,David Cutter,A5071616473,https://openalex.org/A5071616473,David Cutter,0.9,high,local:936458468427fdf6,Second cancers in 475 000 women with early invasive breast cancer diagnosed in England during 1993-2016: population based observational cohort study.,2025.0,2025-01-01,David Cutter,,,high,0.88,Bundled staff-profile publication; high person-level OpenAlex match; publication has DOI or year evidence.,,,,,,Journal article,0,,,,,https://www.ndph.ox.ac.uk/publications/2284667,,,BMJ,Journal article,,,,,,,1,1,[],{},staff_recent_publications_json
110,David Cutter,A5071616473,https://openalex.org/A5071616473,David Cutter,0.9,high,local:5275dde838989ae0,Proton beam therapy for mediastinal Hodgkin lymphoma: A prospective study of clinical efficacy and safety.,2025.0,2025-01-01,David Cutter,,,high,0.88,Bundled staff-profile publication; high person-level OpenAlex match; publication has DOI or year evidence.,,,,,,Journal article,0,,,,,https://www.ndph.ox.ac.uk/publications/2244687,,,Radiother Oncol,Journal article,,,,,,,1,1,[],{},staff_recent_publications_json
110,David Cutter,A5071616473,https://openalex.org/A5071616473,David Cutter,0.9,high,local:ca78e501063d116f,Inequalities in geographic barriers and patient representation in lymphoma clinical trials across England.,2025.0,2025-01-01,David Cutter,,,high,0.88,Bundled staff-profile publication; high person-level OpenAlex match; publication has DOI or year evidence.,,,,,,Journal article,0,,,,,https://www.ndph.ox.ac.uk/publications/2068850,,,Br J Haematol,Journal article,,,,,,,1,1,[],{},staff_recent_publications_json
110,David Cutter,A5071616473,https://openalex.org/A5071616473,David Cutter,0.9,high,local:3a9c4d9ac8f9bc51,Perfect is the enemy of good: Reply to Struikmans et al.,2025.0,2025-01-01,David Cutter,,,high,0.88,Bundled staff-profile publication; high person-level OpenAlex match; publication has DOI or year evidence.,,,,,,Journal article,0,,,,,https://www.ndph.ox.ac.uk/publications/2044498,,,Radiother Oncol,Journal article,,,,,,,1,1,[],{},staff_recent_publications_json
110,David Cutter,A5071616473,https://openalex.org/A5071616473,David Cutter,0.9,high,local:76e9f7ab8b152ec5,Assessment of fitness for bleomycin use and management of bleomycin pulmonary toxicity in patients with classical Hodgkin lymphoma: A British Society for Haematology Good Practice Paper.,2024.0,2024-01-01,David Cutter,,,high,0.88,Bundled staff-profile publication; high person-level OpenAlex match; publication has DOI or year evidence.,,,,,,Journal article,0,,,,,https://www.ndph.ox.ac.uk/publications/2055345,,,Br J Haematol,Journal article,,,,,,,1,1,[],{},staff_recent_publications_json
113,Elston D’Souza,A5014126070,https://openalex.org/A5014126070,Elston D’Souza,0.9,high,local:5305d5022a00688e,De novo variants in the RNU4-2 snRNA cause a frequent neurodevelopmental syndrome.,2024.0,2024-01-01,Elston D’Souza,,,high,0.88,Bundled staff-profile publication; high person-level OpenAlex match; publication has DOI or year evidence.,,,,,,Journal article,0,,,,,https://www.ndph.ox.ac.uk/publications/2014462,,,Nature,Journal article,,,,,,,1,1,[],{},staff_recent_publications_json
113,Elston D’Souza,A5014126070,https://openalex.org/A5014126070,Elston D’Souza,0.9,high,local:802da78408804e5b,Modulation of prion protein expression through cryptic splice site manipulation.,2024.0,2024-01-01,Elston D’Souza,,,high,0.88,Bundled staff-profile publication; high person-level OpenAlex match; publication has DOI or year evidence.,,,,,,Journal article,0,,,,,https://www.ndph.ox.ac.uk/publications/2017225,,,J Biol Chem,Journal article,,,,,,,1,1,[],{},staff_recent_publications_json
114,Bruno da Costa,A5069082766,https://openalex.org/A5069082766,Bruno da Costa,0.9,high,local:64477e76bfd82610,Canadian Adaptive Platform Trial of Treatments for COVID in Community Settings (CanTreatCOVID): protocol for a randomised controlled adaptive platform trial of treatments for acute SARS-CoV-2 infection in community settings.,2025.0,2025-01-01,Bruno da Costa,,,high,0.88,Bundled staff-profile publication; high person-level OpenAlex match; publication has DOI or year evidence.,,,,,,Journal article,0,,,,,https://www.ndph.ox.ac.uk/publications/2272823,,,BMJ Open,Journal article,,,,,,,1,1,[],{},staff_recent_publications_json
114,Bruno da Costa,A5069082766,https://openalex.org/A5069082766,Bruno da Costa,0.9,high,local:db12f4965af5d0af,Worldwide and time trends in sodium and potassium intakes in children and adolescents: a systematic review and meta-analysis,2025.0,2025-01-01,Bruno da Costa,,,high,0.88,Bundled staff-profile publication; high person-level OpenAlex match; publication has DOI or year evidence.,,,,,,Journal article,0,,,,,https://www.ndph.ox.ac.uk/publications/2281509,,,BMJ Nutrition,Journal article,,,,,,,1,1,[],{},staff_recent_publications_json
114,Bruno da Costa,A5069082766,https://openalex.org/A5069082766,Bruno da Costa,0.9,high,local:365cd214003f75cc,2024 Revision of the level of evidence grading system for ESC clinical practice guideline recommendations I: therapy and prevention.,2025.0,2025-01-01,Bruno da Costa,,,high,0.88,Bundled staff-profile publication; high person-level OpenAlex match; publication has DOI or year evidence.,,,,,,Journal article,0,,,,,https://www.ndph.ox.ac.uk/publications/2097009,,,Eur Heart J,Journal article,,,,,,,1,1,[],{},staff_recent_publications_json
114,Bruno da Costa,A5069082766,https://openalex.org/A5069082766,Bruno da Costa,0.9,high,local:ba161e4ba5dfd5fd,Titanium-nitride-oxide-coated vs. drug-eluting stents in acute coronary syndromes: an individual patient data meta-analysis.,2025.0,2025-01-01,Bruno da Costa,,,high,0.88,Bundled staff-profile publication; high person-level OpenAlex match; publication has DOI or year evidence.,,,,,,Journal article,0,,,,,https://www.ndph.ox.ac.uk/publications/2091199,,,Eur Heart J,Journal article,,,,,,,1,1,[],{},staff_recent_publications_json
114,Bruno da Costa,A5069082766,https://openalex.org/A5069082766,Bruno da Costa,0.9,high,local:b4c9d56a776a5b02,"Comparative effectiveness of manual therapy, pharmacological treatment, exercise therapy, and education for neck pain (COMPETE study): protocol of a systematic review with network meta-analysis.",2025.0,2025-01-01,Bruno da Costa,,,high,0.88,Bundled staff-profile publication; high person-level OpenAlex match; publication has DOI or year evidence.,,,,,,Journal article,0,,,,,https://www.ndph.ox.ac.uk/publications/2082594,,,Syst Rev,Journal article,,,,,,,1,1,[],{},staff_recent_publications_json
116,Helen Dakin,A5029921279,https://openalex.org/A5029921279,Helen Dakin,0.9,high,local:c9b94cfcda65e7dd,Using QALYs as an Outcome for Assessing Global Prediction Accuracy in Diabetes Simulation Models.,2025.0,2025-01-01,Helen Dakin,,,high,0.88,Bundled staff-profile publication; high person-level OpenAlex match; publication has DOI or year evidence.,,,,,,Journal article,0,,,,,https://www.ndph.ox.ac.uk/publications/2022962,,,Med Decis Making,Journal article,,,,,,,1,1,[],{},staff_recent_publications_json
116,Helen Dakin,A5029921279,https://openalex.org/A5029921279,Helen Dakin,0.9,high,local:8f92b3a04c7c0964,How are maternal and fetal outcomes incorporated when measuring benefits of interventions in pregnancy? Findings from a systematic review of cost-utility analyses.,2024.0,2024-01-01,Helen Dakin,,,high,0.88,Bundled staff-profile publication; high person-level OpenAlex match; publication has DOI or year evidence.,,,,,,Journal article,0,,,,,https://www.ndph.ox.ac.uk/publications/2025059,,,Health Qual Life Outcomes,Journal article,,,,,,,1,1,[],{},staff_recent_publications_json
116,Helen Dakin,A5029921279,https://openalex.org/A5029921279,Helen Dakin,0.9,high,local:65e955ee32b1afa9,Estimating Risk Factor Time Paths Among People with Type 2 Diabetes and QALY Gains from Risk Factor Management.,2024.0,2024-01-01,Helen Dakin,,,high,0.88,Bundled staff-profile publication; high person-level OpenAlex match; publication has DOI or year evidence.,,,,,,Journal article,0,,,,,https://www.ndph.ox.ac.uk/publications/2010430,,,Pharmacoeconomics,Journal article,,,,,,,1,1,[],{},staff_recent_publications_json
116,Helen Dakin,A5029921279,https://openalex.org/A5029921279,Helen Dakin,0.9,high,local:03367ff6718b3080,Using orthopaedic health care resources efficiently: A cost analysis of day surgery for unicompartmental knee replacement.,2024.0,2024-01-01,Helen Dakin,,,high,0.88,Bundled staff-profile publication; high person-level OpenAlex match; publication has DOI or year evidence.,,,,,,Journal article,0,,,,,https://www.ndph.ox.ac.uk/publications/2012648,,,Knee,Journal article,,,,,,,1,1,[],{},staff_recent_publications_json
116,Helen Dakin,A5029921279,https://openalex.org/A5029921279,Helen Dakin,0.9,high,local:07e0086d8667f404,"Stereotactic radiotherapy for neovascular age-related macular degeneration (STAR): a pivotal, randomised, double-masked, sham-controlled device trial.",2024.0,2024-01-01,Helen Dakin,,,high,0.88,Bundled staff-profile publication; high person-level OpenAlex match; publication has DOI or year evidence.,,,,,,Journal article,0,,,,,https://www.ndph.ox.ac.uk/publications/2007941,,,Lancet,Journal article,,,,,,,1,1,[],{},staff_recent_publications_json
117,Sarah Darby,A5041371513,https://openalex.org/A5041371513,Sarah Darby,0.72,medium,local:936458468427fdf6,Second cancers in 475 000 women with early invasive breast cancer diagnosed in England during 1993-2016: population based observational cohort study.,2025.0,2025-01-01,Sarah Darby,,,medium,0.7,Bundled staff-profile publication; person-level match is credible but paper-level OpenAlex affiliation evidence is not available in the snapshot cache.,,,,,,Journal article,0,,,,,https://www.ndph.ox.ac.uk/publications/2284667,,,BMJ,Journal article,,,,,,,1,1,[],{},staff_recent_publications_json
117,Sarah Darby,A5041371513,https://openalex.org/A5041371513,Sarah Darby,0.72,medium,local:7d92c0c0dae52b33,Cardiovascular disease incidence rates: a study using routinely collected health data.,2023.0,2023-01-01,Sarah Darby,,,medium,0.7,Bundled staff-profile publication; person-level match is credible but paper-level OpenAlex affiliation evidence is not available in the snapshot cache.,,,,,,Journal article,0,,,,,https://www.ndph.ox.ac.uk/publications/1573461,,,Cardiooncology,Journal article,,,,,,,1,1,[],{},staff_recent_publications_json
117,Sarah Darby,A5041371513,https://openalex.org/A5041371513,Sarah Darby,0.72,medium,local:ed32e8b006cad278,Proton Beam Therapy for Early Breast Cancer: A Systematic Review and Meta-analysis of Clinical Outcomes.,2023.0,2023-01-01,Sarah Darby,,,medium,0.7,Bundled staff-profile publication; person-level match is credible but paper-level OpenAlex affiliation evidence is not available in the snapshot cache.,,,,,,Journal article,0,,,,,https://www.ndph.ox.ac.uk/publications/1328556,,,Int J Radiat Oncol Biol Phys,Journal article,,,,,,,1,1,[],{},staff_recent_publications_json
117,Sarah Darby,A5041371513,https://openalex.org/A5041371513,Sarah Darby,0.72,medium,local:6287ac3354c21037,Ki67 and breast cancer mortality in women with invasive breast cancer.,2023.0,2023-01-01,Sarah Darby,,,medium,0.7,Bundled staff-profile publication; person-level match is credible but paper-level OpenAlex affiliation evidence is not available in the snapshot cache.,,,,,,Journal article,0,,,,,https://www.ndph.ox.ac.uk/publications/1510271,,,JNCI Cancer Spectr,Journal article,,,,,,,1,1,[],{},staff_recent_publications_json
117,Sarah Darby,A5041371513,https://openalex.org/A5041371513,Sarah Darby,0.72,medium,local:7701064929810c37,"Breast cancer mortality in 500 000 women with early invasive breast cancer diagnosed in England, 1993-2015: population based observational cohort study.",2023.0,2023-01-01,Sarah Darby,,,medium,0.7,Bundled staff-profile publication; person-level match is credible but paper-level OpenAlex affiliation evidence is not available in the snapshot cache.,,,,,,Journal article,0,,,,,https://www.ndph.ox.ac.uk/publications/1339124,,,BMJ,Journal article,,,,,,,1,1,[],{},staff_recent_publications_json
119,Kelly Davies,A5115591195,https://openalex.org/A5115591195,Kelly Davies,0.72,medium,local:29ddeefcf782557c,Effects of statin therapy on diagnoses of new-onset diabetes and worsening glycaemia in large-scale randomised blinded statin trials: an individual participant data meta-analysis.,2024.0,2024-01-01,Kelly Davies,,,medium,0.7,Bundled staff-profile publication; person-level match is credible but paper-level OpenAlex affiliation evidence is not available in the snapshot cache.,,,,,,Journal article,0,,,,,https://www.ndph.ox.ac.uk/publications/1929630,,,Lancet Diabetes Endocrinol,Journal article,,,,,,,1,1,[],{},staff_recent_publications_json
119,Kelly Davies,A5115591195,https://openalex.org/A5115591195,Kelly Davies,0.72,medium,local:a8e17e0fc03742f4,"Harmonisation of large-scale, heterogeneous individual participant adverse event data from randomised trials of statin therapy.",2022.0,2022-01-01,Kelly Davies,,,medium,0.7,Bundled staff-profile publication; person-level match is credible but paper-level OpenAlex affiliation evidence is not available in the snapshot cache.,,,,,,Journal article,0,,,,,https://www.ndph.ox.ac.uk/publications/1260020,,,Clin Trials,Journal article,,,,,,,1,1,[],{},staff_recent_publications_json
119,Kelly Davies,A5115591195,https://openalex.org/A5115591195,Kelly Davies,0.72,medium,local:a76e11349cc9327a,Angiotensin receptor blockers and β blockers in Marfan syndrome: an individual patient data meta-analysis of randomised trials.,2022.0,2022-01-01,Kelly Davies,,,medium,0.7,Bundled staff-profile publication; person-level match is credible but paper-level OpenAlex affiliation evidence is not available in the snapshot cache.,,,,,,Journal article,0,,,,,https://www.ndph.ox.ac.uk/publications/1272424,,,Lancet,Journal article,,,,,,,1,1,[],{},staff_recent_publications_json
119,Kelly Davies,A5115591195,https://openalex.org/A5115591195,Kelly Davies,0.72,medium,local:18708baa903fc93d,Individual participant data meta-analysis of muscle symptoms in large-scale randomised double-blind trials of statin therapy,2022.0,2022-01-01,Kelly Davies,,,medium,0.7,Bundled staff-profile publication; person-level match is credible but paper-level OpenAlex affiliation evidence is not available in the snapshot cache.,,,,,,Journal article,0,,,,,https://www.ndph.ox.ac.uk/publications/1273381,,,The Lancet,Journal article,,,,,,,1,1,[],{},staff_recent_publications_json
119,Kelly Davies,A5115591195,https://openalex.org/A5115591195,Kelly Davies,0.72,medium,local:a8939782a892ffd1,Effects of gastroprotectant drugs for the prevention and treatment of peptic ulcer disease and its complications: a meta-analysis of randomised trials.,2018.0,2018-01-01,Kelly Davies,,,medium,0.7,Bundled staff-profile publication; person-level match is credible but paper-level OpenAlex affiliation evidence is not available in the snapshot cache.,,,,,,Journal article,0,,,,,https://www.ndph.ox.ac.uk/publications/825880,,,Lancet Gastroenterol Hepatol,Journal article,,,,,,,1,1,[],{},staff_recent_publications_json
120,Ruebena Dawes,A5007947204,https://openalex.org/A5007947204,Ruebena Dawes,0.9,high,local:aa800f8708c5a1da,Saturation genome editing ofRNU4-2reveals distinct dominant and recessive neurodevelopmental disorders,2025.0,2025-01-01,Ruebena Dawes,,,high,0.88,Bundled staff-profile publication; high person-level OpenAlex match; publication has DOI or year evidence.,,,,,,Preprint,0,,,,,https://www.ndph.ox.ac.uk/publications/2117912,,,,Preprint,,,,,,,1,1,[],{},staff_recent_publications_json
120,Ruebena Dawes,A5007947204,https://openalex.org/A5007947204,Ruebena Dawes,0.9,high,local:5305d5022a00688e,De novo variants in the RNU4-2 snRNA cause a frequent neurodevelopmental syndrome.,2024.0,2024-01-01,Ruebena Dawes,,,high,0.88,Bundled staff-profile publication; high person-level OpenAlex match; publication has DOI or year evidence.,,,,,,Journal article,0,,,,,https://www.ndph.ox.ac.uk/publications/2014462,,,Nature,Journal article,,,,,,,1,1,[],{},staff_recent_publications_json
120,Ruebena Dawes,A5007947204,https://openalex.org/A5007947204,Ruebena Dawes,0.9,high,local:970e44961b650189,De novo variants in the non-coding spliceosomal snRNA gene RNU4-2 are a frequent cause of syndromic neurodevelopmental disorders,2024.0,2024-01-01,Ruebena Dawes,,,high,0.88,Bundled staff-profile publication; high person-level OpenAlex match; publication has DOI or year evidence.,,,,,,Conference paper,0,,,,,https://www.ndph.ox.ac.uk/publications/2102507,,,EUROPEAN JOURNAL OF HUMAN GENETICS,Conference paper,,,,,,,1,1,[],{},staff_recent_publications_json
124,David Dodwell,A5002979606,https://openalex.org/A5002979606,David Dodwell,0.9,high,local:936458468427fdf6,Second cancers in 475 000 women with early invasive breast cancer diagnosed in England during 1993-2016: population based observational cohort study.,2025.0,2025-01-01,David Dodwell,,,high,0.88,Bundled staff-profile publication; high person-level OpenAlex match; publication has DOI or year evidence.,,,,,,Journal article,0,,,,,https://www.ndph.ox.ac.uk/publications/2284667,,,BMJ,Journal article,,,,,,,1,1,[],{},staff_recent_publications_json
124,David Dodwell,A5002979606,https://openalex.org/A5002979606,David Dodwell,0.9,high,local:c919a2546fe4b05b,Optimising mastectomy with a focus on skin and nipple-sparing approaches: a multidisciplinary point of view.,2025.0,2025-01-01,David Dodwell,,,high,0.88,Bundled staff-profile publication; high person-level OpenAlex match; publication has DOI or year evidence.,,,,,,Journal article,0,,,,,https://www.ndph.ox.ac.uk/publications/2241619,,,Eur J Surg Oncol,Journal article,,,,,,,1,1,[],{},staff_recent_publications_json
124,David Dodwell,A5002979606,https://openalex.org/A5002979606,David Dodwell,0.9,high,local:8b1daf9b607dbd02,"Consensus process to agree upon surgical quality assurance processes within a pragmatic, multicentre randomised clinical trial comparing targeted axillary dissection and axillary node clearance: the TADPOLE-TOGETHER project.",2025.0,2025-01-01,David Dodwell,,,high,0.88,Bundled staff-profile publication; high person-level OpenAlex match; publication has DOI or year evidence.,,,,,,Journal article,0,,,,,https://www.ndph.ox.ac.uk/publications/2241623,,,BMJ open,Journal article,,,,,,,1,1,[],{},staff_recent_publications_json
124,David Dodwell,A5002979606,https://openalex.org/A5002979606,David Dodwell,0.9,high,local:33e4c487ab2298c6,"Corrigendum to ""Risk of secondary myelodysplastic syndromes and acute myeloid leukaemia following poly(ADP-ribose) polymerase inhibitor treatment for advanced-stage ovarian cancer: A retrospective cohort study"" [Eur J Cancer 222 (2025) 115472].",2025.0,2025-01-01,David Dodwell,,,high,0.88,Bundled staff-profile publication; high person-level OpenAlex match; publication has DOI or year evidence.,,,,,,Journal article,0,,,,,https://www.ndph.ox.ac.uk/publications/2125036,,,Eur J Cancer,Journal article,,,,,,,1,1,[],{},staff_recent_publications_json
124,David Dodwell,A5002979606,https://openalex.org/A5002979606,David Dodwell,0.9,high,local:cf884cdfa498e262,Risk of secondary myelodysplastic syndromes and acute myeloid leukaemia following poly(ADP-ribose) polymerase inhibitor treatment for advanced-stage recurrent ovarian cancer: A retrospective cohort study in England.,2025.0,2025-01-01,David Dodwell,,,high,0.88,Bundled staff-profile publication; high person-level OpenAlex match; publication has DOI or year evidence.,,,,,,Journal article,0,,,,,https://www.ndph.ox.ac.uk/publications/2120589,,,Eur J Cancer,Journal article,,,,,,,1,1,[],{},staff_recent_publications_json
126,Eleni Domzaridou,A5005332553,https://openalex.org/A5005332553,Eleni Domzaridou,0.72,medium,local:e88dec2b284b995c,Enhancing Health Outcomes in Linked Administrative Data: Development and Validation of an Open-Access Mapping Resource using UK Biobank,2025.0,2025-01-01,Eleni Domzaridou,,,medium,0.7,Bundled staff-profile publication; person-level match is credible but paper-level OpenAlex affiliation evidence is not available in the snapshot cache.,,,,,,Conference paper,0,,,,,https://www.ndph.ox.ac.uk/publications/2133361,,,,Conference paper,,,,,,,1,1,[],{},staff_recent_publications_json
126,Eleni Domzaridou,A5005332553,https://openalex.org/A5005332553,Eleni Domzaridou,0.72,medium,local:1c510aa285eaacac,"Treatment persistence and variations in prescribing oral, injectable, and inhaled corticosteroids: a population-based drug utilisation study",2025.0,2025-01-01,Eleni Domzaridou,,,medium,0.7,Bundled staff-profile publication; person-level match is credible but paper-level OpenAlex affiliation evidence is not available in the snapshot cache.,,,,,,Journal article,0,,,,,https://www.ndph.ox.ac.uk/publications/2118106,,,Pharmacoepidemiology and Drug Safety,Journal article,,,,,,,1,1,[],{},staff_recent_publications_json
126,Eleni Domzaridou,A5005332553,https://openalex.org/A5005332553,Eleni Domzaridou,0.72,medium,local:ad4ec1258da11a2b,Healthcare utilisation and associated costs for methadone versus buprenorphine recipients: Examination of interlinked primary and secondary care electronic health records in England.,2024.0,2024-01-01,Eleni Domzaridou,,,medium,0.7,Bundled staff-profile publication; person-level match is credible but paper-level OpenAlex affiliation evidence is not available in the snapshot cache.,,,,,,Journal article,0,,,,,https://www.ndph.ox.ac.uk/publications/2041668,,,Drug Alcohol Rev,Journal article,,,,,,,1,1,[],{},staff_recent_publications_json
126,Eleni Domzaridou,A5005332553,https://openalex.org/A5005332553,Eleni Domzaridou,0.72,medium,local:9cabb761efff30ae,"Incidence, antimicrobial prescribing practice and associated healthcare costs of paediatric otorrhoea in primary care in the UK: A longitudinal population study.",2024.0,2024-01-01,Eleni Domzaridou,,,medium,0.7,Bundled staff-profile publication; person-level match is credible but paper-level OpenAlex affiliation evidence is not available in the snapshot cache.,,,,,,Journal article,0,,,,,https://www.ndph.ox.ac.uk/publications/2041673,,,Br J Gen Pract,Journal article,,,,,,,1,1,[],{},staff_recent_publications_json
126,Eleni Domzaridou,A5005332553,https://openalex.org/A5005332553,Eleni Domzaridou,0.72,medium,local:e56c49411c90abd9,"Prescribing and Research in Medicines Management - PRIMM 34th Annual Scientific Meeting, Manchester, UK, 17 May 2024, Drug Utilisation: Learning from Practice & Research to Improve Patient Outcomes.",2024.0,2024-01-01,Eleni Domzaridou,,,medium,0.7,Bundled staff-profile publication; person-level match is credible but paper-level OpenAlex affiliation evidence is not available in the snapshot cache.,,,,,,Conference paper,0,,,,,https://www.ndph.ox.ac.uk/publications/2041669,,,Pharmacoepidemiol Drug Saf,Conference paper,,,,,,,1,1,[],{},staff_recent_publications_json
128,Killian Donovan,A5010526480,https://openalex.org/A5010526480,Killian Donovan,0.9,high,local:81042220058ca76b,An application of the MR-Horse method to reduce selection bias in genome-wide association studies of disease progression.,2025.0,2025-01-01,Killian Donovan,,,high,0.88,Bundled staff-profile publication; high person-level OpenAlex match; publication has DOI or year evidence.,,,,,,Journal article,0,,,,,https://www.ndph.ox.ac.uk/publications/2099125,,,Eur J Hum Genet,Journal article,,,,,,,1,1,[],{},staff_recent_publications_json
128,Killian Donovan,A5010526480,https://openalex.org/A5010526480,Killian Donovan,0.9,high,local:9436858384953f85,Fibroblast Growth Factor-23 and Risk of Cardiovascular Diseases: A Mendelian Randomization Study.,2023.0,2023-01-01,Killian Donovan,,,high,0.88,Bundled staff-profile publication; high person-level OpenAlex match; publication has DOI or year evidence.,,,,,,Journal article,0,,,,,https://www.ndph.ox.ac.uk/publications/1300109,,,Clin J Am Soc Nephrol,Journal article,,,,,,,1,1,[],{},staff_recent_publications_json
128,Killian Donovan,A5010526480,https://openalex.org/A5010526480,Killian Donovan,0.9,high,local:04dec6868929fc7e,Intravenous iron to treat anaemia following critical care: a multicentre feasibility randomised trial.,2022.0,2022-01-01,Killian Donovan,,,high,0.88,Bundled staff-profile publication; high person-level OpenAlex match; publication has DOI or year evidence.,,,,,,Journal article,0,,,,,https://www.ndph.ox.ac.uk/publications/1219258,,,Br J Anaesth,Journal article,,,,,,,1,1,[],{},staff_recent_publications_json
128,Killian Donovan,A5010526480,https://openalex.org/A5010526480,Killian Donovan,0.9,high,local:d7a38bad0548de9a,Fibroblast Growth Factor-23 and Risk of Cardiovascular Diseases: a Mendelian Randomisation study,2022.0,2022-01-01,Killian Donovan,,,high,0.88,Bundled staff-profile publication; high person-level OpenAlex match; publication has DOI or year evidence.,,,,,,Preprint,0,,,,,https://www.ndph.ox.ac.uk/publications/1326560,,,,Preprint,,,,,,,1,1,[],{},staff_recent_publications_json
128,Killian Donovan,A5010526480,https://openalex.org/A5010526480,Killian Donovan,0.9,high,local:914712b6b7b725c7,Stored blood has compromised oxygen unloading kinetics that can be normalized with rejuvenation and predicted from corpuscular side-scatter.,2022.0,2022-01-01,Killian Donovan,,,high,0.88,Bundled staff-profile publication; high person-level OpenAlex match; publication has DOI or year evidence.,,,,,,Journal article,0,,,,,https://www.ndph.ox.ac.uk/publications/1193868,,,Haematologica,Journal article,,,,,,,1,1,[],{},staff_recent_publications_json
129,Jennifer Dowd,A5009798144,https://openalex.org/A5009798144,Jennifer Dowd,0.9,high,local:c4d4c789aff41c41,Sex Differences in Excess Mortality During the COVID-19 Pandemic,2025.0,2025-01-01,Jennifer Dowd,,,high,0.88,Bundled staff-profile publication; high person-level OpenAlex match; publication has DOI or year evidence.,,,,,,Preprint,0,,,,,https://www.ndph.ox.ac.uk/publications/2277440,,,,Preprint,,,,,,,1,1,[],{},staff_recent_publications_json
129,Jennifer Dowd,A5009798144,https://openalex.org/A5009798144,Jennifer Dowd,0.9,high,local:653f27288a07c10e,Chronic health conditions and health-related economic inactivity in midlife: Evidence from the 1958 and 1970 British birth cohorts,2025.0,2025-01-01,Jennifer Dowd,,,high,0.88,Bundled staff-profile publication; high person-level OpenAlex match; publication has DOI or year evidence.,,,,,,Preprint,0,,,,,https://www.ndph.ox.ac.uk/publications/2237109,,,,Preprint,,,,,,,1,1,[],{},staff_recent_publications_json
129,Jennifer Dowd,A5009798144,https://openalex.org/A5009798144,Jennifer Dowd,0.9,high,local:01f498ae815ea13f,The Generational Health Drift: A Systematic Review of Evidence from the British Birth Cohort Studies,2025.0,2025-01-01,Jennifer Dowd,,,high,0.88,Bundled staff-profile publication; high person-level OpenAlex match; publication has DOI or year evidence.,,,,,,Preprint,0,,,,,https://www.ndph.ox.ac.uk/publications/2130114,,,,Preprint,,,,,,,1,1,[],{},staff_recent_publications_json
129,Jennifer Dowd,A5009798144,https://openalex.org/A5009798144,Jennifer Dowd,0.9,high,local:38786d3800b3a3e9,"Trends in alcohol-specific deaths in England, 2001-22: an observational study.",2025.0,2025-01-01,Jennifer Dowd,,,high,0.88,Bundled staff-profile publication; high person-level OpenAlex match; publication has DOI or year evidence.,,,,,,Journal article,0,,,,,https://www.ndph.ox.ac.uk/publications/2118273,,,Lancet Public Health,Journal article,,,,,,,1,1,[],{},staff_recent_publications_json
129,Jennifer Dowd,A5009798144,https://openalex.org/A5009798144,Jennifer Dowd,0.9,high,local:95bf7a02b7115a5b,Compositional analysis of lymphocytes and their relationship with health outcomes: findings from the health and retirement study.,2025.0,2025-01-01,Jennifer Dowd,,,high,0.88,Bundled staff-profile publication; high person-level OpenAlex match; publication has DOI or year evidence.,,,,,,Journal article,0,,,,,https://www.ndph.ox.ac.uk/publications/2094134,,,Immun Ageing,Journal article,,,,,,,1,1,[],{},staff_recent_publications_json
131,Huaidong Du,A5073518338,https://openalex.org/A5073518338,Huaidong Du,0.9,high,local:f89c7e129b2e9780,Long-term exposure to fine particulate matter interacting with individual conditions increase breast cancer incidence: a large-scale Chinese cohort,2025.0,2025-01-01,Huaidong Du,,,high,0.88,Bundled staff-profile publication; high person-level OpenAlex match; publication has DOI or year evidence.,,,,,,Journal article,0,,,,,https://www.ndph.ox.ac.uk/publications/2120859,,,Environmental Sciences Europe,Journal article,,,,,,,1,1,[],{},staff_recent_publications_json
131,Huaidong Du,A5073518338,https://openalex.org/A5073518338,Huaidong Du,0.9,high,local:5b7c8e25019b49e3,Patterns and correlates of visual impairment and ocular hypertension among older adults in the general Chinese population: results from the CKB Biobank.,2025.0,2025-01-01,Huaidong Du,,,high,0.88,Bundled staff-profile publication; high person-level OpenAlex match; publication has DOI or year evidence.,,,,,,Journal article,0,,,,,https://www.ndph.ox.ac.uk/publications/2283151,,,Br J Ophthalmol,Journal article,,,,,,,1,1,[],{},staff_recent_publications_json
131,Huaidong Du,A5073518338,https://openalex.org/A5073518338,Huaidong Du,0.9,high,local:a50fce3d9aa0f834,Association between tobacco smoking and the need for respiratory support and mortality in patients hospitalized with pneumonia,2025.0,2025-01-01,Huaidong Du,,,high,0.88,Bundled staff-profile publication; high person-level OpenAlex match; publication has DOI or year evidence.,,,,,,Journal article,0,,,,,https://www.ndph.ox.ac.uk/publications/2285420,,,Chinese Journal of Epidemiology,Journal article,,,,,,,1,1,[],{},staff_recent_publications_json
131,Huaidong Du,A5073518338,https://openalex.org/A5073518338,Huaidong Du,0.9,high,local:1071a8ebe4519da6,"Association of age at menarche, age at menopause, and reproductive lifespan with frailty index in Chinese adult women",2025.0,2025-01-01,Huaidong Du,,,high,0.88,Bundled staff-profile publication; high person-level OpenAlex match; publication has DOI or year evidence.,,,,,,Journal article,0,,,,,https://www.ndph.ox.ac.uk/publications/2285417,,,Chinese Journal of Epidemiology,Journal article,,,,,,,1,1,[],{},staff_recent_publications_json
131,Huaidong Du,A5073518338,https://openalex.org/A5073518338,Huaidong Du,0.9,high,local:18b51544f52caf51,Relationship between ambient air pollution and vitamin D in Chinese adults,2025.0,2025-01-01,Huaidong Du,,,high,0.88,Bundled staff-profile publication; high person-level OpenAlex match; publication has DOI or year evidence.,,,,,,Journal article,0,,,,,https://www.ndph.ox.ac.uk/publications/2285418,,,Chinese Journal of Epidemiology,Journal article,,,,,,,1,1,[],{},staff_recent_publications_json
133,Ahmed Edris,A5089240867,https://openalex.org/A5089240867,Ahmed Edris,0.9,high,local:ca110fe96df42b57,Asthma exacerbations and eosinophilia in the UK Biobank: a genome-wide association study.,2024.0,2024-01-01,Ahmed Edris,,,high,0.88,Bundled staff-profile publication; high person-level OpenAlex match; publication has DOI or year evidence.,,,,,,Journal article,0,,,,,https://www.ndph.ox.ac.uk/publications/1599288,,,ERJ Open Res,Journal article,,,,,,,1,1,[],{},staff_recent_publications_json
133,Ahmed Edris,A5089240867,https://openalex.org/A5089240867,Ahmed Edris,0.9,high,local:e7c9a83cab49ee72,Ancestry diversity in the genetic determinants of the human plasma proteome enhances identification of potential drug targets,2023.0,2023-01-01,Ahmed Edris,,,high,0.88,Bundled staff-profile publication; high person-level OpenAlex match; publication has DOI or year evidence.,,,,,,Preprint,0,,,,,https://www.ndph.ox.ac.uk/publications/1723835,,,,Preprint,,,,,,,1,1,[],{},staff_recent_publications_json
133,Ahmed Edris,A5089240867,https://openalex.org/A5089240867,Ahmed Edris,0.9,high,local:18b2019e906337c8,Phenotyping asthma with airflow obstruction in middle-aged and older adults: a CADSET clinical research collaboration.,2023.0,2023-01-01,Ahmed Edris,,,high,0.88,Bundled staff-profile publication; high person-level OpenAlex match; publication has DOI or year evidence.,,,,,,Journal article,0,,,,,https://www.ndph.ox.ac.uk/publications/1518502,,,BMJ Open Respir Res,Journal article,,,,,,,1,1,[],{},staff_recent_publications_json
133,Ahmed Edris,A5089240867,https://openalex.org/A5089240867,Ahmed Edris,0.9,high,local:0448224b444095d3,Asthma exacerbations and eosinophilia in the UK Biobank: a Genome-Wide Association Study,2023.0,2023-01-01,Ahmed Edris,,,high,0.88,Bundled staff-profile publication; high person-level OpenAlex match; publication has DOI or year evidence.,,,,,,Preprint,0,,,,,https://www.ndph.ox.ac.uk/publications/1338330,,,,Preprint,,,,,,,1,1,[],{},staff_recent_publications_json
133,Ahmed Edris,A5089240867,https://openalex.org/A5089240867,Ahmed Edris,0.9,high,local:186553826fac5b7e,Precision medicine from a citizen perspective: a survey of public attitudes towards pharmacogenomics in Flanders,2022.0,2022-01-01,Ahmed Edris,,,high,0.88,Bundled staff-profile publication; high person-level OpenAlex match; publication has DOI or year evidence.,,,,,,Journal article,0,,,,,https://www.ndph.ox.ac.uk/publications/1279502,,,BMC Medical Genomics,Journal article,,,,,,,1,1,[],{},staff_recent_publications_json
135,Muram El-Nayir,A5087673935,https://openalex.org/A5087673935,Muram El-Nayir,0.72,medium,local:4d5cd1899e439b0e,CO-EXISTING ASCENDING AORTIC ANEURYSM AND PENETRATING ATHEROSCLEROTIC ULCER; A CASE SERIES,2021.0,2021-01-01,Muram El-Nayir,,,medium,0.7,Bundled staff-profile publication; person-level match is credible but paper-level OpenAlex affiliation evidence is not available in the snapshot cache.,,,,,,Journal article,0,,,,,https://www.ndph.ox.ac.uk/publications/1499253,,,Journal of the American College of Cardiology,Journal article,,,,,,,1,1,[],{},staff_recent_publications_json
135,Muram El-Nayir,A5087673935,https://openalex.org/A5087673935,Muram El-Nayir,0.72,medium,local:24be7c689f2d9842,Complete heart block as a herald sign for cardiac lymphoma,2021.0,2021-01-01,Muram El-Nayir,,,medium,0.7,Bundled staff-profile publication; person-level match is credible but paper-level OpenAlex affiliation evidence is not available in the snapshot cache.,,,,,,Journal article,0,,,,,https://www.ndph.ox.ac.uk/publications/1311339,,,BMJ Case Reports,Journal article,,,,,,,1,1,[],{},staff_recent_publications_json
135,Muram El-Nayir,A5087673935,https://openalex.org/A5087673935,Muram El-Nayir,0.72,medium,local:2699971b95cdfcee,IgG4-mediated sclerosing fibroinflammatory disease presenting as inflammatory breast malignancy,2019.0,2019-01-01,Muram El-Nayir,,,medium,0.7,Bundled staff-profile publication; person-level match is credible but paper-level OpenAlex affiliation evidence is not available in the snapshot cache.,,,,,,Journal article,0,,,,,https://www.ndph.ox.ac.uk/publications/1311341,,,BJR|case reports,Journal article,,,,,,,1,1,[],{},staff_recent_publications_json
135,Muram El-Nayir,A5087673935,https://openalex.org/A5087673935,Muram El-Nayir,0.72,medium,local:073cc7b35389d8e5,73Analysing mortality variances between right ventricular high septal pacing vs. right ventricular apical pacing following av node ablation: 10 years follow up,2017.0,2017-01-01,Muram El-Nayir,,,medium,0.7,Bundled staff-profile publication; person-level match is credible but paper-level OpenAlex affiliation evidence is not available in the snapshot cache.,,,,,,Journal article,0,,,,,https://www.ndph.ox.ac.uk/publications/1311342,,,EP Europace,Journal article,,,,,,,1,1,[],{},staff_recent_publications_json
136,Marwa Elbasheer,A5014982896,https://openalex.org/A5014982896,Marwa Elbasheer,0.9,high,local:9c1a7f2693f7b862,Understanding global variation in breast cancer mortality.,2025.0,2025-01-01,Marwa Elbasheer,,,high,0.88,Bundled staff-profile publication; high person-level OpenAlex match; publication has DOI or year evidence.,,,,,,Journal article,0,,,,,https://www.ndph.ox.ac.uk/publications/2134666,,,Br J Radiol,Journal article,,,,,,,1,1,[],{},staff_recent_publications_json
136,Marwa Elbasheer,A5014982896,https://openalex.org/A5014982896,Marwa Elbasheer,0.9,high,local:781b5162057eb2a5,Factors associated with parental hesitancy towards the human papillomavirus vaccine: a cross-sectional study,2025.0,2025-01-01,Marwa Elbasheer,,,high,0.88,Bundled staff-profile publication; high person-level OpenAlex match; publication has DOI or year evidence.,,,,,,Journal article,0,,,,,https://www.ndph.ox.ac.uk/publications/2126950,,,Scientific Reports,Journal article,,,,,,,1,1,[],{},staff_recent_publications_json
136,Marwa Elbasheer,A5014982896,https://openalex.org/A5014982896,Marwa Elbasheer,0.9,high,local:5e21f4ddf6f6c3fd,"Reproductive factors and risk of lung cancer among 300,000 Chinese female never-smokers: evidence from the China Kadoorie Biobank study.",2024.0,2024-01-01,Marwa Elbasheer,,,high,0.88,Bundled staff-profile publication; high person-level OpenAlex match; publication has DOI or year evidence.,,,,,,Journal article,0,,,,,https://www.ndph.ox.ac.uk/publications/1839717,,,BMC Cancer,Journal article,,,,,,,1,1,[],{},staff_recent_publications_json
136,Marwa Elbasheer,A5014982896,https://openalex.org/A5014982896,Marwa Elbasheer,0.9,high,local:dc87cb41ce5865f7,Spatial distribution of breast cancer in Sudan 2010-2016,2019.0,2019-01-01,Marwa Elbasheer,,,high,0.88,Bundled staff-profile publication; high person-level OpenAlex match; publication has DOI or year evidence.,,,,,,Journal article,0,,,,,https://www.ndph.ox.ac.uk/publications/2087400,,,PLOS ONE,Journal article,,,,,,,1,1,[],{},staff_recent_publications_json
136,Marwa Elbasheer,A5014982896,https://openalex.org/A5014982896,Marwa Elbasheer,0.9,high,local:87dc2d854c9b42ab,Spatial Distribution of Breast Cancer in Sudan 2010-2016,2019.0,2019-01-01,Marwa Elbasheer,,,high,0.88,Bundled staff-profile publication; high person-level OpenAlex match; publication has DOI or year evidence.,,,,,,Preprint,0,,,,,https://www.ndph.ox.ac.uk/publications/2087401,,,,Preprint,,,,,,,1,1,[],{},staff_recent_publications_json
137,Jonathan Emberson,A5030250235,https://openalex.org/A5030250235,Jonathan Emberson,0.9,high,local:7340bc89eded548b,"Sotrovimab versus usual care in patients admitted to hospital with COVID-19 (RECOVERY): a randomised, controlled, open-label, platform trial.",2026.0,2026-01-01,Jonathan Emberson,,,high,0.88,Bundled staff-profile publication; high person-level OpenAlex match; publication has DOI or year evidence.,,,,,,Journal article,0,,,,,https://www.ndph.ox.ac.uk/publications/2127471,,,Lancet Infect Dis,Journal article,,,,,,,1,1,[],{},staff_recent_publications_json
137,Jonathan Emberson,A5030250235,https://openalex.org/A5030250235,Jonathan Emberson,0.9,high,local:534fbe870a1cf7ea,"Molnupiravir or nirmatrelvir-ritonavir plus usual care versus usual care alone in patients admitted to hospital with COVID-19 (RECOVERY): a randomised, controlled, open-label, platform trial.",2025.0,2025-01-01,Jonathan Emberson,,,high,0.88,Bundled staff-profile publication; high person-level OpenAlex match; publication has DOI or year evidence.,,,,,,Journal article,0,,,,,https://www.ndph.ox.ac.uk/publications/2123601,,,Lancet Infect Dis,Journal article,,,,,,,1,1,[],{},staff_recent_publications_json
137,Jonathan Emberson,A5030250235,https://openalex.org/A5030250235,Jonathan Emberson,0.9,high,local:2b6ad60e825d7eb4,Cost-effectiveness of fenofibrate versus standard care for reducing the progression of diabetic retinopathy: An economic evaluation based on data from the LENS trial.,2025.0,2025-01-01,Jonathan Emberson,,,high,0.88,Bundled staff-profile publication; high person-level OpenAlex match; publication has DOI or year evidence.,,,,,,Journal article,0,,,,,https://www.ndph.ox.ac.uk/publications/2128101,,,Diabet Med,Journal article,,,,,,,1,1,[],{},staff_recent_publications_json
137,Jonathan Emberson,A5030250235,https://openalex.org/A5030250235,Jonathan Emberson,0.9,high,local:0a1e47cc4f53ad91,Effects of empagliflozin on quality of life and healthcare use and costs in chronic kidney disease: a health economic analysis of the EMPA-KIDNEY trial.,2025.0,2025-01-01,Jonathan Emberson,,,high,0.88,Bundled staff-profile publication; high person-level OpenAlex match; publication has DOI or year evidence.,,,,,,Journal article,0,,,,,https://www.ndph.ox.ac.uk/publications/2130860,,,EClinicalMedicine,Journal article,,,,,,,1,1,[],{},staff_recent_publications_json
137,Jonathan Emberson,A5030250235,https://openalex.org/A5030250235,Jonathan Emberson,0.9,high,local:8e5ecaf3abbde096,A Mendelian randomization study of the effect of body mass index on 52 causes of death among 125 000 Mexican adults with admixed ancestry.,2025.0,2025-01-01,Jonathan Emberson,,,high,0.88,Bundled staff-profile publication; high person-level OpenAlex match; publication has DOI or year evidence.,,,,,,Journal article,0,,,,,https://www.ndph.ox.ac.uk/publications/2127954,,,Int J Epidemiol,Journal article,,,,,,,1,1,[],{},staff_recent_publications_json
141,David Eyre,A5064800233,https://openalex.org/A5064800233,David Eyre,0.9,high,local:bb41b4cf8b968bc4,"Social behaviours and contact patterns across the 2020/21, 2021/22 and 2022/23 winter seasons in the UK, and associations with symptoms",2025.0,2025-01-01,David Eyre,,,high,0.88,Bundled staff-profile publication; high person-level OpenAlex match; publication has DOI or year evidence.,,,,,,Preprint,0,,,,,https://www.ndph.ox.ac.uk/publications/2280853,,,,Preprint,,,,,,,1,1,[],{},staff_recent_publications_json
141,David Eyre,A5064800233,https://openalex.org/A5064800233,David Eyre,0.9,high,local:f3048a9707257244,"Exploiting network analysis to create a novel sentinel surveillance system for efficient, rapid detection of emerging Clostridioides difficile strains in England",2025.0,2025-01-01,David Eyre,,,high,0.88,Bundled staff-profile publication; high person-level OpenAlex match; publication has DOI or year evidence.,,,,,,Preprint,0,,,,,https://www.ndph.ox.ac.uk/publications/2277153,,,,Preprint,,,,,,,1,1,[],{},staff_recent_publications_json
141,David Eyre,A5064800233,https://openalex.org/A5064800233,David Eyre,0.9,high,local:6e711920b93962ab,Interplay between C-reactive protein responses and antibiotic prescribing in people with suspected infection,2025.0,2025-01-01,David Eyre,,,high,0.88,Bundled staff-profile publication; high person-level OpenAlex match; publication has DOI or year evidence.,,,,,,Journal article,0,,,,,https://www.ndph.ox.ac.uk/publications/2243959,,,BMC Infectious Diseases,Journal article,,,,,,,1,1,[],{},staff_recent_publications_json
141,David Eyre,A5064800233,https://openalex.org/A5064800233,David Eyre,0.9,high,local:e46d379f5c813f17,Community-acquired pneumonia identification from electronic health records in the absence of a gold standard: A Bayesian latent class analysis.,2025.0,2025-01-01,David Eyre,,,high,0.88,Bundled staff-profile publication; high person-level OpenAlex match; publication has DOI or year evidence.,,,,,,Journal article,0,,,,,https://www.ndph.ox.ac.uk/publications/2133434,,,PLOS Digit Health,Journal article,,,,,,,1,1,[],{},staff_recent_publications_json
141,David Eyre,A5064800233,https://openalex.org/A5064800233,David Eyre,0.9,high,local:5e8562e248e439a7,"Epidemiology and excess mortality of antimicrobial resistance in bacteraemias among cancer patients: a cohort study using routinely collected health data from regional hospital trusts in Oxford and Oslo, 2008-2018.",2025.0,2025-01-01,David Eyre,,,high,0.88,Bundled staff-profile publication; high person-level OpenAlex match; publication has DOI or year evidence.,,,,,,Journal article,0,,,,,https://www.ndph.ox.ac.uk/publications/2130125,,,BMJ Open,Journal article,,,,,,,1,1,[],{},staff_recent_publications_json
143,Milly Farrell,A5059210740,https://openalex.org/A5059210740,Milly Farrell,0.9,high,local:bd920f5efec0640f,“Looking at the Big Picture”: A Qualitative Study of Ethics in Science Communication and Engagement,2025.0,2025-01-01,Milly Farrell,,,high,0.88,Bundled staff-profile publication; high person-level OpenAlex match; publication has DOI or year evidence.,,,,,,Journal article,0,,,,,https://www.ndph.ox.ac.uk/publications/2119811,,,Science Communication,Journal article,,,,,,,1,1,[],{},staff_recent_publications_json
143,Milly Farrell,A5059210740,https://openalex.org/A5059210740,Milly Farrell,0.9,high,local:ef39dc0827f60fed,The Problem (and the Value) of Radical Moral Disagreement.,2025.0,2025-01-01,Milly Farrell,,,high,0.88,Bundled staff-profile publication; high person-level OpenAlex match; publication has DOI or year evidence.,,,,,,Journal article,0,,,,,https://www.ndph.ox.ac.uk/publications/2282306,,,Wellcome Open Res,Journal article,,,,,,,1,1,[],{},staff_recent_publications_json
143,Milly Farrell,A5059210740,https://openalex.org/A5059210740,Milly Farrell,0.9,high,local:0bff63cd495c1f83,A reappraisal of public engagement in Oxford during the pandemic: three case studies.,2022.0,2022-01-01,Milly Farrell,,,high,0.88,Bundled staff-profile publication; high person-level OpenAlex match; publication has DOI or year evidence.,,,,,,Journal article,0,,,,,https://www.ndph.ox.ac.uk/publications/1249709,,,Res Involv Engagem,Journal article,,,,,,,1,1,[],{},staff_recent_publications_json
143,Milly Farrell,A5059210740,https://openalex.org/A5059210740,Milly Farrell,0.9,high,local:2b5f634df3dd89cb,"Neanderthal behaviour, diet, and disease inferred from ancient DNA in dental calculus.",2017.0,2017-01-01,Milly Farrell,,,high,0.88,Bundled staff-profile publication; high person-level OpenAlex match; publication has DOI or year evidence.,,,,,,Journal article,0,,,,,https://www.ndph.ox.ac.uk/publications/900960,,,Nature,Journal article,,,,,,,1,1,[],{},staff_recent_publications_json
143,Milly Farrell,A5059210740,https://openalex.org/A5059210740,Milly Farrell,0.9,high,local:11033ecf408a48f4,Lessons from the Past: Metabolic Bone Disease in Historical Captive Primates,2015.0,2015-01-01,Milly Farrell,,,high,0.88,Bundled staff-profile publication; high person-level OpenAlex match; publication has DOI or year evidence.,,,,,,Journal article,0,,,,,https://www.ndph.ox.ac.uk/publications/2244898,,,International Journal of Primatology,Journal article,,,,,,,1,1,[],{},staff_recent_publications_json
145,Marlyn Faure,A5032900328,https://openalex.org/A5032900328,Marlyn Faure,0.9,high,local:76c29ac37b51269e,Coercing for public health: reflections on the role of coercion in public health emergencies.,2025.0,2025-01-01,Marlyn Faure,,,high,0.88,Bundled staff-profile publication; high person-level OpenAlex match; publication has DOI or year evidence.,,,,,,Journal article,0,,,,,https://www.ndph.ox.ac.uk/publications/2118775,,,Monash Bioeth Rev,Journal article,,,,,,,1,1,[],{},staff_recent_publications_json
145,Marlyn Faure,A5032900328,https://openalex.org/A5032900328,Marlyn Faure,0.9,high,local:5e35160b6f61bce3,Coercing for public health: (when) is coercion ethically justified?,2025.0,2025-01-01,Marlyn Faure,,,high,0.88,Bundled staff-profile publication; high person-level OpenAlex match; publication has DOI or year evidence.,,,,,,Journal article,0,,,,,https://www.ndph.ox.ac.uk/publications/2118752,,,Monash Bioeth Rev,Journal article,,,,,,,1,1,[],{},staff_recent_publications_json
146,Allison Felker,A5037337179,https://openalex.org/A5037337179,Allison Felker,0.9,high,local:da7cb2312621982f,"Saving Lives, Improving Mothers’ Care: Lessons learned to inform maternity care from the UK and Ireland Confidential Enquiries into Maternal Deaths and Morbidity 2021-23",2025.0,2025-01-01,Allison Felker,,,high,0.88,Bundled staff-profile publication; high person-level OpenAlex match; publication has DOI or year evidence.,,,,,,Report,0,,,,,https://www.ndph.ox.ac.uk/publications/2276856,,,,Report,,,,,,,1,1,[],{},staff_recent_publications_json
146,Allison Felker,A5037337179,https://openalex.org/A5037337179,Allison Felker,0.9,high,local:ea6b1513f412b532,"Saving Lives, Improving Mothers’ Care: Lessons learned to inform maternity care from the UK and Ireland Confidential Enquiries into Maternal Deaths and Morbidity 2021-23",2025.0,2025-01-01,Allison Felker,,,high,0.88,Bundled staff-profile publication; high person-level OpenAlex match; publication has DOI or year evidence.,,,,,,Report,0,,,,,https://www.ndph.ox.ac.uk/publications/2276860,,,,Report,,,,,,,1,1,[],{},staff_recent_publications_json
146,Allison Felker,A5037337179,https://openalex.org/A5037337179,Allison Felker,0.9,high,local:05907973e0c4c963,"Saving lives, Improving Mothers' Care: Lessons learned to inform maternity care from the UK and Ireland Confidential Enquiries into Maternal Deaths and Morbidity 2021-23. Lay summary",2025.0,2025-01-01,Allison Felker,,,high,0.88,Bundled staff-profile publication; high person-level OpenAlex match; publication has DOI or year evidence.,,,,,,Journal article,0,,,,,https://www.ndph.ox.ac.uk/publications/2276864,,,None,Journal article,,,,,,,1,1,[],{},staff_recent_publications_json
146,Allison Felker,A5037337179,https://openalex.org/A5037337179,Allison Felker,0.9,high,local:c6d6bc32b971e015,"Characteristics, outcomes and maternity care experiences of women with Children’s Social Care involvement who subsequently died: A national cohort study and confidential enquiry",2025.0,2025-01-01,Allison Felker,,,high,0.88,Bundled staff-profile publication; high person-level OpenAlex match; publication has DOI or year evidence.,,,,,,Journal article,0,,,,,https://www.ndph.ox.ac.uk/publications/2130336,,,BMJ Medicine,Journal article,,,,,,,1,1,[],{},staff_recent_publications_json
146,Allison Felker,A5037337179,https://openalex.org/A5037337179,Allison Felker,0.9,high,local:43bc364615b07469,MBRRACE-UK update: key messages from the UK and Ireland Confidential Enquiries into Maternal Death and Morbidity 2024,2025.0,2025-01-01,Allison Felker,,,high,0.88,Bundled staff-profile publication; high person-level OpenAlex match; publication has DOI or year evidence.,,,,,,Journal article,0,,,,,https://www.ndph.ox.ac.uk/publications/2079099,,,OBSTETRICIAN & GYNAECOLOGIST,Journal article,,,,,,,1,1,[],{},staff_recent_publications_json
147,Gracia Fellmeth,A5044553118,https://openalex.org/A5044553118,Gracia Fellmeth,0.9,high,local:b6a1bc3615b9b927,Suicidal ideation in the postpartum period: A population-based study of prevalence and risk factors using data from two national maternity surveys in England.,2025.0,2025-01-01,Gracia Fellmeth,,,high,0.88,Bundled staff-profile publication; high person-level OpenAlex match; publication has DOI or year evidence.,,,,,,Journal article,0,,,,,https://www.ndph.ox.ac.uk/publications/2131704,,,J Affect Disord,Journal article,,,,,,,1,1,[],{},staff_recent_publications_json
147,Gracia Fellmeth,A5044553118,https://openalex.org/A5044553118,Gracia Fellmeth,0.9,high,local:9c487ac19a3462ad,"Experiences of intimate partner violence and antepartum depression among women seeking antenatal care in Addis Ababa, Ethiopia: findings from the MISPOD study.",2025.0,2025-01-01,Gracia Fellmeth,,,high,0.88,Bundled staff-profile publication; high person-level OpenAlex match; publication has DOI or year evidence.,,,,,,Journal article,0,,,,,https://www.ndph.ox.ac.uk/publications/2120637,,,Sci Rep,Journal article,,,,,,,1,1,[],{},staff_recent_publications_json
147,Gracia Fellmeth,A5044553118,https://openalex.org/A5044553118,Gracia Fellmeth,0.9,high,local:76a257d45350bbee,"Antepartum depression among women attending antenatal care in the third trimester in Conakry, Guinea: Findings from the MISPOD study",2025.0,2025-01-01,Gracia Fellmeth,,,high,0.88,Bundled staff-profile publication; high person-level OpenAlex match; publication has DOI or year evidence.,,,,,,Journal article,0,,,,,https://www.ndph.ox.ac.uk/publications/2073884,,,Journal of Affective Disorders Reports,Journal article,,,,,,,1,1,[],{},staff_recent_publications_json
147,Gracia Fellmeth,A5044553118,https://openalex.org/A5044553118,Gracia Fellmeth,0.9,high,local:55408316e6d6edf1,Early employment after childbirth: a cross-sectional analysis using data from a national maternity survey in England.,2024.0,2024-01-01,Gracia Fellmeth,,,high,0.88,Bundled staff-profile publication; high person-level OpenAlex match; publication has DOI or year evidence.,,,,,,Journal article,0,,,,,https://www.ndph.ox.ac.uk/publications/2073561,,,J Public Health (Oxf),Journal article,,,,,,,1,1,[],{},staff_recent_publications_json
147,Gracia Fellmeth,A5044553118,https://openalex.org/A5044553118,Gracia Fellmeth,0.9,high,local:e44f554d7b392740,"Public health, policy, and clinical interventions to improve perinatal care for migrant women and infants in high-income countries: a systematic review",2024.0,2024-01-01,Gracia Fellmeth,,,high,0.88,Bundled staff-profile publication; high person-level OpenAlex match; publication has DOI or year evidence.,,,,,,Journal article,0,,,,,https://www.ndph.ox.ac.uk/publications/2067708,,,eClinicalMedicine,Journal article,,,,,,,1,1,[],{},staff_recent_publications_json
148,Qi Feng,A5050626113,https://openalex.org/A5050626113,Qi Feng,0.45,low,local:68532774f68d3eb0,UK Biobank: a globally important resource for cancer research.,2023.0,2023-01-01,Qi Feng,,,low,0.48,Bundled staff-profile publication with weak or missing person/paper evidence.,,,,,,Journal article,0,,,,,https://www.ndph.ox.ac.uk/publications/1305085,,,Br J Cancer,Journal article,,,,,,,1,1,[],{},staff_recent_publications_json
148,Qi Feng,A5050626113,https://openalex.org/A5050626113,Qi Feng,0.45,low,local:95c5a46a445269c4,Clinical and Genetic Risk Factors for Acute Incident Venous Thromboembolism in Ambulatory Patients With COVID-19.,2022.0,2022-01-01,Qi Feng,,,low,0.48,Bundled staff-profile publication with weak or missing person/paper evidence.,,,,,,Journal article,0,,,,,https://www.ndph.ox.ac.uk/publications/1274829,,,JAMA Intern Med,Journal article,,,,,,,1,1,[],{},staff_recent_publications_json
148,Qi Feng,A5050626113,https://openalex.org/A5050626113,Qi Feng,0.45,low,local:68083cf1609c6529,The genetic architecture of blood pressure variability: A genome-wide association study of 9370 participants from UK Biobank.,2022.0,2022-01-01,Qi Feng,,,low,0.48,Bundled staff-profile publication with weak or missing person/paper evidence.,,,,,,Journal article,0,,,,,https://www.ndph.ox.ac.uk/publications/1273409,,,J Clin Hypertens (Greenwich),Journal article,,,,,,,1,1,[],{},staff_recent_publications_json
148,Qi Feng,A5050626113,https://openalex.org/A5050626113,Qi Feng,0.45,low,local:892f1fec597f7443,New Horizons: the value of UK Biobank to research on endocrine and metabolic disorders.,2022.0,2022-01-01,Qi Feng,,,low,0.48,Bundled staff-profile publication with weak or missing person/paper evidence.,,,,,,Journal article,0,,,,,https://www.ndph.ox.ac.uk/publications/1267843,,,J Clin Endocrinol Metab,Journal article,,,,,,,1,1,[],{},staff_recent_publications_json
148,Qi Feng,A5050626113,https://openalex.org/A5050626113,Qi Feng,0.45,low,local:ac8e5e8d7ed6ca21,"Combined Effect of Healthy Lifestyle Factors and Risks of Colorectal Adenoma, Colorectal Cancer, and Colorectal Cancer Mortality: Systematic Review and Meta-Analysis.",2022.0,2022-01-01,Qi Feng,,,low,0.48,Bundled staff-profile publication with weak or missing person/paper evidence.,,,,,,Journal article,0,,,,,https://www.ndph.ox.ac.uk/publications/1273362,,,Front Oncol,Journal article,,,,,,,1,1,[],{},staff_recent_publications_json
152,Kate Fitzpatrick,A5065522306,https://openalex.org/A5065522306,Kate Fitzpatrick,0.45,low,local:d7ebf25cf6f5ea74,Characteristics and outcomes of neonates hospitalised with SARS-CoV-2 infection in the UK by variant: a prospective national cohort study.,2024.0,2024-01-01,Kate Fitzpatrick,,,low,0.48,Bundled staff-profile publication with weak or missing person/paper evidence.,,,,,,Journal article,0,,,,,https://www.ndph.ox.ac.uk/publications/1560133,,,Arch Dis Child Fetal Neonatal Ed,Journal article,,,,,,,1,1,[],{},staff_recent_publications_json
152,Kate Fitzpatrick,A5065522306,https://openalex.org/A5065522306,Kate Fitzpatrick,0.45,low,local:801ddd2e09b8b046,Planned mode of birth after previous cesarean section and risk of undergoing pelvic floor surgery: A Scottish population-based record linkage cohort study.,2022.0,2022-01-01,Kate Fitzpatrick,,,low,0.48,Bundled staff-profile publication with weak or missing person/paper evidence.,,,,,,Journal article,0,,,,,https://www.ndph.ox.ac.uk/publications/1287504,,,PLoS Med,Journal article,,,,,,,1,1,[],{},staff_recent_publications_json
152,Kate Fitzpatrick,A5065522306,https://openalex.org/A5065522306,Kate Fitzpatrick,0.45,low,local:66d1d26bbcb3c409,Planned mode of birth after previous caesarean section: a structured review of the evidence on the associated outcomes for women and their children in high-income settings,2022.0,2022-01-01,Kate Fitzpatrick,,,low,0.48,Bundled staff-profile publication with weak or missing person/paper evidence.,,,,,,Journal article,0,,,,,https://www.ndph.ox.ac.uk/publications/1274816,,,Frontiers in Medicine,Journal article,,,,,,,1,1,[],{},staff_recent_publications_json
152,Kate Fitzpatrick,A5065522306,https://openalex.org/A5065522306,Kate Fitzpatrick,0.45,low,local:72d12e2d178dc79c,Planned mode of birth after previous caesarean section and special educational needs in childhood: a population-based record linkage cohort study.,2021.0,2021-01-01,Kate Fitzpatrick,,,low,0.48,Bundled staff-profile publication with weak or missing person/paper evidence.,,,,,,Journal article,0,,,,,https://www.ndph.ox.ac.uk/publications/1185821,,,BJOG,Journal article,,,,,,,1,1,[],{},staff_recent_publications_json
152,Kate Fitzpatrick,A5065522306,https://openalex.org/A5065522306,Kate Fitzpatrick,0.45,low,local:1852986f863d8b5c,Planned mode of birth after previous caesarean section and women's use of psychotropic medication in the first year postpartum: a population-based record linkage cohort study.,2021.0,2021-01-01,Kate Fitzpatrick,,,low,0.48,Bundled staff-profile publication with weak or missing person/paper evidence.,,,,,,Journal article,0,,,,,https://www.ndph.ox.ac.uk/publications/1152170,,,Psychol Med,Journal article,,,,,,,1,1,[],{},staff_recent_publications_json
153,Ray Fitzpatrick,A5006635528,https://openalex.org/A5006635528,Ray Fitzpatrick,0.9,high,local:12f303acc2c7c77b,Bisexual men in Britain,2020.0,2020-01-01,Ray Fitzpatrick,,,high,0.88,Bundled staff-profile publication; high person-level OpenAlex match; publication has DOI or year evidence.,,,,,,Chapter,0,,,,,https://www.ndph.ox.ac.uk/publications/1180297,,,Bisexualities and AIDS: International Perspectives,Chapter,,,,,,,1,1,[],{},staff_recent_publications_json
153,Ray Fitzpatrick,A5006635528,https://openalex.org/A5006635528,Ray Fitzpatrick,0.9,high,local:f3a407958320c46f,Measuring the benefits of the integration of health and social care: qualitative interviews with professional stakeholders and patient representatives.,2020.0,2020-01-01,Ray Fitzpatrick,,,high,0.88,Bundled staff-profile publication; high person-level OpenAlex match; publication has DOI or year evidence.,,,,,,Journal article,0,,,,,https://www.ndph.ox.ac.uk/publications/1113694,,,BMC Health Serv Res,Journal article,,,,,,,1,1,[],{},staff_recent_publications_json
153,Ray Fitzpatrick,A5006635528,https://openalex.org/A5006635528,Ray Fitzpatrick,0.9,high,local:0a11cddff2e41ba4,Measures for the integration of health and social care services for long-term health conditions: a systematic review of reviews.,2020.0,2020-01-01,Ray Fitzpatrick,,,high,0.88,Bundled staff-profile publication; high person-level OpenAlex match; publication has DOI or year evidence.,,,,,,Journal article,0,,,,,https://www.ndph.ox.ac.uk/publications/1103871,,,BMC Health Serv Res,Journal article,,,,,,,1,1,[],{},staff_recent_publications_json
153,Ray Fitzpatrick,A5006635528,https://openalex.org/A5006635528,Ray Fitzpatrick,0.9,high,local:e99f3fe726be0d8b,Total versus partial knee replacement in patients with medial compartment knee osteoarthritis: the TOPKAT RCT.,2020.0,2020-01-01,Ray Fitzpatrick,,,high,0.88,Bundled staff-profile publication; high person-level OpenAlex match; publication has DOI or year evidence.,,,,,,Journal article,0,,,,,https://www.ndph.ox.ac.uk/publications/1102846,,,Health Technol Assess,Journal article,,,,,,,1,1,[],{},staff_recent_publications_json
153,Ray Fitzpatrick,A5006635528,https://openalex.org/A5006635528,Ray Fitzpatrick,0.9,high,local:9de7570075b7ccdb,The impact of the enhanced recovery pathway and other factors on outcomes and costs following hip and knee replacement: routine data study,2020.0,2020-01-01,Ray Fitzpatrick,,,high,0.88,Bundled staff-profile publication; high person-level OpenAlex match; publication has DOI or year evidence.,,,,,,Journal article,0,,,,,https://www.ndph.ox.ac.uk/publications/1053010,,,,Journal article,,,,,,,1,1,[],{},staff_recent_publications_json
154,Paige Fitzsimmons,A5072166947,https://openalex.org/A5072166947,Paige Fitzsimmons,0.72,medium,local:dc74b698fbac79cc,TREs are still not about trust.,2023.0,2023-01-01,Paige Fitzsimmons,,,medium,0.7,Bundled staff-profile publication; person-level match is credible but paper-level OpenAlex affiliation evidence is not available in the snapshot cache.,,,,,,Journal article,0,,,,,https://www.ndph.ox.ac.uk/publications/1330934,,,J Med Ethics,Journal article,,,,,,,1,1,[],{},staff_recent_publications_json
154,Paige Fitzsimmons,A5072166947,https://openalex.org/A5072166947,Paige Fitzsimmons,0.72,medium,local:f16cff4b59f35db3,Trust and the Goldacre Review: why trusted research environments are not about trust.,2022.0,2022-01-01,Paige Fitzsimmons,,,medium,0.7,Bundled staff-profile publication; person-level match is credible but paper-level OpenAlex affiliation evidence is not available in the snapshot cache.,,,,,,Journal article,0,,,,,https://www.ndph.ox.ac.uk/publications/1275639,,,J Med Ethics,Journal article,,,,,,,1,1,[],{},staff_recent_publications_json
154,Paige Fitzsimmons,A5072166947,https://openalex.org/A5072166947,Paige Fitzsimmons,0.72,medium,local:82b37c6748095ba5,"International Country-Level Trends, Factors, and Disparities in Compassionate Use Access to Unlicensed Products for Patients With Serious Medical Conditions",2022.0,2022-01-01,Paige Fitzsimmons,,,medium,0.7,Bundled staff-profile publication; person-level match is credible but paper-level OpenAlex affiliation evidence is not available in the snapshot cache.,,,,,,Journal article,0,,,,,https://www.ndph.ox.ac.uk/publications/1251176,,,JAMA Health Forum,Journal article,,,,,,,1,1,[],{},staff_recent_publications_json
154,Paige Fitzsimmons,A5072166947,https://openalex.org/A5072166947,Paige Fitzsimmons,0.72,medium,local:ab935a5ebb5a7384,Increasing Use of Compassionate Use/Managed Access Channels to Obtain Medicines for Use in COVID‐19,2021.0,2021-01-01,Paige Fitzsimmons,,,medium,0.7,Bundled staff-profile publication; person-level match is credible but paper-level OpenAlex affiliation evidence is not available in the snapshot cache.,,,,,,Journal article,0,,,,,https://www.ndph.ox.ac.uk/publications/1239896,,,Clinical Pharmacology & Therapeutics,Journal article,,,,,,,1,1,[],{},staff_recent_publications_json
155,Amy Flaxman,A5082525047,https://openalex.org/A5082525047,Amy Flaxman,0.9,high,local:359140723c1c5469,"Safety and immunogenicity of the ChAdOx1 nCoV-19 (AZD1222) vaccine in children aged 6-17 years: Final results of a phase 2, single-blind, randomised controlled trial (COV006).",2025.0,2025-01-01,Amy Flaxman,,,high,0.88,Bundled staff-profile publication; high person-level OpenAlex match; publication has DOI or year evidence.,,,,,,Journal article,0,,,,,https://www.ndph.ox.ac.uk/publications/2284735,,,Vaccine,Journal article,,,,,,,1,1,[],{},staff_recent_publications_json
155,Amy Flaxman,A5082525047,https://openalex.org/A5082525047,Amy Flaxman,0.9,high,local:5a9939eb346dd3d4,Age differences in immunity to human seasonal coronaviruses and the immunogenicity of ChAdOx1 nCoV-19 (AZD1222).,2025.0,2025-01-01,Amy Flaxman,,,high,0.88,Bundled staff-profile publication; high person-level OpenAlex match; publication has DOI or year evidence.,,,,,,Journal article,0,,,,,https://www.ndph.ox.ac.uk/publications/2246371,,,EBioMedicine,Journal article,,,,,,,1,1,[],{},staff_recent_publications_json
155,Amy Flaxman,A5082525047,https://openalex.org/A5082525047,Amy Flaxman,0.9,high,local:bddaca4ec6ea0231,"Phase I/IIa study to assess the safety, immunogenicity and efficacy of ChAdOx1-MVA vectored vaccines expressing a novel liver-stage malaria dual antigen LS2 by sporozoite challenge in malaria-naïve adults",2024.0,2024-01-01,Amy Flaxman,,,high,0.88,Bundled staff-profile publication; high person-level OpenAlex match; publication has DOI or year evidence.,,,,,,Journal article,0,,,,,https://www.ndph.ox.ac.uk/publications/2074037,,,Wellcome Open Research,Journal article,,,,,,,1,1,[],{},staff_recent_publications_json
155,Amy Flaxman,A5082525047,https://openalex.org/A5082525047,Amy Flaxman,0.9,high,local:b4cd29fc5a74d450,"Potent immunogenicity and protective efficacy of a multi-pathogen vaccination targeting Ebola, Sudan, Marburg and Lassa viruse.",2024.0,2024-01-01,Amy Flaxman,,,high,0.88,Bundled staff-profile publication; high person-level OpenAlex match; publication has DOI or year evidence.,,,,,,Journal article,0,,,,,https://www.ndph.ox.ac.uk/publications/2010368,,,PLoS Pathog,Journal article,,,,,,,1,1,[],{},staff_recent_publications_json
155,Amy Flaxman,A5082525047,https://openalex.org/A5082525047,Amy Flaxman,0.9,high,local:45496c9a3fc72c1e,"The safety and immunogenicity of a bivalent conjugate vaccine against Salmonella enterica Typhi and Paratyphi A in healthy Indian adults: a phase 1, randomised, active-controlled, double-blind trial",2024.0,2024-01-01,Amy Flaxman,,,high,0.88,Bundled staff-profile publication; high person-level OpenAlex match; publication has DOI or year evidence.,,,,,,Journal article,0,,,,,https://www.ndph.ox.ac.uk/publications/1987473,,,The Lancet,Journal article,,,,,,,1,1,[],{},staff_recent_publications_json
157,Sarah Floud,A5025222104,https://openalex.org/A5025222104,Sarah Floud,0.9,high,local:6f1d4d0caba1c876,Hypertension in pregnancy and in midlife and the risk of dementia: prospective study of 1.3 million UK women,2025.0,2025-01-01,Sarah Floud,,,high,0.88,Bundled staff-profile publication; high person-level OpenAlex match; publication has DOI or year evidence.,,,,,,Journal article,0,,,,,https://www.ndph.ox.ac.uk/publications/2280665,,,Alzheimer’s and Dementia,Journal article,,,,,,,1,1,[],{},staff_recent_publications_json
157,Sarah Floud,A5025222104,https://openalex.org/A5025222104,Sarah Floud,0.9,high,local:0a16a8d25b93a6a4,Author Response: Rheumatoid arthritis and cancer risk in the Million Women Study,2024.0,2024-01-01,Sarah Floud,,,high,0.88,Bundled staff-profile publication; high person-level OpenAlex match; publication has DOI or year evidence.,,,,,,Other,0,,,,,https://www.ndph.ox.ac.uk/publications/2041340,,,International Journal of Epidemiology,Other,,,,,,,1,1,[],{},staff_recent_publications_json
157,Sarah Floud,A5025222104,https://openalex.org/A5025222104,Sarah Floud,0.9,high,local:a42a75d20e35adcb,Response: Rheumatoid arthritis and cancer risk in the Million Women Study.,2024.0,2024-01-01,Sarah Floud,,,high,0.88,Bundled staff-profile publication; high person-level OpenAlex match; publication has DOI or year evidence.,,,,,,Other,0,,,,,https://www.ndph.ox.ac.uk/publications/2055484,,,Int J Epidemiol,Other,,,,,,,1,1,[],{},staff_recent_publications_json
157,Sarah Floud,A5025222104,https://openalex.org/A5025222104,Sarah Floud,0.9,high,local:b624122b176f4f21,A comparative analysis of risk factor associations with interval and screen-detected breast cancers: A large UK prospective study.,2024.0,2024-01-01,Sarah Floud,,,high,0.88,Bundled staff-profile publication; high person-level OpenAlex match; publication has DOI or year evidence.,,,,,,Journal article,0,,,,,https://www.ndph.ox.ac.uk/publications/1991742,,,Int J Cancer,Journal article,,,,,,,1,1,[],{},staff_recent_publications_json
157,Sarah Floud,A5025222104,https://openalex.org/A5025222104,Sarah Floud,0.9,high,local:b965869256f66278,Methods and participant characteristics in the Cancer Risk in Vegetarians Consortium: a cross-sectional analysis across 11 prospective studies.,2024.0,2024-01-01,Sarah Floud,,,high,0.88,Bundled staff-profile publication; high person-level OpenAlex match; publication has DOI or year evidence.,,,,,,Journal article,0,,,,,https://www.ndph.ox.ac.uk/publications/2019829,,,BMC Public Health,Journal article,,,,,,,1,1,[],{},staff_recent_publications_json
160,Sandrena Frischer,A5025888703,https://openalex.org/A5025888703,Sandrena Frischer,0.9,high,local:035d3d75bb6ce4ae,PEARLES challenges and solutions to the implementation of clinical research responses to epidemics and pandemics: a scoping review,2025.0,2025-01-01,Sandrena Frischer,,,high,0.88,Bundled staff-profile publication; high person-level OpenAlex match; publication has DOI or year evidence.,,,,,,Journal article,0,,,,,https://www.ndph.ox.ac.uk/publications/2133656,,,Eclinicalmedicine,Journal article,,,,,,,1,1,[],{},staff_recent_publications_json
160,Sandrena Frischer,A5025888703,https://openalex.org/A5025888703,Sandrena Frischer,0.9,high,local:a4e5d19ee6dddb29,The role of point-of-care ultrasound in the assessment of schistosomiasis-induced liver fibrosis: A systematic scoping review.,2024.0,2024-01-01,Sandrena Frischer,,,high,0.88,Bundled staff-profile publication; high person-level OpenAlex match; publication has DOI or year evidence.,,,,,,Journal article,0,,,,,https://www.ndph.ox.ac.uk/publications/1672268,,,PLoS Negl Trop Dis,Journal article,,,,,,,1,1,[],{},staff_recent_publications_json
160,Sandrena Frischer,A5025888703,https://openalex.org/A5025888703,Sandrena Frischer,0.9,high,local:417df564febe282e,Conceptualising care pathways for neglected tropical diseases in sub-Saharan Africa: A systematic scoping review,2024.0,2024-01-01,Sandrena Frischer,,,high,0.88,Bundled staff-profile publication; high person-level OpenAlex match; publication has DOI or year evidence.,,,,,,Preprint,0,,,,,https://www.ndph.ox.ac.uk/publications/2032567,,,,Preprint,,,,,,,1,1,[],{},staff_recent_publications_json
160,Sandrena Frischer,A5025888703,https://openalex.org/A5025888703,Sandrena Frischer,0.9,high,local:e0d0b4acf5aa185a,Abortion decision-making process trajectories and determinants in low- and middle-income countries: A mixed-methods systematic review and meta-analysis.,2022.0,2022-01-01,Sandrena Frischer,,,high,0.88,Bundled staff-profile publication; high person-level OpenAlex match; publication has DOI or year evidence.,,,,,,Journal article,0,,,,,https://www.ndph.ox.ac.uk/publications/1287413,,,EClinicalMedicine,Journal article,,,,,,,1,1,[],{},staff_recent_publications_json
160,Sandrena Frischer,A5025888703,https://openalex.org/A5025888703,Sandrena Frischer,0.9,high,local:be558030d002a8fb,Abortion decision-making trajectories and factors influencing such trajectories in low- and middle-income countries: a protocol for mixed-methods systematic review.,2021.0,2021-01-01,Sandrena Frischer,,,high,0.88,Bundled staff-profile publication; high person-level OpenAlex match; publication has DOI or year evidence.,,,,,,Journal article,0,,,,,https://www.ndph.ox.ac.uk/publications/1207582,,,BMJ Open,Journal article,,,,,,,1,1,[],{},staff_recent_publications_json
163,Evelynne Fulda,A5061812245,https://openalex.org/A5061812245,Evelynne Fulda,0.72,medium,local:5e07a707764a1030,Association of Daily Steps with Incident Non-Alcoholic Fatty Liver Disease: Evidence from the UK Biobank Cohort.,2025.0,2025-01-01,Evelynne Fulda,,,medium,0.7,Bundled staff-profile publication; person-level match is credible but paper-level OpenAlex affiliation evidence is not available in the snapshot cache.,,,,,,Journal article,0,,,,,https://www.ndph.ox.ac.uk/publications/2120168,,,Med Sci Sports Exerc,Journal article,,,,,,,1,1,[],{},staff_recent_publications_json
164,Kezia Gaitskell,A5046985160,https://openalex.org/A5046985160,Kezia Gaitskell,0.9,high,local:fb03b434821dc9f6,"Histological types of invasive breast cancer in 830,000 women diagnosed in England during 1988-2016",2025.0,2025-01-01,Kezia Gaitskell,,,high,0.88,Bundled staff-profile publication; high person-level OpenAlex match; publication has DOI or year evidence.,,,,,,Journal article,0,,,,,https://www.ndph.ox.ac.uk/publications/2277522,,,The Journal of Pathology: Clinical Research,Journal article,,,,,,,1,1,[],{},staff_recent_publications_json
164,Kezia Gaitskell,A5046985160,https://openalex.org/A5046985160,Kezia Gaitskell,0.9,high,local:7eb11162138ba2cb,Prospective associations of diabetes with 15 cancers in 2.2 million UK and Chinese adults.,2025.0,2025-01-01,Kezia Gaitskell,,,high,0.88,Bundled staff-profile publication; high person-level OpenAlex match; publication has DOI or year evidence.,,,,,,Journal article,0,,,,,https://www.ndph.ox.ac.uk/publications/2246201,,,J Natl Cancer Inst,Journal article,,,,,,,1,1,[],{},staff_recent_publications_json
164,Kezia Gaitskell,A5046985160,https://openalex.org/A5046985160,Kezia Gaitskell,0.9,high,local:67962f1f8a046c3f,Integrating histopathology and epidemiology to explore cancer aetiology and survival,2025.0,2025-01-01,Kezia Gaitskell,,,high,0.88,Bundled staff-profile publication; high person-level OpenAlex match; publication has DOI or year evidence.,,,,,,Journal article,0,,,,,https://www.ndph.ox.ac.uk/publications/2102354,,,Diagnostic Histopathology,Journal article,,,,,,,1,1,[],{},staff_recent_publications_json
164,Kezia Gaitskell,A5046985160,https://openalex.org/A5046985160,Kezia Gaitskell,0.9,high,local:6fc898b22a208f9c,Self-interactive learning: Fusion and evolution of multi-scale histomorphology features for molecular traits prediction in computational pathology.,2025.0,2025-01-01,Kezia Gaitskell,,,high,0.88,Bundled staff-profile publication; high person-level OpenAlex match; publication has DOI or year evidence.,,,,,,Journal article,0,,,,,https://www.ndph.ox.ac.uk/publications/2074896,,,Med Image Anal,Journal article,,,,,,,1,1,[],{},staff_recent_publications_json
164,Kezia Gaitskell,A5046985160,https://openalex.org/A5046985160,Kezia Gaitskell,0.9,high,local:614ed622dba9828e,"Amount and intensity of daily total physical activity, step count and risk of incident cancer in the UK Biobank.",2025.0,2025-01-01,Kezia Gaitskell,,,high,0.88,Bundled staff-profile publication; high person-level OpenAlex match; publication has DOI or year evidence.,,,,,,Journal article,0,,,,,https://www.ndph.ox.ac.uk/publications/2101867,,,Br J Sports Med,Journal article,,,,,,,1,1,[],{},staff_recent_publications_json
165,Parag Gajendragadkar,A5037540330,https://openalex.org/A5037540330,Parag Gajendragadkar,0.9,high,local:e65c1a1e13f67c3d,Mechanistic Pathways Underlying Genetic Predisposition to Atrial Fibrillation Are Associated With Different Cardiac Phenotypes and Cardioembolic Stroke Risk.,2025.0,2025-01-01,Parag Gajendragadkar,,,high,0.88,Bundled staff-profile publication; high person-level OpenAlex match; publication has DOI or year evidence.,,,,,,Journal article,0,,,,,https://www.ndph.ox.ac.uk/publications/2131361,,,Circ Genom Precis Med,Journal article,,,,,,,1,1,[],{},staff_recent_publications_json
165,Parag Gajendragadkar,A5037540330,https://openalex.org/A5037540330,Parag Gajendragadkar,0.9,high,local:d9398cf3c8ac6c10,"Role of primary and secondary care data in atrial fibrillation ascertainment: impact on risk factor associations, patient management, and mortality in UK Biobank.",2025.0,2025-01-01,Parag Gajendragadkar,,,high,0.88,Bundled staff-profile publication; high person-level OpenAlex match; publication has DOI or year evidence.,,,,,,Journal article,0,,,,,https://www.ndph.ox.ac.uk/publications/2084149,,,Europace,Journal article,,,,,,,1,1,[],{},staff_recent_publications_json
165,Parag Gajendragadkar,A5037540330,https://openalex.org/A5037540330,Parag Gajendragadkar,0.9,high,local:68625ae631861783,Temperature-controlled Ablation Versus Conventional Ablation for Pulmonary Vein Isolation in the Treatment of AF: A Systematic Review and Meta-Analysis.,2025.0,2025-01-01,Parag Gajendragadkar,,,high,0.88,Bundled staff-profile publication; high person-level OpenAlex match; publication has DOI or year evidence.,,,,,,Journal article,0,,,,,https://www.ndph.ox.ac.uk/publications/2085277,,,Arrhythm Electrophysiol Rev,Journal article,,,,,,,1,1,[],{},staff_recent_publications_json
165,Parag Gajendragadkar,A5037540330,https://openalex.org/A5037540330,Parag Gajendragadkar,0.9,high,local:8774725266ce6e69,Discrete mechanistic pathways underlying genetic predisposition to atrial fibrillation are associated with different intermediate cardiac phenotypes and risk of cardioembolic stroke,2024.0,2024-01-01,Parag Gajendragadkar,,,high,0.88,Bundled staff-profile publication; high person-level OpenAlex match; publication has DOI or year evidence.,,,,,,Preprint,0,,,,,https://www.ndph.ox.ac.uk/publications/2016627,,,,Preprint,,,,,,,1,1,[],{},staff_recent_publications_json
165,Parag Gajendragadkar,A5037540330,https://openalex.org/A5037540330,Parag Gajendragadkar,0.9,high,local:9500ee115b74f3db,Making the Right Diagnosis: Slowly but Surely.,2023.0,2023-01-01,Parag Gajendragadkar,,,high,0.88,Bundled staff-profile publication; high person-level OpenAlex match; publication has DOI or year evidence.,,,,,,Journal article,0,,,,,https://www.ndph.ox.ac.uk/publications/1574515,,,Circulation,Journal article,,,,,,,1,1,[],{},staff_recent_publications_json
166,Yaqing Gao,A5056198194,https://openalex.org/A5056198194,Yaqing Gao,0.9,high,local:c422ecb4e79b573a,"Neuroticism, omega-3 fatty acids, and risk of incident dementia.",2025.0,2025-01-01,Yaqing Gao,,,high,0.88,Bundled staff-profile publication; high person-level OpenAlex match; publication has DOI or year evidence.,,,,,,Journal article,0,,,,,https://www.ndph.ox.ac.uk/publications/2131604,,,J Affect Disord,Journal article,,,,,,,1,1,[],{},staff_recent_publications_json
166,Yaqing Gao,A5056198194,https://openalex.org/A5056198194,Yaqing Gao,0.9,high,local:d136e435bfa8283c,"Hospitalization for COVID-19, Other Respiratory Infections, and Postacute Patient-Reported Symptoms.",2024.0,2024-01-01,Yaqing Gao,,,high,0.88,Bundled staff-profile publication; high person-level OpenAlex match; publication has DOI or year evidence.,,,,,,Journal article,0,,,,,https://www.ndph.ox.ac.uk/publications/2030836,,,JAMA Netw Open,Journal article,,,,,,,1,1,[],{},staff_recent_publications_json
166,Yaqing Gao,A5056198194,https://openalex.org/A5056198194,Yaqing Gao,0.9,high,local:7182d4f76c9dfe15,"Association of neuroticism with incident dementia, neuroimaging outcomes, and cognitive function.",2024.0,2024-01-01,Yaqing Gao,,,high,0.88,Bundled staff-profile publication; high person-level OpenAlex match; publication has DOI or year evidence.,,,,,,Journal article,0,,,,,https://www.ndph.ox.ac.uk/publications/2013862,,,Alzheimers Dement,Journal article,,,,,,,1,1,[],{},staff_recent_publications_json
166,Yaqing Gao,A5056198194,https://openalex.org/A5056198194,Yaqing Gao,0.9,high,local:ade868669889ed1b,Snoring and risk of dementia: a prospective cohort and Mendelian randomization study.,2024.0,2024-01-01,Yaqing Gao,,,high,0.88,Bundled staff-profile publication; high person-level OpenAlex match; publication has DOI or year evidence.,,,,,,Journal article,0,,,,,https://www.ndph.ox.ac.uk/publications/2011026,,,Sleep,Journal article,,,,,,,1,1,[],{},staff_recent_publications_json
166,Yaqing Gao,A5056198194,https://openalex.org/A5056198194,Yaqing Gao,0.9,high,local:fabf91114a4aecdb,"Relationship between HLA genetic variations, COVID-19 vaccine antibody response, and risk of breakthrough outcomes.",2024.0,2024-01-01,Yaqing Gao,,,high,0.88,Bundled staff-profile publication; high person-level OpenAlex match; publication has DOI or year evidence.,,,,,,Journal article,0,,,,,https://www.ndph.ox.ac.uk/publications/1994958,,,Nat Commun,Journal article,,,,,,,1,1,[],{},staff_recent_publications_json
166,Yaqing Gao,A5056198194,https://openalex.org/A5056198194,Yaqing Gao,0.9,high,local:1f5cff33e57249e3,Association of Regular Opioid Use With Incident Dementia and Neuroimaging Markers of Brain Health in Chronic Pain Patients: Analysis of UK Biobank.,2024.0,2024-01-01,Yaqing Gao,,,high,0.88,Bundled staff-profile publication; high person-level OpenAlex match; publication has DOI or year evidence.,,,,,,Journal article,0,,,,,https://www.ndph.ox.ac.uk/publications/1993121,,,Am J Geriatr Psychiatry,Journal article,,,,,,,1,1,[],{},staff_recent_publications_json
166,Yaqing Gao,A5056198194,https://openalex.org/A5056198194,Yaqing Gao,0.9,high,local:874dcceafed6ba86,HLA-C*07:01 and HLA-DQB1*02:01 protect against white matter hyperintensities and deterioration of cognitive function: A population-based cohort study.,2023.0,2023-01-01,Yaqing Gao,,,high,0.88,Bundled staff-profile publication; high person-level OpenAlex match; publication has DOI or year evidence.,,,,,,Journal article,0,,,,,https://www.ndph.ox.ac.uk/publications/1554334,,,Brain Behav Immun,Journal article,,,,,,,1,1,[],{},staff_recent_publications_json
167,Toral Gathani,A5037261045,https://openalex.org/A5037261045,Toral Gathani,0.9,high,local:9c1a7f2693f7b862,Understanding global variation in breast cancer mortality.,2025.0,2025-01-01,Toral Gathani,,,high,0.88,Bundled staff-profile publication; high person-level OpenAlex match; publication has DOI or year evidence.,,,,,,Journal article,0,,,,,https://www.ndph.ox.ac.uk/publications/2134666,,,Br J Radiol,Journal article,,,,,,,1,1,[],{},staff_recent_publications_json
167,Toral Gathani,A5037261045,https://openalex.org/A5037261045,Toral Gathani,0.9,high,local:0f16723879238c44,Reply to: Advancing equity in breast cancer detection: A public health and primary care imperative.,2025.0,2025-01-01,Toral Gathani,,,high,0.88,Bundled staff-profile publication; high person-level OpenAlex match; publication has DOI or year evidence.,,,,,,Journal article,0,,,,,https://www.ndph.ox.ac.uk/publications/2119250,,,Eur J Surg Oncol,Journal article,,,,,,,1,1,[],{},staff_recent_publications_json
167,Toral Gathani,A5037261045,https://openalex.org/A5037261045,Toral Gathani,0.9,high,local:f2d3090a40a7b769,Lessons learnt from developing an ethnically diverse patient and public involvement group for breast cancer research,2025.0,2025-01-01,Toral Gathani,,,high,0.88,Bundled staff-profile publication; high person-level OpenAlex match; publication has DOI or year evidence.,,,,,,Journal article,0,,,,,https://www.ndph.ox.ac.uk/publications/2086092,,,BMJ Open,Journal article,,,,,,,1,1,[],{},staff_recent_publications_json
167,Toral Gathani,A5037261045,https://openalex.org/A5037261045,Toral Gathani,0.9,high,local:cb2267975361c977,"Ethnicity and breast cancer incidence in over 329,500 women in England in 2011-2019.",2025.0,2025-01-01,Toral Gathani,,,high,0.88,Bundled staff-profile publication; high person-level OpenAlex match; publication has DOI or year evidence.,,,,,,Journal article,0,,,,,https://www.ndph.ox.ac.uk/publications/2074893,,,Eur J Surg Oncol,Journal article,,,,,,,1,1,[],{},staff_recent_publications_json
167,Toral Gathani,A5037261045,https://openalex.org/A5037261045,Toral Gathani,0.9,high,local:70d4002050ec3342,Barriers to and enablers of the early diagnosis of breast cancer among women from ethnic minority backgrounds in the UK: protocol for a qualitative evidence synthesis.,2024.0,2024-01-01,Toral Gathani,,,high,0.88,Bundled staff-profile publication; high person-level OpenAlex match; publication has DOI or year evidence.,,,,,,Journal article,0,,,,,https://www.ndph.ox.ac.uk/publications/2039197,,,BMJ Open,Journal article,,,,,,,1,1,[],{},staff_recent_publications_json
168,Ursula Gazeley,A5036734767,https://openalex.org/A5036734767,Ursula Gazeley,0.9,high,local:ca290ac8e5538920,Accounting for stillbirths in maternal health metrics: a cross-country analysis.,2025.0,2025-01-01,Ursula Gazeley,,,high,0.88,Bundled staff-profile publication; high person-level OpenAlex match; publication has DOI or year evidence.,,,,,,Journal article,0,,,,,https://www.ndph.ox.ac.uk/publications/2134385,,,EClinicalMedicine,Journal article,,,,,,,1,1,[],{},staff_recent_publications_json
168,Ursula Gazeley,A5036734767,https://openalex.org/A5036734767,Ursula Gazeley,0.9,high,local:07a31b51c028d4a1,Evolution of Life Expectancy and Lifespan Variation in Sub-Saharan Africa,2025.0,2025-01-01,Ursula Gazeley,,,high,0.88,Bundled staff-profile publication; high person-level OpenAlex match; publication has DOI or year evidence.,,,,,,Preprint,0,,,,,https://www.ndph.ox.ac.uk/publications/2127877,,,,Preprint,,,,,,,1,1,[],{},staff_recent_publications_json
168,Ursula Gazeley,A5036734767,https://openalex.org/A5036734767,Ursula Gazeley,0.9,high,local:2933268dd0f023b9,"The lifetime risk of maternal near miss morbidity in Asia, Africa, the Middle East, and Latin America: a cross-country systematic analysis.",2024.0,2024-01-01,Ursula Gazeley,,,high,0.88,Bundled staff-profile publication; high person-level OpenAlex match; publication has DOI or year evidence.,,,,,,Journal article,0,,,,,https://www.ndph.ox.ac.uk/publications/2044853,,,Lancet Glob Health,Journal article,,,,,,,1,1,[],{},staff_recent_publications_json
168,Ursula Gazeley,A5036734767,https://openalex.org/A5036734767,Ursula Gazeley,0.9,high,local:1d455fb4b89dd476,"Postpartum recovery after severe maternal morbidity in Kilifi, Kenya: a grounded theory of recovery trajectories beyond 42 days.",2024.0,2024-01-01,Ursula Gazeley,,,high,0.88,Bundled staff-profile publication; high person-level OpenAlex match; publication has DOI or year evidence.,,,,,,Journal article,0,,,,,https://www.ndph.ox.ac.uk/publications/2013194,,,BMJ Glob Health,Journal article,,,,,,,1,1,[],{},staff_recent_publications_json
168,Ursula Gazeley,A5036734767,https://openalex.org/A5036734767,Ursula Gazeley,0.9,high,local:c443d89b7a789c3b,Lifetime risk of maternal near miss morbidity: a novel indicator of maternal health.,2024.0,2024-01-01,Ursula Gazeley,,,high,0.88,Bundled staff-profile publication; high person-level OpenAlex match; publication has DOI or year evidence.,,,,,,Journal article,0,,,,,https://www.ndph.ox.ac.uk/publications/1586272,,,Int J Epidemiol,Journal article,,,,,,,1,1,[],{},staff_recent_publications_json
172,Louisa Gnatiuc,A5080416947,https://openalex.org/A5080416947,Louisa Gnatiuc,0.9,high,local:8e5ecaf3abbde096,A Mendelian randomization study of the effect of body mass index on 52 causes of death among 125 000 Mexican adults with admixed ancestry.,2025.0,2025-01-01,Louisa Gnatiuc,,,high,0.88,Bundled staff-profile publication; high person-level OpenAlex match; publication has DOI or year evidence.,,,,,,Journal article,0,,,,,https://www.ndph.ox.ac.uk/publications/2127954,,,Int J Epidemiol,Journal article,,,,,,,1,1,[],{},staff_recent_publications_json
172,Louisa Gnatiuc,A5080416947,https://openalex.org/A5080416947,Louisa Gnatiuc,0.9,high,local:7e6bc025ee8be795,"Prediabetes and risk of all-cause and cause-specific mortality: a prospective study of 114,062 adults in Mexico City.",2025.0,2025-01-01,Louisa Gnatiuc,,,high,0.88,Bundled staff-profile publication; high person-level OpenAlex match; publication has DOI or year evidence.,,,,,,Journal article,0,,,,,https://www.ndph.ox.ac.uk/publications/2109848,,,J Clin Endocrinol Metab,Journal article,,,,,,,1,1,[],{},staff_recent_publications_json
172,Louisa Gnatiuc,A5080416947,https://openalex.org/A5080416947,Louisa Gnatiuc,0.9,high,local:bd171ba0f2dffa5d,Cognitive impairment at older ages among 8000 men and women living in Mexico City: a cross-sectional analyses of a prospective study.,2024.0,2024-01-01,Louisa Gnatiuc,,,high,0.88,Bundled staff-profile publication; high person-level OpenAlex match; publication has DOI or year evidence.,,,,,,Journal article,0,,,,,https://www.ndph.ox.ac.uk/publications/2073899,,,BMC Public Health,Journal article,,,,,,,1,1,[],{},staff_recent_publications_json
172,Louisa Gnatiuc,A5080416947,https://openalex.org/A5080416947,Louisa Gnatiuc,0.9,high,local:e546bc834fa52a35,Alcohol and mortality in Mexico: prospective study of 150 000 adults.,2024.0,2024-01-01,Louisa Gnatiuc,,,high,0.88,Bundled staff-profile publication; high person-level OpenAlex match; publication has DOI or year evidence.,,,,,,Journal article,0,,,,,https://www.ndph.ox.ac.uk/publications/2054759,,,Lancet Public Health,Journal article,,,,,,,1,1,[],{},staff_recent_publications_json
172,Louisa Gnatiuc,A5080416947,https://openalex.org/A5080416947,Louisa Gnatiuc,0.9,high,local:0215c228c413fc8c,"Blood Pressure, eGFR, and Kidney Mortality in Mexico: A Prospective Study of 150,000 Adults",2024.0,2024-01-01,Louisa Gnatiuc,,,high,0.88,Bundled staff-profile publication; high person-level OpenAlex match; publication has DOI or year evidence.,,,,,,Conference paper,0,,,,,https://www.ndph.ox.ac.uk/publications/2078927,,,,Conference paper,,,,,,,1,1,[],{},staff_recent_publications_json
172,Louisa Gnatiuc,A5080416947,https://openalex.org/A5080416947,Louisa Gnatiuc,0.9,high,local:11508748305dd1cb,"Author Correction: Genotyping, sequencing and analysis of 140,000 adults from Mexico City.",2024.0,2024-01-01,Louisa Gnatiuc,,,high,0.88,Bundled staff-profile publication; high person-level OpenAlex match; publication has DOI or year evidence.,,,,,,Journal article,0,,,,,https://www.ndph.ox.ac.uk/publications/1618833,,,Nature,Journal article,,,,,,,1,1,[],{},staff_recent_publications_json
172,Louisa Gnatiuc,A5080416947,https://openalex.org/A5080416947,Louisa Gnatiuc,0.9,high,local:b1da19e4d6947455,"Blood Pressure, eGFR, and Kidney Mortality in Mexico: A Prospective Study of 150,000 Adults",2024.0,2024-01-01,Louisa Gnatiuc,,,high,0.88,Bundled staff-profile publication; high person-level OpenAlex match; publication has DOI or year evidence.,,,,,,Journal article,0,,,,,https://www.ndph.ox.ac.uk/publications/2054302,,,JOURNAL OF THE AMERICAN SOCIETY OF NEPHROLOGY,Journal article,,,,,,,1,1,[],{},staff_recent_publications_json
172,Louisa Gnatiuc,A5080416947,https://openalex.org/A5080416947,Louisa Gnatiuc,0.9,high,local:b13d1e8bbac222ca,"Polygenic prediction of coronary heart disease among 130,000 Mexican adults",2024.0,2024-01-01,Louisa Gnatiuc,,,high,0.88,Bundled staff-profile publication; high person-level OpenAlex match; publication has DOI or year evidence.,,,,,,Preprint,0,,,,,https://www.ndph.ox.ac.uk/publications/2072844,,,,Preprint,,,,,,,1,1,[],{},staff_recent_publications_json
172,Louisa Gnatiuc,A5080416947,https://openalex.org/A5080416947,Louisa Gnatiuc,0.9,high,local:09da3a2667693676,"Genotyping, sequencing and analysis of 140,000 adults from Mexico City",2023.0,2023-01-01,Louisa Gnatiuc,,,high,0.88,Bundled staff-profile publication; high person-level OpenAlex match; publication has DOI or year evidence.,,,,,,Journal article,0,,,,,https://www.ndph.ox.ac.uk/publications/1544804,,,Nature,Journal article,,,,,,,1,1,[],{},staff_recent_publications_json
172,Louisa Gnatiuc,A5080416947,https://openalex.org/A5080416947,Louisa Gnatiuc,0.9,high,local:4b2be1c07398d363,"Genotyping, sequencing and analysis of 140,000 adults from Mexico City.",2023.0,2023-01-01,Louisa Gnatiuc,,,high,0.88,Bundled staff-profile publication; high person-level OpenAlex match; publication has DOI or year evidence.,,,,,,Journal article,0,,,,,https://www.ndph.ox.ac.uk/publications/1544803,,,Nature,Journal article,,,,,,,1,1,[],{},staff_recent_publications_json
173,Michael Goldacre,A5033615659,https://openalex.org/A5033615659,Michael Goldacre,0.9,high,local:82ba90d5f97fdca7,Venous thromboembolism risk in amyotrophic lateral sclerosis: a hospital record-linkage study.,2024.0,2024-01-01,Michael Goldacre,,,high,0.88,Bundled staff-profile publication; high person-level OpenAlex match; publication has DOI or year evidence.,,,,,,Journal article,0,,,,,https://www.ndph.ox.ac.uk/publications/1928239,,,J Neurol Neurosurg Psychiatry,Journal article,,,,,,,1,1,[],{},staff_recent_publications_json
173,Michael Goldacre,A5033615659,https://openalex.org/A5033615659,Michael Goldacre,0.9,high,local:3616e01fbf6e3180,"Risk of self-harm in patients with eating disorders: English population-based national record-linkage study, 1999-2021.",2024.0,2024-01-01,Michael Goldacre,,,high,0.88,Bundled staff-profile publication; high person-level OpenAlex match; publication has DOI or year evidence.,,,,,,Journal article,0,,,,,https://www.ndph.ox.ac.uk/publications/1564219,,,Int J Eat Disord,Journal article,,,,,,,1,1,[],{},staff_recent_publications_json
173,Michael Goldacre,A5033615659,https://openalex.org/A5033615659,Michael Goldacre,0.9,high,local:2ca346a4b95c5065,Hospital admissions for group A streptococcal infections in England: current rates and historical perspective.,2023.0,2023-01-01,Michael Goldacre,,,high,0.88,Bundled staff-profile publication; high person-level OpenAlex match; publication has DOI or year evidence.,,,,,,Journal article,0,,,,,https://www.ndph.ox.ac.uk/publications/1495376,,,Lancet Infect Dis,Journal article,,,,,,,1,1,[],{},staff_recent_publications_json
173,Michael Goldacre,A5033615659,https://openalex.org/A5033615659,Michael Goldacre,0.9,high,local:94274cfddf400771,Low risk of some common cancers in women with anorexia nervosa: Evidence from a national record-linkage study.,2023.0,2023-01-01,Michael Goldacre,,,high,0.88,Bundled staff-profile publication; high person-level OpenAlex match; publication has DOI or year evidence.,,,,,,Journal article,0,,,,,https://www.ndph.ox.ac.uk/publications/1345036,,,Acta Psychiatr Scand,Journal article,,,,,,,1,1,[],{},staff_recent_publications_json
173,Michael Goldacre,A5033615659,https://openalex.org/A5033615659,Michael Goldacre,0.9,high,local:9425449c28c4cf55,Central nervous system abscesses and empyemas in England: epidemiological trends over five decades.,2023.0,2023-01-01,Michael Goldacre,,,high,0.88,Bundled staff-profile publication; high person-level OpenAlex match; publication has DOI or year evidence.,,,,,,Journal article,0,,,,,https://www.ndph.ox.ac.uk/publications/1328988,,,J Infect,Journal article,,,,,,,1,1,[],{},staff_recent_publications_json
174,Raph Goldacre,A5036982873,https://openalex.org/A5036982873,Raph Goldacre,0.9,high,local:7340bc89eded548b,"Sotrovimab versus usual care in patients admitted to hospital with COVID-19 (RECOVERY): a randomised, controlled, open-label, platform trial.",2026.0,2026-01-01,Raph Goldacre,,,high,0.88,Bundled staff-profile publication; high person-level OpenAlex match; publication has DOI or year evidence.,,,,,,Journal article,0,,,,,https://www.ndph.ox.ac.uk/publications/2127471,,,Lancet Infect Dis,Journal article,,,,,,,1,1,[],{},staff_recent_publications_json
174,Raph Goldacre,A5036982873,https://openalex.org/A5036982873,Raph Goldacre,0.9,high,local:a261d1f80781aae1,Ethnic Disparities in Severe Maternal Morbidity and the Contribution of Deprivation: A Population-Based Causal Analysis.,2025.0,2025-01-01,Raph Goldacre,,,high,0.88,Bundled staff-profile publication; high person-level OpenAlex match; publication has DOI or year evidence.,,,,,,Journal article,0,,,,,https://www.ndph.ox.ac.uk/publications/2128188,,,BJOG,Journal article,,,,,,,1,1,[],{},staff_recent_publications_json
174,Raph Goldacre,A5036982873,https://openalex.org/A5036982873,Raph Goldacre,0.9,high,local:5080a3bd7a479856,Maternal and Infant Outcomes for Women Experiencing Homelessness Before and During Pregnancy: A Retrospective Cohort Study.,2025.0,2025-01-01,Raph Goldacre,,,high,0.88,Bundled staff-profile publication; high person-level OpenAlex match; publication has DOI or year evidence.,,,,,,Journal article,0,,,,,https://www.ndph.ox.ac.uk/publications/2108787,,,BJOG,Journal article,,,,,,,1,1,[],{},staff_recent_publications_json
174,Raph Goldacre,A5036982873,https://openalex.org/A5036982873,Raph Goldacre,0.9,high,local:329cc1cb1208c654,"Temporal trends in hospital-recorded pulmonary embolism in England before, during and after the COVID-19 pandemic (2008-2024): a population-based observational study.",2025.0,2025-01-01,Raph Goldacre,,,high,0.88,Bundled staff-profile publication; high person-level OpenAlex match; publication has DOI or year evidence.,,,,,,Journal article,0,,,,,https://www.ndph.ox.ac.uk/publications/2277516,,,Lancet Reg Health Eur,Journal article,,,,,,,1,1,[],{},staff_recent_publications_json
174,Raph Goldacre,A5036982873,https://openalex.org/A5036982873,Raph Goldacre,0.9,high,local:a9b60037f1273f14,"Trends and variation in the incidence of hip fracture in England before, during, and after the COVID-19 pandemic (2014-2024): a population-based observational study.",2025.0,2025-01-01,Raph Goldacre,,,high,0.88,Bundled staff-profile publication; high person-level OpenAlex match; publication has DOI or year evidence.,,,,,,Journal article,0,,,,,https://www.ndph.ox.ac.uk/publications/2280294,,,Lancet Reg Health Eur,Journal article,,,,,,,1,1,[],{},staff_recent_publications_json
176,Michelle Goonasekera,A5011517202,https://openalex.org/A5011517202,Michelle Goonasekera,0.9,high,local:35b719f006184b80,"Design, recruitment and baseline characteristics of the LENS trial.",2024.0,2024-01-01,Michelle Goonasekera,,,high,0.88,Bundled staff-profile publication; high person-level OpenAlex match; publication has DOI or year evidence.,,,,,,Journal article,0,,,,,https://www.ndph.ox.ac.uk/publications/1614614,,,Diabet Med,Journal article,,,,,,,1,1,[],{},staff_recent_publications_json
176,Michelle Goonasekera,A5011517202,https://openalex.org/A5011517202,Michelle Goonasekera,0.9,high,local:ef3b3b06f16a20d0,Accuracy of heart failure ascertainment using routinely collected healthcare data: a systematic review and meta-analysis.,2024.0,2024-01-01,Michelle Goonasekera,,,high,0.88,Bundled staff-profile publication; high person-level OpenAlex match; publication has DOI or year evidence.,,,,,,Journal article,0,,,,,https://www.ndph.ox.ac.uk/publications/1769379,,,Syst Rev,Journal article,,,,,,,1,1,[],{},staff_recent_publications_json
176,Michelle Goonasekera,A5011517202,https://openalex.org/A5011517202,Michelle Goonasekera,0.9,high,local:23de55c0d00954f3,"Effects of Empagliflozin on Fluid Overload, Weight, and Blood Pressure in CKD.",2024.0,2024-01-01,Michelle Goonasekera,,,high,0.88,Bundled staff-profile publication; high person-level OpenAlex match; publication has DOI or year evidence.,,,,,,Journal article,0,,,,,https://www.ndph.ox.ac.uk/publications/1568801,,,J Am Soc Nephrol,Journal article,,,,,,,1,1,[],{},staff_recent_publications_json
176,Michelle Goonasekera,A5011517202,https://openalex.org/A5011517202,Michelle Goonasekera,0.9,high,local:e94293664cad6b3a,Effects of empagliflozin on progression of chronic kidney disease: a prespecified secondary analysis from the empa-kidney trial.,2024.0,2024-01-01,Michelle Goonasekera,,,high,0.88,Bundled staff-profile publication; high person-level OpenAlex match; publication has DOI or year evidence.,,,,,,Journal article,0,,,,,https://www.ndph.ox.ac.uk/publications/1552533,,,Lancet Diabetes Endocrinol,Journal article,,,,,,,1,1,[],{},staff_recent_publications_json
176,Michelle Goonasekera,A5011517202,https://openalex.org/A5011517202,Michelle Goonasekera,0.9,high,local:5a1f1e81e20bc193,Impact of primary kidney disease on the effects of empagliflozin in patients with chronic kidney disease: secondary analyses of the EMPA-KIDNEY trial.,2024.0,2024-01-01,Michelle Goonasekera,,,high,0.88,Bundled staff-profile publication; high person-level OpenAlex match; publication has DOI or year evidence.,,,,,,Journal article,0,,,,,https://www.ndph.ox.ac.uk/publications/1552616,,,Lancet Diabetes Endocrinol,Journal article,,,,,,,1,1,[],{},staff_recent_publications_json
182,Mackenzie Graham,A5054984207,https://openalex.org/A5054984207,Mackenzie Graham,0.9,high,local:7066b09a4da9971b,A Narrative Review of Ethical Issues in the Use of Artificial Intelligence Enabled Diagnostics for Diabetic Retinopathy.,2024.0,2024-01-01,Mackenzie Graham,,,high,0.88,Bundled staff-profile publication; high person-level OpenAlex match; publication has DOI or year evidence.,,,,,,Journal article,0,,,,,https://www.ndph.ox.ac.uk/publications/2062760,,,J Eval Clin Pract,Journal article,,,,,,,1,1,[],{},staff_recent_publications_json
182,Mackenzie Graham,A5054984207,https://openalex.org/A5054984207,Mackenzie Graham,0.9,high,local:74bc745d13c1d067,Informing cognitively healthy research participants of modifiable dementia risk factors: Ethical implications.,2024.0,2024-01-01,Mackenzie Graham,,,high,0.88,Bundled staff-profile publication; high person-level OpenAlex match; publication has DOI or year evidence.,,,,,,Journal article,0,,,,,https://www.ndph.ox.ac.uk/publications/2053657,,,J Alzheimers Dis,Journal article,,,,,,,1,1,[],{},staff_recent_publications_json
182,Mackenzie Graham,A5054984207,https://openalex.org/A5054984207,Mackenzie Graham,0.9,high,local:fd44ab7c87355752,Getting rights right: Implementing 'Martha's Rule',2023.0,2023-01-01,Mackenzie Graham,,,high,0.88,Bundled staff-profile publication; high person-level OpenAlex match; publication has DOI or year evidence.,,,,,,Journal article,0,,,,,https://www.ndph.ox.ac.uk/publications/1581640,,,Journal of Medical Ethics,Journal article,,,,,,,1,1,[],{},staff_recent_publications_json
182,Mackenzie Graham,A5054984207,https://openalex.org/A5054984207,Mackenzie Graham,0.9,high,local:dc74b698fbac79cc,TREs are still not about trust.,2023.0,2023-01-01,Mackenzie Graham,,,high,0.88,Bundled staff-profile publication; high person-level OpenAlex match; publication has DOI or year evidence.,,,,,,Journal article,0,,,,,https://www.ndph.ox.ac.uk/publications/1330934,,,J Med Ethics,Journal article,,,,,,,1,1,[],{},staff_recent_publications_json
182,Mackenzie Graham,A5054984207,https://openalex.org/A5054984207,Mackenzie Graham,0.9,high,local:6f57b94b2e1b9bdd,Use of functional magnetic resonance imaging to assess cognition and consciousness in severe Guillain-Barré syndrome.,2023.0,2023-01-01,Mackenzie Graham,,,high,0.88,Bundled staff-profile publication; high person-level OpenAlex match; publication has DOI or year evidence.,,,,,,Journal article,0,,,,,https://www.ndph.ox.ac.uk/publications/1304919,,,Int J Clin Health Psychol,Journal article,,,,,,,1,1,[],{},staff_recent_publications_json
184,Alastair Gray,A5027337947,https://openalex.org/A5027337947,Alastair Gray,0.9,high,local:ecc26767ceb7763a,"Patient-reported harm from NHS treatment or care, or the lack of access to care: a cross-sectional survey of general population prevalence, impact and responses.",2025.0,2025-01-01,Alastair Gray,,,high,0.88,Bundled staff-profile publication; high person-level OpenAlex match; publication has DOI or year evidence.,,,,,,Journal article,0,,,,,https://www.ndph.ox.ac.uk/publications/2117175,,,BMJ Qual Saf,Journal article,,,,,,,1,1,[],{},staff_recent_publications_json
184,Alastair Gray,A5027337947,https://openalex.org/A5027337947,Alastair Gray,0.9,high,local:dc0b7bb779d59d2f,Protocol for the process evaluation for a cluster randomised controlled trial evaluating primary school-based screening and intervention delivery for childhood anxiety problems.,2025.0,2025-01-01,Alastair Gray,,,high,0.88,Bundled staff-profile publication; high person-level OpenAlex match; publication has DOI or year evidence.,,,,,,Journal article,0,,,,,https://www.ndph.ox.ac.uk/publications/2092932,,,BMJ Open,Journal article,,,,,,,1,1,[],{},staff_recent_publications_json
184,Alastair Gray,A5027337947,https://openalex.org/A5027337947,Alastair Gray,0.9,high,local:eeb420d0f71e3b8a,Evaluating prediction of short-term tolerability of five type 2 diabetes drug classes using routine clinical features: UK population-based study,2025.0,2025-01-01,Alastair Gray,,,high,0.88,Bundled staff-profile publication; high person-level OpenAlex match; publication has DOI or year evidence.,,,,,,Journal article,0,,,,,https://www.ndph.ox.ac.uk/publications/2128271,,,Diabetes Obesity and Metabolism,Journal article,,,,,,,1,1,[],{},staff_recent_publications_json
184,Alastair Gray,A5027337947,https://openalex.org/A5027337947,Alastair Gray,0.9,high,local:406f43beebb1965d,Quality of care for secondary cardiovascular disease prevention in 2009-2017: population-wide cohort study of antiplatelet therapy use in Scotland.,2024.0,2024-01-01,Alastair Gray,,,high,0.88,Bundled staff-profile publication; high person-level OpenAlex match; publication has DOI or year evidence.,,,,,,Journal article,0,,,,,https://www.ndph.ox.ac.uk/publications/1519202,,,BMJ Qual Saf,Journal article,,,,,,,1,1,[],{},staff_recent_publications_json
184,Alastair Gray,A5027337947,https://openalex.org/A5027337947,Alastair Gray,0.9,high,local:ab2b1073bcb8651d,"Heart failure in Europe: Guideline-directed medical therapy use and decision making in chronic and acute, pre-existing and de novo, heart failure with reduced, mildly reduced, and preserved ejection fraction - the ESC EORP Heart Failure III Registry.",2024.0,2024-01-01,Alastair Gray,,,high,0.88,Bundled staff-profile publication; high person-level OpenAlex match; publication has DOI or year evidence.,,,,,,Journal article,0,,,,,https://www.ndph.ox.ac.uk/publications/2032912,,,Eur J Heart Fail,Journal article,,,,,,,1,1,[],{},staff_recent_publications_json
190,Nick Hall,A5084841043,https://openalex.org/A5084841043,Nick Hall,0.9,high,local:a14f0eeeada3bd87,Effects of the COVID-19 pandemic on secondary care for cardiovascular disease in the UK: an electronic health record analysis across three countries.,2023.0,2023-01-01,Nick Hall,,,high,0.88,Bundled staff-profile publication; high person-level OpenAlex match; publication has DOI or year evidence.,,,,,,Journal article,0,,,,,https://www.ndph.ox.ac.uk/publications/1309350,,,Eur Heart J Qual Care Clin Outcomes,Journal article,,,,,,,1,1,[],{},staff_recent_publications_json
190,Nick Hall,A5084841043,https://openalex.org/A5084841043,Nick Hall,0.9,high,local:272d124ed2411736,Indirect effects of the first two years of the COVID-19 pandemic on secondary care for cardiovascular disease in the UK: an electronic health record analysis across three countries,2022.0,2022-01-01,Nick Hall,,,high,0.88,Bundled staff-profile publication; high person-level OpenAlex match; publication has DOI or year evidence.,,,,,,Preprint,0,,,,,https://www.ndph.ox.ac.uk/publications/1330369,,,,Preprint,,,,,,,1,1,[],{},staff_recent_publications_json
190,Nick Hall,A5084841043,https://openalex.org/A5084841043,Nick Hall,0.9,high,local:fb224b2bf065923d,Comparative trends in coronary heart disease subgroup hospitalisation rates in England and Australia.,2019.0,2019-01-01,Nick Hall,,,high,0.88,Bundled staff-profile publication; high person-level OpenAlex match; publication has DOI or year evidence.,,,,,,Journal article,0,,,,,https://www.ndph.ox.ac.uk/publications/984496,,,Heart,Journal article,,,,,,,1,1,[],{},staff_recent_publications_json
190,Nick Hall,A5084841043,https://openalex.org/A5084841043,Nick Hall,0.9,high,local:029fedccc348bcf4,"Trends over time in the incidence of congenital anophthalmia, microphthalmia and orbital malformation in England: database study.",2017.0,2017-01-01,Nick Hall,,,high,0.88,Bundled staff-profile publication; high person-level OpenAlex match; publication has DOI or year evidence.,,,,,,Journal article,0,,,,,https://www.ndph.ox.ac.uk/publications/642200,,,Br J Ophthalmol,Journal article,,,,,,,1,1,[],{},staff_recent_publications_json
190,Nick Hall,A5084841043,https://openalex.org/A5084841043,Nick Hall,0.9,high,local:8bf3961660125bfd,"The falling rates of hospital admission, case fatality, and population-based mortality for subarachnoid hemorrhage in England, 1999-2010.",2016.0,2016-01-01,Nick Hall,,,high,0.88,Bundled staff-profile publication; high person-level OpenAlex match; publication has DOI or year evidence.,,,,,,Journal article,0,,,,,https://www.ndph.ox.ac.uk/publications/581055,,,J Neurosurg,Journal article,,,,,,,1,1,[],{},staff_recent_publications_json
193,Heather Halls,A5036302764,https://openalex.org/A5036302764,Heather Halls,0.72,medium,local:2b6ad60e825d7eb4,Cost-effectiveness of fenofibrate versus standard care for reducing the progression of diabetic retinopathy: An economic evaluation based on data from the LENS trial.,2025.0,2025-01-01,Heather Halls,,,medium,0.7,Bundled staff-profile publication; person-level match is credible but paper-level OpenAlex affiliation evidence is not available in the snapshot cache.,,,,,,Journal article,0,,,,,https://www.ndph.ox.ac.uk/publications/2128101,,,Diabet Med,Journal article,,,,,,,1,1,[],{},staff_recent_publications_json
193,Heather Halls,A5036302764,https://openalex.org/A5036302764,Heather Halls,0.72,medium,local:35b719f006184b80,"Design, recruitment and baseline characteristics of the LENS trial.",2024.0,2024-01-01,Heather Halls,,,medium,0.7,Bundled staff-profile publication; person-level match is credible but paper-level OpenAlex affiliation evidence is not available in the snapshot cache.,,,,,,Journal article,0,,,,,https://www.ndph.ox.ac.uk/publications/1614614,,,Diabet Med,Journal article,,,,,,,1,1,[],{},staff_recent_publications_json
193,Heather Halls,A5036302764,https://openalex.org/A5036302764,Heather Halls,0.72,medium,local:29ddeefcf782557c,Effects of statin therapy on diagnoses of new-onset diabetes and worsening glycaemia in large-scale randomised blinded statin trials: an individual participant data meta-analysis.,2024.0,2024-01-01,Heather Halls,,,medium,0.7,Bundled staff-profile publication; person-level match is credible but paper-level OpenAlex affiliation evidence is not available in the snapshot cache.,,,,,,Journal article,0,,,,,https://www.ndph.ox.ac.uk/publications/1929630,,,Lancet Diabetes Endocrinol,Journal article,,,,,,,1,1,[],{},staff_recent_publications_json
193,Heather Halls,A5036302764,https://openalex.org/A5036302764,Heather Halls,0.72,medium,local:a8e17e0fc03742f4,"Harmonisation of large-scale, heterogeneous individual participant adverse event data from randomised trials of statin therapy.",2022.0,2022-01-01,Heather Halls,,,medium,0.7,Bundled staff-profile publication; person-level match is credible but paper-level OpenAlex affiliation evidence is not available in the snapshot cache.,,,,,,Journal article,0,,,,,https://www.ndph.ox.ac.uk/publications/1260020,,,Clin Trials,Journal article,,,,,,,1,1,[],{},staff_recent_publications_json
193,Heather Halls,A5036302764,https://openalex.org/A5036302764,Heather Halls,0.72,medium,local:a76e11349cc9327a,Angiotensin receptor blockers and β blockers in Marfan syndrome: an individual patient data meta-analysis of randomised trials.,2022.0,2022-01-01,Heather Halls,,,medium,0.7,Bundled staff-profile publication; person-level match is credible but paper-level OpenAlex affiliation evidence is not available in the snapshot cache.,,,,,,Journal article,0,,,,,https://www.ndph.ox.ac.uk/publications/1272424,,,Lancet,Journal article,,,,,,,1,1,[],{},staff_recent_publications_json
196,Pollyanna Hardy,A5065959964,https://openalex.org/A5065959964,Pollyanna Hardy,0.9,high,local:a62bbd8254d96e01,Parent and practitioner experiences of opt-out consent in neonatal intensive care: a mixed methods study within a trial,2025.0,2025-01-01,Pollyanna Hardy,,,high,0.88,Bundled staff-profile publication; high person-level OpenAlex match; publication has DOI or year evidence.,,,,,,Journal article,0,,,,,https://www.ndph.ox.ac.uk/publications/2285409,,,Archives of Disease in Childhood - Fetal and Neonatal Edition,Journal article,,,,,,,1,1,[],{},staff_recent_publications_json
196,Pollyanna Hardy,A5065959964,https://openalex.org/A5065959964,Pollyanna Hardy,0.9,high,local:fe3a2061d55b8c94,Two-Year Outcomes After Selective Early Treatment of Patent Ductus Arteriosus with Ibuprofen in Preterm Babies: Follow-Up of Baby-OSCAR - A Randomised Controlled Trial,2025.0,2025-01-01,Pollyanna Hardy,,,high,0.88,Bundled staff-profile publication; high person-level OpenAlex match; publication has DOI or year evidence.,,,,,,Journal article,0,,,,,https://www.ndph.ox.ac.uk/publications/2267825,,,EClinicalMedicine,Journal article,,,,,,,1,1,[],{},staff_recent_publications_json
196,Pollyanna Hardy,A5065959964,https://openalex.org/A5065959964,Pollyanna Hardy,0.9,high,local:e789f8c9dc6f1554,Standardising management of consent withdrawal and other clinical trial participation changes: The UKCRC Registered Clinical Trials Unit Network's PeRSEVERE project.,2025.0,2025-01-01,Pollyanna Hardy,,,high,0.88,Bundled staff-profile publication; high person-level OpenAlex match; publication has DOI or year evidence.,,,,,,Journal article,0,,,,,https://www.ndph.ox.ac.uk/publications/2134350,,,Clin Trials,Journal article,,,,,,,1,1,[],{},staff_recent_publications_json
196,Pollyanna Hardy,A5065959964,https://openalex.org/A5065959964,Pollyanna Hardy,0.9,high,local:95bfc14c7b3d7269,Determining optimal timing of birth for women with chronic or gestational hypertension at term: The WILL (When to Induce Labour to Limit risk in pregnancy hypertension) randomised trial.,2024.0,2024-01-01,Pollyanna Hardy,,,high,0.88,Bundled staff-profile publication; high person-level OpenAlex match; publication has DOI or year evidence.,,,,,,Journal article,0,,,,,https://www.ndph.ox.ac.uk/publications/2066966,,,PLoS Med,Journal article,,,,,,,1,1,[],{},staff_recent_publications_json
196,Pollyanna Hardy,A5065959964,https://openalex.org/A5065959964,Pollyanna Hardy,0.9,high,local:613d0ad9ca635c21,Timing of Stoma Closure in Neonates: the ToSCiN mixed-methods study.,2024.0,2024-01-01,Pollyanna Hardy,,,high,0.88,Bundled staff-profile publication; high person-level OpenAlex match; publication has DOI or year evidence.,,,,,,Journal article,0,,,,,https://www.ndph.ox.ac.uk/publications/2054951,,,Health Technol Assess,Journal article,,,,,,,1,1,[],{},staff_recent_publications_json
197,Charlie Harper,A5021050147,https://openalex.org/A5021050147,Charlie Harper,0.9,high,local:534fbe870a1cf7ea,"Molnupiravir or nirmatrelvir-ritonavir plus usual care versus usual care alone in patients admitted to hospital with COVID-19 (RECOVERY): a randomised, controlled, open-label, platform trial.",2025.0,2025-01-01,Charlie Harper,,,high,0.88,Bundled staff-profile publication; high person-level OpenAlex match; publication has DOI or year evidence.,,,,,,Journal article,0,,,,,https://www.ndph.ox.ac.uk/publications/2123601,,,Lancet Infect Dis,Journal article,,,,,,,1,1,[],{},staff_recent_publications_json
197,Charlie Harper,A5021050147,https://openalex.org/A5021050147,Charlie Harper,0.9,high,local:03c632a7ec510da3,Joint associations of device-measured physical activity and sleep duration with incident major adverse cardiovascular events: prospective analysis of the UK Biobank,2025.0,2025-01-01,Charlie Harper,,,high,0.88,Bundled staff-profile publication; high person-level OpenAlex match; publication has DOI or year evidence.,,,,,,Preprint,0,,,,,https://www.ndph.ox.ac.uk/publications/2277703,,,,Preprint,,,,,,,1,1,[],{},staff_recent_publications_json
197,Charlie Harper,A5021050147,https://openalex.org/A5021050147,Charlie Harper,0.9,high,local:5f937382f430a3f4,"Active Monitoring for AtriaL FIbrillation (AMALFI): rationale, protocol, and pilot for a pragmatic, randomized, controlled trial of remote screening for asymptomatic atrial fibrillation.",2025.0,2025-01-01,Charlie Harper,,,high,0.88,Bundled staff-profile publication; high person-level OpenAlex match; publication has DOI or year evidence.,,,,,,Journal article,0,,,,,https://www.ndph.ox.ac.uk/publications/2244377,,,Am Heart J,Journal article,,,,,,,1,1,[],{},staff_recent_publications_json
197,Charlie Harper,A5021050147,https://openalex.org/A5021050147,Charlie Harper,0.9,high,local:5e07a707764a1030,Association of Daily Steps with Incident Non-Alcoholic Fatty Liver Disease: Evidence from the UK Biobank Cohort.,2025.0,2025-01-01,Charlie Harper,,,high,0.88,Bundled staff-profile publication; high person-level OpenAlex match; publication has DOI or year evidence.,,,,,,Journal article,0,,,,,https://www.ndph.ox.ac.uk/publications/2120168,,,Med Sci Sports Exerc,Journal article,,,,,,,1,1,[],{},staff_recent_publications_json
197,Charlie Harper,A5021050147,https://openalex.org/A5021050147,Charlie Harper,0.9,high,local:f059357c6c081e96,Predictive performance of wearable sensors for mortality risk in older adults: a model development and validation study,2025.0,2025-01-01,Charlie Harper,,,high,0.88,Bundled staff-profile publication; high person-level OpenAlex match; publication has DOI or year evidence.,,,,,,Preprint,0,,,,,https://www.ndph.ox.ac.uk/publications/2117472,,,,Preprint,,,,,,,1,1,[],{},staff_recent_publications_json
199,Odile Harrison,A5039827143,https://openalex.org/A5039827143,Odile Harrison,0.9,high,local:ecbf5f769efde445,"Neisseria gonorrhoeae LIN codes: a Robust, Multi-Resolution Lineage Nomenclature",2025.0,2025-01-01,Odile Harrison,,,high,0.88,Bundled staff-profile publication; high person-level OpenAlex match; publication has DOI or year evidence.,,,,,,Preprint,0,,,,,https://www.ndph.ox.ac.uk/publications/2285290,,,,Preprint,,,,,,,1,1,[],{},staff_recent_publications_json
199,Odile Harrison,A5039827143,https://openalex.org/A5039827143,Odile Harrison,0.9,high,local:3ffae3b5008a120f,"Neisseria gonorrhoeae LIN codes: a Robust, Multi-Resolution Lineage Nomenclature",2025.0,2025-01-01,Odile Harrison,,,high,0.88,Bundled staff-profile publication; high person-level OpenAlex match; publication has DOI or year evidence.,,,,,,Preprint,0,,,,,https://www.ndph.ox.ac.uk/publications/2285291,,,,Preprint,,,,,,,1,1,[],{},staff_recent_publications_json
199,Odile Harrison,A5039827143,https://openalex.org/A5039827143,Odile Harrison,0.9,high,local:be54c592e467212d,"Investigating genetic, antigenic and structural diversity in the Neisseria gonorrhoeae outer membrane protein, PorB: implications for vaccine design",2025.0,2025-01-01,Odile Harrison,,,high,0.88,Bundled staff-profile publication; high person-level OpenAlex match; publication has DOI or year evidence.,,,,,,Journal article,0,,,,,https://www.ndph.ox.ac.uk/publications/2133273,,,mBio,Journal article,,,,,,,1,1,[],{},staff_recent_publications_json
199,Odile Harrison,A5039827143,https://openalex.org/A5039827143,Odile Harrison,0.9,high,local:a1416686144a9f63,Utilizing large and diverse bacterial genome datasets to improve the detection and identification of Streptococcus pneumoniae via PCR-based diagnostics.,2025.0,2025-01-01,Odile Harrison,,,high,0.88,Bundled staff-profile publication; high person-level OpenAlex match; publication has DOI or year evidence.,,,,,,Journal article,0,,,,,https://www.ndph.ox.ac.uk/publications/2127952,,,Microb Genom,Journal article,,,,,,,1,1,[],{},staff_recent_publications_json
199,Odile Harrison,A5039827143,https://openalex.org/A5039827143,Odile Harrison,0.9,high,local:dba8f114ff52b924,"Neisseria gonorrhoeaeLIN codes: a Robust, Multi-Resolution Lineage Nomenclature",2025.0,2025-01-01,Odile Harrison,,,high,0.88,Bundled staff-profile publication; high person-level OpenAlex match; publication has DOI or year evidence.,,,,,,Preprint,0,,,,,https://www.ndph.ox.ac.uk/publications/2117257,,,,Preprint,,,,,,,1,1,[],{},staff_recent_publications_json
200,Sian Harrison,A5082256244,https://openalex.org/A5082256244,Sian Harrison,0.9,high,local:e971dae5151165bf,Inequalities in childbirth experiences:  A population-based cross-sectional survey in England during the Covid-19 pandemic,2025.0,2025-01-01,Sian Harrison,,,high,0.88,Bundled staff-profile publication; high person-level OpenAlex match; publication has DOI or year evidence.,,,,,,Journal article,0,,,,,https://www.ndph.ox.ac.uk/publications/2093595,,,NIHR Open Research,Journal article,,,,,,,1,1,[],{},staff_recent_publications_json
200,Sian Harrison,A5082256244,https://openalex.org/A5082256244,Sian Harrison,0.9,high,local:55408316e6d6edf1,Early employment after childbirth: a cross-sectional analysis using data from a national maternity survey in England.,2024.0,2024-01-01,Sian Harrison,,,high,0.88,Bundled staff-profile publication; high person-level OpenAlex match; publication has DOI or year evidence.,,,,,,Journal article,0,,,,,https://www.ndph.ox.ac.uk/publications/2073561,,,J Public Health (Oxf),Journal article,,,,,,,1,1,[],{},staff_recent_publications_json
200,Sian Harrison,A5082256244,https://openalex.org/A5082256244,Sian Harrison,0.9,high,local:1ac2d0dcffb1a6fc,Breastfeeding support during the Covid-19 pandemic in England: analysis of a national survey,2024.0,2024-01-01,Sian Harrison,,,high,0.88,Bundled staff-profile publication; high person-level OpenAlex match; publication has DOI or year evidence.,,,,,,Journal article,0,,,,,https://www.ndph.ox.ac.uk/publications/2058492,,,BMC Public Health,Journal article,,,,,,,1,1,[],{},staff_recent_publications_json
200,Sian Harrison,A5082256244,https://openalex.org/A5082256244,Sian Harrison,0.9,high,local:187e0827c041f476,Breastfeeding trajectories for preterm infants over the first 6 months of life in England 2010-2020: surveys using large representative birth samples.,2024.0,2024-01-01,Sian Harrison,,,high,0.88,Bundled staff-profile publication; high person-level OpenAlex match; publication has DOI or year evidence.,,,,,,Journal article,0,,,,,https://www.ndph.ox.ac.uk/publications/2037615,,,BMJ Paediatr Open,Journal article,,,,,,,1,1,[],{},staff_recent_publications_json
200,Sian Harrison,A5082256244,https://openalex.org/A5082256244,Sian Harrison,0.9,high,local:73b24299c4d93c4b,Global contribution of suicide to maternal mortality: a systematic review protocol.,2024.0,2024-01-01,Sian Harrison,,,high,0.88,Bundled staff-profile publication; high person-level OpenAlex match; publication has DOI or year evidence.,,,,,,Journal article,0,,,,,https://www.ndph.ox.ac.uk/publications/2030973,,,BMJ Open,Journal article,,,,,,,1,1,[],{},staff_recent_publications_json
201,James Hart,A5029096439,https://openalex.org/A5029096439,James Hart,0.9,high,local:51d479ba838863c5,Environmental sustainability and the limits of healthcare resource allocation.,2025.0,2025-01-01,James Hart,,,high,0.88,Bundled staff-profile publication; high person-level OpenAlex match; publication has DOI or year evidence.,,,,,,Journal article,0,,,,,https://www.ndph.ox.ac.uk/publications/2080847,,,Bioethics,Journal article,,,,,,,1,1,[],{},staff_recent_publications_json
201,James Hart,A5029096439,https://openalex.org/A5029096439,James Hart,0.9,high,local:b0b0851b72951c30,Generational smoking bans: inegalitarian without disadvantage?,2025.0,2025-01-01,James Hart,,,high,0.88,Bundled staff-profile publication; high person-level OpenAlex match; publication has DOI or year evidence.,,,,,,Journal article,0,,,,,https://www.ndph.ox.ac.uk/publications/2081157,,,J Med Ethics,Journal article,,,,,,,1,1,[],{},staff_recent_publications_json
201,James Hart,A5029096439,https://openalex.org/A5029096439,James Hart,0.9,high,local:b3266c44ff881881,Limited Aggregation’s Non-Fatal Non-Dilemma,2024.0,2024-01-01,James Hart,,,high,0.88,Bundled staff-profile publication; high person-level OpenAlex match; publication has DOI or year evidence.,,,,,,Journal article,0,,,,,https://www.ndph.ox.ac.uk/publications/2031355,,,Australasian Journal of Philosophy,Journal article,,,,,,,1,1,[],{},staff_recent_publications_json
201,James Hart,A5029096439,https://openalex.org/A5029096439,James Hart,0.9,high,local:56954caf3ca3b607,Navigating climate responsibility: a critical examination of healthcare professionals' moral duties.,2024.0,2024-01-01,James Hart,,,high,0.88,Bundled staff-profile publication; high person-level OpenAlex match; publication has DOI or year evidence.,,,,,,Journal article,0,,,,,https://www.ndph.ox.ac.uk/publications/1910065,,,J Med Ethics,Journal article,,,,,,,1,1,[],{},staff_recent_publications_json
201,James Hart,A5029096439,https://openalex.org/A5029096439,James Hart,0.9,high,local:fd44ab7c87355752,Getting rights right: Implementing 'Martha's Rule',2023.0,2023-01-01,James Hart,,,high,0.88,Bundled staff-profile publication; high person-level OpenAlex match; publication has DOI or year evidence.,,,,,,Journal article,0,,,,,https://www.ndph.ox.ac.uk/publications/1581640,,,Journal of Medical Ethics,Journal article,,,,,,,1,1,[],{},staff_recent_publications_json
203,Richard Haynes,A5088900128,https://openalex.org/A5088900128,Richard Haynes,0.9,high,local:7340bc89eded548b,"Sotrovimab versus usual care in patients admitted to hospital with COVID-19 (RECOVERY): a randomised, controlled, open-label, platform trial.",2026.0,2026-01-01,Richard Haynes,,,high,0.88,Bundled staff-profile publication; high person-level OpenAlex match; publication has DOI or year evidence.,,,,,,Journal article,0,,,,,https://www.ndph.ox.ac.uk/publications/2127471,,,Lancet Infect Dis,Journal article,,,,,,,1,1,[],{},staff_recent_publications_json
203,Richard Haynes,A5088900128,https://openalex.org/A5088900128,Richard Haynes,0.9,high,local:534fbe870a1cf7ea,"Molnupiravir or nirmatrelvir-ritonavir plus usual care versus usual care alone in patients admitted to hospital with COVID-19 (RECOVERY): a randomised, controlled, open-label, platform trial.",2025.0,2025-01-01,Richard Haynes,,,high,0.88,Bundled staff-profile publication; high person-level OpenAlex match; publication has DOI or year evidence.,,,,,,Journal article,0,,,,,https://www.ndph.ox.ac.uk/publications/2123601,,,Lancet Infect Dis,Journal article,,,,,,,1,1,[],{},staff_recent_publications_json
203,Richard Haynes,A5088900128,https://openalex.org/A5088900128,Richard Haynes,0.9,high,local:9d443db8726f42b6,The potential for improving cardio-renal outcomes in chronic kidney disease with the aldosterone synthase inhibitor vicadrostat (BI 690517): a rationale for the EASi-KIDNEY trial.,2025.0,2025-01-01,Richard Haynes,,,high,0.88,Bundled staff-profile publication; high person-level OpenAlex match; publication has DOI or year evidence.,,,,,,Journal article,0,,,,,https://www.ndph.ox.ac.uk/publications/2062626,,,Nephrol Dial Transplant,Journal article,,,,,,,1,1,[],{},staff_recent_publications_json
203,Richard Haynes,A5088900128,https://openalex.org/A5088900128,Richard Haynes,0.9,high,local:7528dc5ae8486643,The prevention and management of chronic kidney disease among patients with metabolic syndrome.,2025.0,2025-01-01,Richard Haynes,,,high,0.88,Bundled staff-profile publication; high person-level OpenAlex match; publication has DOI or year evidence.,,,,,,Journal article,0,,,,,https://www.ndph.ox.ac.uk/publications/2071897,,,Kidney Int,Journal article,,,,,,,1,1,[],{},staff_recent_publications_json
203,Richard Haynes,A5088900128,https://openalex.org/A5088900128,Richard Haynes,0.9,high,local:b0189d6ce54d9360,Empagliflozin lowers serum uric acid in chronic kidney disease: exploratory analyses from the EMPA-KIDNEY trial.,2025.0,2025-01-01,Richard Haynes,,,high,0.88,Bundled staff-profile publication; high person-level OpenAlex match; publication has DOI or year evidence.,,,,,,Journal article,0,,,,,https://www.ndph.ox.ac.uk/publications/2020812,,,Nephrol Dial Transplant,Journal article,,,,,,,1,1,[],{},staff_recent_publications_json
204,Cai Heath,A5026933073,https://openalex.org/A5026933073,Cai Heath,0.72,medium,local:76c29ac37b51269e,Coercing for public health: reflections on the role of coercion in public health emergencies.,2025.0,2025-01-01,Cai Heath,,,medium,0.7,Bundled staff-profile publication; person-level match is credible but paper-level OpenAlex affiliation evidence is not available in the snapshot cache.,,,,,,Journal article,0,,,,,https://www.ndph.ox.ac.uk/publications/2118775,,,Monash Bioeth Rev,Journal article,,,,,,,1,1,[],{},staff_recent_publications_json
204,Cai Heath,A5026933073,https://openalex.org/A5026933073,Cai Heath,0.72,medium,local:068c4b80a1337361,Moving from Collaboration to Co-production in International Research,2022.0,2022-01-01,Cai Heath,,,medium,0.7,Bundled staff-profile publication; person-level match is credible but paper-level OpenAlex affiliation evidence is not available in the snapshot cache.,,,,,,Journal article,0,,,,,https://www.ndph.ox.ac.uk/publications/1269224,,,European Journal of Development Research,Journal article,,,,,,,1,1,[],{},staff_recent_publications_json
204,Cai Heath,A5026933073,https://openalex.org/A5026933073,Cai Heath,0.72,medium,local:6994528992092c25,"Investment in child and adolescent health and development: key messages from Disease Control Priorities, 3rd Edition.",2018.0,2018-01-01,Cai Heath,,,medium,0.7,Bundled staff-profile publication; person-level match is credible but paper-level OpenAlex affiliation evidence is not available in the snapshot cache.,,,,,,Journal article,0,,,,,https://www.ndph.ox.ac.uk/publications/796301,,,Lancet,Journal article,,,,,,,1,1,[],{},staff_recent_publications_json
204,Cai Heath,A5026933073,https://openalex.org/A5026933073,Cai Heath,0.72,medium,local:5da251567694eaa7,"Case Study 3. Disability-Inclusive School Health and
Nutrition Programs",,,Cai Heath,,,medium,0.7,Bundled staff-profile publication; person-level match is credible but paper-level OpenAlex affiliation evidence is not available in the snapshot cache.,,,,,,Case Study 3. Disability-Inclusive School Health and,0,,,,,https://www.ndph.ox.ac.uk/publications/1140221,,,,Case Study 3. Disability-Inclusive School Health and,,,,,,,1,1,[],{},staff_recent_publications_json
204,Cai Heath,A5026933073,https://openalex.org/A5026933073,Cai Heath,0.72,medium,local:b626f8cad26a741e,School Health for All,2016.0,2016-01-01,Cai Heath,,,medium,0.7,Bundled staff-profile publication; person-level match is credible but paper-level OpenAlex affiliation evidence is not available in the snapshot cache.,,,,,,Report,0,,,,,https://www.ndph.ox.ac.uk/publications/1152335,,,,Report,,,,,,,1,1,[],{},staff_recent_publications_json
205,Joris Hemelaar,A5014748789,https://openalex.org/A5014748789,Joris Hemelaar,0.9,high,local:aa5d6c5055221a0a,Foetal growth in pregnant women with HIV,2025.0,2025-01-01,Joris Hemelaar,,,high,0.88,Bundled staff-profile publication; high person-level OpenAlex match; publication has DOI or year evidence.,,,,,,Journal article,0,,,,,https://www.ndph.ox.ac.uk/publications/2240942,,,AIDS,Journal article,,,,,,,1,1,[],{},staff_recent_publications_json
205,Joris Hemelaar,A5014748789,https://openalex.org/A5014748789,Joris Hemelaar,0.9,high,local:f8f8dcb189a38a0f,Evaluation of a two-tier preterm birth prevention service in a tertiary hospital in the United Kingdom: a retrospective cohort study.,2025.0,2025-01-01,Joris Hemelaar,,,high,0.88,Bundled staff-profile publication; high person-level OpenAlex match; publication has DOI or year evidence.,,,,,,Journal article,0,,,,,https://www.ndph.ox.ac.uk/publications/2118224,,,BMC Pregnancy and Childbirth,Journal article,,,,,,,1,1,[],{},staff_recent_publications_json
205,Joris Hemelaar,A5014748789,https://openalex.org/A5014748789,Joris Hemelaar,0.9,high,local:0a480234d4e047d3,Adverse perinatal outcomes associated with different classes of antiretroviral drugs in pregnant women living with HIV,2025.0,2025-01-01,Joris Hemelaar,,,high,0.88,Bundled staff-profile publication; high person-level OpenAlex match; publication has DOI or year evidence.,,,,,,Journal article,0,,,,,https://www.ndph.ox.ac.uk/publications/2080748,,,AIDS,Journal article,,,,,,,1,1,[],{},staff_recent_publications_json
205,Joris Hemelaar,A5014748789,https://openalex.org/A5014748789,Joris Hemelaar,0.9,high,local:36faea4303d15e86,Association of nucleoside reverse transcriptase inhibitors with adverse perinatal outcomes in pregnant women living with HIV: systematic review and meta-analysis.,2025.0,2025-01-01,Joris Hemelaar,,,high,0.88,Bundled staff-profile publication; high person-level OpenAlex match; publication has DOI or year evidence.,,,,,,Journal article,0,,,,,https://www.ndph.ox.ac.uk/publications/2078677,,,Clin Microbiol Infect,Journal article,,,,,,,1,1,[],{},staff_recent_publications_json
205,Joris Hemelaar,A5014748789,https://openalex.org/A5014748789,Joris Hemelaar,0.9,high,local:73f432547ccf8fbf,Paying more attention to HIV-1 recombinants among men who have sex with men-Author's reply.,2025.0,2025-01-01,Joris Hemelaar,,,high,0.88,Bundled staff-profile publication; high person-level OpenAlex match; publication has DOI or year evidence.,,,,,,Journal article,0,,,,,https://www.ndph.ox.ac.uk/publications/2078960,,,Lancet Microbe,Journal article,,,,,,,1,1,[],{},staff_recent_publications_json
206,Ian Henderson,A5024705760,https://openalex.org/A5024705760,Ian Henderson,0.9,high,local:a788691c88e15b0d,A Comparison of Regulatory Maternity Unit Ratings With Clinical Outcomes and Practice Measures: An Observational Study Using Routinely Collected Data,2025.0,2025-01-01,Ian Henderson,,,high,0.88,Bundled staff-profile publication; high person-level OpenAlex match; publication has DOI or year evidence.,,,,,,Journal article,0,,,,,https://www.ndph.ox.ac.uk/publications/2122119,,,BJOG: An International Journal of Obstetrics and Gynaecology,Journal article,,,,,,,1,1,[],{},staff_recent_publications_json
206,Ian Henderson,A5024705760,https://openalex.org/A5024705760,Ian Henderson,0.9,high,local:203143c7e3685c3d,Severe Maternal Morbidity in the High Income Setting: a Systematic Review of Composite Definitions,2025.0,2025-01-01,Ian Henderson,,,high,0.88,Bundled staff-profile publication; high person-level OpenAlex match; publication has DOI or year evidence.,,,,,,Journal article,0,,,,,https://www.ndph.ox.ac.uk/publications/2084138,,,EClinicalMedicine,Journal article,,,,,,,1,1,[],{},staff_recent_publications_json
206,Ian Henderson,A5024705760,https://openalex.org/A5024705760,Ian Henderson,0.9,high,local:7e1453374fa2061c,"Ethnic group, socioeconomic position and pregnancy outcome: a mediation model through latent class.",2025.0,2025-01-01,Ian Henderson,,,high,0.88,Bundled staff-profile publication; high person-level OpenAlex match; publication has DOI or year evidence.,,,,,,Journal article,0,,,,,https://www.ndph.ox.ac.uk/publications/2078397,,,J Epidemiol Community Health,Journal article,,,,,,,1,1,[],{},staff_recent_publications_json
206,Ian Henderson,A5024705760,https://openalex.org/A5024705760,Ian Henderson,0.9,high,local:fc8e35cf409ebbd9,Management of acute appendicitis in pregnancy (MAMA): Protocol for a multicentre observational study.,2025.0,2025-01-01,Ian Henderson,,,high,0.88,Bundled staff-profile publication; high person-level OpenAlex match; publication has DOI or year evidence.,,,,,,Journal article,0,,,,,https://www.ndph.ox.ac.uk/publications/2282345,,,PLoS One,Journal article,,,,,,,1,1,[],{},staff_recent_publications_json
206,Ian Henderson,A5024705760,https://openalex.org/A5024705760,Ian Henderson,0.9,high,local:ca75784b08c49c15,Diagnosis and Management of Endometrial Hyperplasia: A UK National Audit of Adherence to National Guidance 2012-20,2024.0,2024-01-01,Ian Henderson,,,high,0.88,Bundled staff-profile publication; high person-level OpenAlex match; publication has DOI or year evidence.,,,,,,Journal article,0,,,,,https://www.ndph.ox.ac.uk/publications/1611434,,,PLoS Medicine,Journal article,,,,,,,1,1,[],{},staff_recent_publications_json
208,Will Herrington,A5078477384,https://openalex.org/A5078477384,Will Herrington,0.9,high,local:21a015cde4d69f9c,"In CKD, electronic letter nudges for patients or providers did not increase RASi or SGLT2i prescriptions at 6 mo.",2025.0,2025-01-01,Will Herrington,,,high,0.88,Bundled staff-profile publication; high person-level OpenAlex match; publication has DOI or year evidence.,,,,,,Journal article,0,,,,,https://www.ndph.ox.ac.uk/publications/2348448,,,Ann Intern Med,Journal article,,,,,,,1,1,[],{},staff_recent_publications_json
208,Will Herrington,A5078477384,https://openalex.org/A5078477384,Will Herrington,0.9,high,local:513f625dabfc37dd,"Polygenic prediction of coronary heart disease among 130,000 Mexican adults.",2025.0,2025-01-01,Will Herrington,,,high,0.88,Bundled staff-profile publication; high person-level OpenAlex match; publication has DOI or year evidence.,,,,,,Journal article,0,,,,,https://www.ndph.ox.ac.uk/publications/2309915,,,Eur J Prev Cardiol,Journal article,,,,,,,1,1,[],{},staff_recent_publications_json
208,Will Herrington,A5078477384,https://openalex.org/A5078477384,Will Herrington,0.9,high,local:b6f01714e6c89c39,SGLT2 Inhibitors and Kidney Outcomes by Glomerular Filtration Rate and Albuminuria: A Meta-Analysis.,2025.0,2025-01-01,Will Herrington,,,high,0.88,Bundled staff-profile publication; high person-level OpenAlex match; publication has DOI or year evidence.,,,,,,Journal article,0,,,,,https://www.ndph.ox.ac.uk/publications/2328526,,,JAMA,Journal article,,,,,,,1,1,[],{},staff_recent_publications_json
208,Will Herrington,A5078477384,https://openalex.org/A5078477384,Will Herrington,0.9,high,local:ca78da1bb58dcb2c,Effects Of Empagliflozin On Kidney And Cardiac Magnetic Resonance Imaging Measures In Patients With Chronic Kidney Disease: An EMPA-KIDNEY Mechanistic Substudy,2025.0,2025-01-01,Will Herrington,,,high,0.88,Bundled staff-profile publication; high person-level OpenAlex match; publication has DOI or year evidence.,,,,,,Journal article,0,,,,,https://www.ndph.ox.ac.uk/publications/2307353,,,American Journal of Kidney Diseases,Journal article,,,,,,,1,1,[],{},staff_recent_publications_json
208,Will Herrington,A5078477384,https://openalex.org/A5078477384,Will Herrington,0.9,high,local:454b9ba66cc0e920,Glucose Interference in Urine Biomarkers and Implications for Sodium-Glucose Cotransporter 2 Inhibition.,2025.0,2025-01-01,Will Herrington,,,high,0.88,Bundled staff-profile publication; high person-level OpenAlex match; publication has DOI or year evidence.,,,,,,Journal article,0,,,,,https://www.ndph.ox.ac.uk/publications/2290283,,,Kidney Int Rep,Journal article,,,,,,,1,1,[],{},staff_recent_publications_json
209,Paul Hewitson,A5047542840,https://openalex.org/A5047542840,Paul Hewitson,0.9,high,local:fe82173812da017a,DEVELOPING PATIENT REPORTED EXPERIENCE MEASURES FOR GI ENDOSCOPY: RESULTS OF PATIENT INTERVIEWS,2017.0,2017-01-01,Paul Hewitson,,,high,0.88,Bundled staff-profile publication; high person-level OpenAlex match; publication has DOI or year evidence.,,,,,,Conference paper,0,,,,,https://www.ndph.ox.ac.uk/publications/835106,,,GUT,Conference paper,,,,,,,1,1,[],{},staff_recent_publications_json
209,Paul Hewitson,A5047542840,https://openalex.org/A5047542840,Paul Hewitson,0.9,high,local:562e7eca9bb551b1,Patient experience of CT colonography and colonoscopy after fecal occult blood test in a national screening programme.,2017.0,2017-01-01,Paul Hewitson,,,high,0.88,Bundled staff-profile publication; high person-level OpenAlex match; publication has DOI or year evidence.,,,,,,Journal article,0,,,,,https://www.ndph.ox.ac.uk/publications/628348,,,Eur Radiol,Journal article,,,,,,,1,1,[],{},staff_recent_publications_json
209,Paul Hewitson,A5047542840,https://openalex.org/A5047542840,Paul Hewitson,0.9,high,local:534fcad93ec81bcf,Patients' experience of colonoscopy in the English Bowel Cancer Screening Programme.,2016.0,2016-01-01,Paul Hewitson,,,high,0.88,Bundled staff-profile publication; high person-level OpenAlex match; publication has DOI or year evidence.,,,,,,Journal article,0,,,,,https://www.ndph.ox.ac.uk/publications/601550,,,Endoscopy,Journal article,,,,,,,1,1,[],{},staff_recent_publications_json
209,Paul Hewitson,A5047542840,https://openalex.org/A5047542840,Paul Hewitson,0.9,high,local:9be91b800d8ef3b8,Comparing results from long and short form versions of the Parkinson's disease questionnaire in a longitudinal study.,2015.0,2015-01-01,Paul Hewitson,,,high,0.88,Bundled staff-profile publication; high person-level OpenAlex match; publication has DOI or year evidence.,,,,,,Journal article,0,,,,,https://www.ndph.ox.ac.uk/publications/545738,,,Parkinsonism Relat Disord,Journal article,,,,,,,1,1,[],{},staff_recent_publications_json
209,Paul Hewitson,A5047542840,https://openalex.org/A5047542840,Paul Hewitson,0.9,high,local:ca18b24f51d4f7e2,People's willingness to accept overdetection in cancer screening: population survey.,2015.0,2015-01-01,Paul Hewitson,,,high,0.88,Bundled staff-profile publication; high person-level OpenAlex match; publication has DOI or year evidence.,,,,,,Journal article,0,,,,,https://www.ndph.ox.ac.uk/publications/509473,,,BMJ,Journal article,,,,,,,1,1,[],{},staff_recent_publications_json
210,Michael Hill,A5001872209,https://openalex.org/A5001872209,Michael Hill,0.72,medium,local:8e5ecaf3abbde096,A Mendelian randomization study of the effect of body mass index on 52 causes of death among 125 000 Mexican adults with admixed ancestry.,2025.0,2025-01-01,Michael Hill,,,medium,0.7,Bundled staff-profile publication; person-level match is credible but paper-level OpenAlex affiliation evidence is not available in the snapshot cache.,,,,,,Journal article,0,,,,,https://www.ndph.ox.ac.uk/publications/2127954,,,Int J Epidemiol,Journal article,,,,,,,1,1,[],{},staff_recent_publications_json
210,Michael Hill,A5001872209,https://openalex.org/A5001872209,Michael Hill,0.72,medium,local:ce30ebae53199636,Effect of supplementation with vitamin D on biochemical markers of iron status and erythropoiesis in older people: BEST-D trial.,2025.0,2025-01-01,Michael Hill,,,medium,0.7,Bundled staff-profile publication; person-level match is credible but paper-level OpenAlex affiliation evidence is not available in the snapshot cache.,,,,,,Journal article,0,,,,,https://www.ndph.ox.ac.uk/publications/2127741,,,Br J Nutr,Journal article,,,,,,,1,1,[],{},staff_recent_publications_json
210,Michael Hill,A5001872209,https://openalex.org/A5001872209,Michael Hill,0.72,medium,local:3a9f01c9c9df3af7,Correction: Optimum dose of vitamin D for disease prevention in older people: BEST-D trial of vitamin D in primary care.,2025.0,2025-01-01,Michael Hill,,,medium,0.7,Bundled staff-profile publication; person-level match is credible but paper-level OpenAlex affiliation evidence is not available in the snapshot cache.,,,,,,Journal article,0,,,,,https://www.ndph.ox.ac.uk/publications/2127358,,,Osteoporos Int,Journal article,,,,,,,1,1,[],{},staff_recent_publications_json
210,Michael Hill,A5001872209,https://openalex.org/A5001872209,Michael Hill,0.72,medium,local:4a94cef26762b4b9,Type 2 diabetes and cause-specific mortality in Mexico City: a Mendelian randomisation analysis.,2025.0,2025-01-01,Michael Hill,,,medium,0.7,Bundled staff-profile publication; person-level match is credible but paper-level OpenAlex affiliation evidence is not available in the snapshot cache.,,,,,,Journal article,0,,,,,https://www.ndph.ox.ac.uk/publications/2095268,,,Lancet Reg Health Am,Journal article,,,,,,,1,1,[],{},staff_recent_publications_json
210,Michael Hill,A5001872209,https://openalex.org/A5001872209,Michael Hill,0.72,medium,local:ea289e92bdd44b10,Proteome-Wide Genetic Study in East Asians and Europeans Identified Multiple Therapeutic Targets for Ischemic Stroke.,2025.0,2025-01-01,Michael Hill,,,medium,0.7,Bundled staff-profile publication; person-level match is credible but paper-level OpenAlex affiliation evidence is not available in the snapshot cache.,,,,,,Journal article,0,,,,,https://www.ndph.ox.ac.uk/publications/2120784,,,Stroke,Journal article,,,,,,,1,1,[],{},staff_recent_publications_json
211,Robert Hills,A5046387225,https://openalex.org/A5046387225,Robert Hills,0.9,high,local:2c3f69e7033a6962,"Treatment Intensification With Either Fludarabine, AraC, G-CSF and Idarubicin, or Cladribine Plus Daunorubicin and AraC on the Basis of Residual Disease Status in Older Patients With AML: Results From the NCRI AML18 Trial.",2025.0,2025-01-01,Robert Hills,,,high,0.88,Bundled staff-profile publication; high person-level OpenAlex match; publication has DOI or year evidence.,,,,,,Journal article,0,,,,,https://www.ndph.ox.ac.uk/publications/2063623,,,J Clin Oncol,Journal article,,,,,,,1,1,[],{},staff_recent_publications_json
211,Robert Hills,A5046387225,https://openalex.org/A5046387225,Robert Hills,0.9,high,local:e19b833e133a9d78,Review of the target trial methodological approach on treatment effect estimates in kidney failure: protocol for a systematic assessment.,2024.0,2024-01-01,Robert Hills,,,high,0.88,Bundled staff-profile publication; high person-level OpenAlex match; publication has DOI or year evidence.,,,,,,Journal article,0,,,,,https://www.ndph.ox.ac.uk/publications/2062699,,,Syst Rev,Journal article,,,,,,,1,1,[],{},staff_recent_publications_json
211,Robert Hills,A5046387225,https://openalex.org/A5046387225,Robert Hills,0.9,high,local:d36fe66b09f76c34,Genomic characterization of AML with aberrations of chromosome 7: a multinational cohort of 519 patients.,2024.0,2024-01-01,Robert Hills,,,high,0.88,Bundled staff-profile publication; high person-level OpenAlex match; publication has DOI or year evidence.,,,,,,Journal article,0,,,,,https://www.ndph.ox.ac.uk/publications/2022456,,,J Hematol Oncol,Journal article,,,,,,,1,1,[],{},staff_recent_publications_json
211,Robert Hills,A5046387225,https://openalex.org/A5046387225,Robert Hills,0.9,high,local:1177de729a9c8702,Evaluation of CD3 and CD8 T-Cell Immunohistochemistry for Prognostication and Prediction of Benefit From Adjuvant Chemotherapy in Early-Stage Colorectal Cancer Within the QUASAR Trial.,2024.0,2024-01-01,Robert Hills,,,high,0.88,Bundled staff-profile publication; high person-level OpenAlex match; publication has DOI or year evidence.,,,,,,Journal article,0,,,,,https://www.ndph.ox.ac.uk/publications/2019976,,,J Clin Oncol,Journal article,,,,,,,1,1,[],{},staff_recent_publications_json
211,Robert Hills,A5046387225,https://openalex.org/A5046387225,Robert Hills,0.9,high,local:3ad3957126bca20a,Benefits and risks of anthracyclines in early-stage breast cancer - Authors' reply.,2024.0,2024-01-01,Robert Hills,,,high,0.88,Bundled staff-profile publication; high person-level OpenAlex match; publication has DOI or year evidence.,,,,,,Journal article,0,,,,,https://www.ndph.ox.ac.uk/publications/1987893,,,Lancet,Journal article,,,,,,,1,1,[],{},staff_recent_publications_json
215,Lisa Holland,A5040230130,https://openalex.org/A5040230130,Lisa Holland,0.72,medium,local:e546bc834fa52a35,Alcohol and mortality in Mexico: prospective study of 150 000 adults.,2024.0,2024-01-01,Lisa Holland,,,medium,0.7,Bundled staff-profile publication; person-level match is credible but paper-level OpenAlex affiliation evidence is not available in the snapshot cache.,,,,,,Journal article,0,,,,,https://www.ndph.ox.ac.uk/publications/2054759,,,Lancet Public Health,Journal article,,,,,,,1,1,[],{},staff_recent_publications_json
215,Lisa Holland,A5040230130,https://openalex.org/A5040230130,Lisa Holland,0.72,medium,local:29ddeefcf782557c,Effects of statin therapy on diagnoses of new-onset diabetes and worsening glycaemia in large-scale randomised blinded statin trials: an individual participant data meta-analysis.,2024.0,2024-01-01,Lisa Holland,,,medium,0.7,Bundled staff-profile publication; person-level match is credible but paper-level OpenAlex affiliation evidence is not available in the snapshot cache.,,,,,,Journal article,0,,,,,https://www.ndph.ox.ac.uk/publications/1929630,,,Lancet Diabetes Endocrinol,Journal article,,,,,,,1,1,[],{},staff_recent_publications_json
215,Lisa Holland,A5040230130,https://openalex.org/A5040230130,Lisa Holland,0.72,medium,local:b1da19e4d6947455,"Blood Pressure, eGFR, and Kidney Mortality in Mexico: A Prospective Study of 150,000 Adults",2024.0,2024-01-01,Lisa Holland,,,medium,0.7,Bundled staff-profile publication; person-level match is credible but paper-level OpenAlex affiliation evidence is not available in the snapshot cache.,,,,,,Journal article,0,,,,,https://www.ndph.ox.ac.uk/publications/2054302,,,JOURNAL OF THE AMERICAN SOCIETY OF NEPHROLOGY,Journal article,,,,,,,1,1,[],{},staff_recent_publications_json
215,Lisa Holland,A5040230130,https://openalex.org/A5040230130,Lisa Holland,0.72,medium,local:a8e17e0fc03742f4,"Harmonisation of large-scale, heterogeneous individual participant adverse event data from randomised trials of statin therapy.",2022.0,2022-01-01,Lisa Holland,,,medium,0.7,Bundled staff-profile publication; person-level match is credible but paper-level OpenAlex affiliation evidence is not available in the snapshot cache.,,,,,,Journal article,0,,,,,https://www.ndph.ox.ac.uk/publications/1260020,,,Clin Trials,Journal article,,,,,,,1,1,[],{},staff_recent_publications_json
215,Lisa Holland,A5040230130,https://openalex.org/A5040230130,Lisa Holland,0.72,medium,local:a76e11349cc9327a,Angiotensin receptor blockers and β blockers in Marfan syndrome: an individual patient data meta-analysis of randomised trials.,2022.0,2022-01-01,Lisa Holland,,,medium,0.7,Bundled staff-profile publication; person-level match is credible but paper-level OpenAlex affiliation evidence is not available in the snapshot cache.,,,,,,Journal article,0,,,,,https://www.ndph.ox.ac.uk/publications/1272424,,,Lancet,Journal article,,,,,,,1,1,[],{},staff_recent_publications_json
216,Jo Holliday,A5080137491,https://openalex.org/A5080137491,Jo Holliday,0.9,high,local:7708c131d3680ee8,The research relationship: participant perspectives on consent in biobanking.,2025.0,2025-01-01,Jo Holliday,,,high,0.88,Bundled staff-profile publication; high person-level OpenAlex match; publication has DOI or year evidence.,,,,,,Journal article,0,,,,,https://www.ndph.ox.ac.uk/publications/2118108,,,BMC Med Ethics,Journal article,,,,,,,1,1,[],{},staff_recent_publications_json
216,Jo Holliday,A5080137491,https://openalex.org/A5080137491,Jo Holliday,0.9,high,local:b6ca6af01ffc15bf,The UK Biobank mental health enhancement 2022: Methods and results.,2025.0,2025-01-01,Jo Holliday,,,high,0.88,Bundled staff-profile publication; high person-level OpenAlex match; publication has DOI or year evidence.,,,,,,Journal article,0,,,,,https://www.ndph.ox.ac.uk/publications/2127118,,,PLoS One,Journal article,,,,,,,1,1,[],{},staff_recent_publications_json
216,Jo Holliday,A5080137491,https://openalex.org/A5080137491,Jo Holliday,0.9,high,local:3927e99e06164f07,Social determinants of ethnic disparities in SARS-CoV-2 infection: UK Biobank SARS-CoV-2 Serology Study.,2023.0,2023-01-01,Jo Holliday,,,high,0.88,Bundled staff-profile publication; high person-level OpenAlex match; publication has DOI or year evidence.,,,,,,Journal article,0,,,,,https://www.ndph.ox.ac.uk/publications/1528734,,,J Epidemiol Community Health,Journal article,,,,,,,1,1,[],{},staff_recent_publications_json
216,Jo Holliday,A5080137491,https://openalex.org/A5080137491,Jo Holliday,0.9,high,local:9ceddab7c8e8b1c8,Persistence of SARS-CoV-2 antibodies over 18 months following infection: UK Biobank COVID-19 Serology Study.,2023.0,2023-01-01,Jo Holliday,,,high,0.88,Bundled staff-profile publication; high person-level OpenAlex match; publication has DOI or year evidence.,,,,,,Journal article,0,,,,,https://www.ndph.ox.ac.uk/publications/1560311,,,J Epidemiol Community Health,Journal article,,,,,,,1,1,[],{},staff_recent_publications_json
216,Jo Holliday,A5080137491,https://openalex.org/A5080137491,Jo Holliday,0.9,high,local:fd25feb736104515,"UK biobank: Enhanced assessment of the
epidemiology and long-term impact of
coronavirus disease-2019",,,Jo Holliday,,,medium,0.7,Bundled staff-profile publication; person-level match is credible but paper-level OpenAlex affiliation evidence is not available in the snapshot cache.,,,,,,UK biobank: Enhanced assessment of the,0,,,,,https://www.ndph.ox.ac.uk/publications/1557226,,,,UK biobank: Enhanced assessment of the,,,,,,,1,1,[],{},staff_recent_publications_json
217,Francesca Holt,A5119786348,https://openalex.org/A5119786348,Francesca Holt,0.72,medium,local:ed32e8b006cad278,Proton Beam Therapy for Early Breast Cancer: A Systematic Review and Meta-analysis of Clinical Outcomes.,2023.0,2023-01-01,Francesca Holt,,,medium,0.7,Bundled staff-profile publication; person-level match is credible but paper-level OpenAlex affiliation evidence is not available in the snapshot cache.,,,,,,Journal article,0,,,,,https://www.ndph.ox.ac.uk/publications/1328556,,,Int J Radiat Oncol Biol Phys,Journal article,,,,,,,1,1,[],{},staff_recent_publications_json
217,Francesca Holt,A5119786348,https://openalex.org/A5119786348,Francesca Holt,0.72,medium,local:8f07fa102b207215,Adjuvant and neoadjuvant breast cancer treatments: A systematic review of their effects on mortality.,2022.0,2022-01-01,Francesca Holt,,,medium,0.7,Bundled staff-profile publication; person-level match is credible but paper-level OpenAlex affiliation evidence is not available in the snapshot cache.,,,,,,Journal article,0,,,,,https://www.ndph.ox.ac.uk/publications/1243978,,,Cancer Treat Rev,Journal article,,,,,,,1,1,[],{},staff_recent_publications_json
217,Francesca Holt,A5119786348,https://openalex.org/A5119786348,Francesca Holt,0.72,medium,local:a3430a63f92eccc6,Mortality Among Adults With Cancer Undergoing Chemotherapy or Immunotherapy and Infected With COVID-19.,2022.0,2022-01-01,Francesca Holt,,,medium,0.7,Bundled staff-profile publication; person-level match is credible but paper-level OpenAlex affiliation evidence is not available in the snapshot cache.,,,,,,Journal article,0,,,,,https://www.ndph.ox.ac.uk/publications/1241276,,,JAMA Netw Open,Journal article,,,,,,,1,1,[],{},staff_recent_publications_json
217,Francesca Holt,A5119786348,https://openalex.org/A5119786348,Francesca Holt,0.72,medium,local:10a038f1c1cc01c2,Proton beam therapy for early breast cancer: a systematic review and quantitative synthesis of adverse clinical outcomes,2022.0,2022-01-01,Francesca Holt,,,medium,0.7,Bundled staff-profile publication; person-level match is credible but paper-level OpenAlex affiliation evidence is not available in the snapshot cache.,,,,,,Journal article,0,,,,,https://www.ndph.ox.ac.uk/publications/1327429,,,EUROPEAN JOURNAL OF CANCER,Journal article,,,,,,,1,1,[],{},staff_recent_publications_json
217,Francesca Holt,A5119786348,https://openalex.org/A5119786348,Francesca Holt,0.72,medium,local:2f94b07407282e39,COVID-19 prevalence and mortality in patients with cancer and the effect of primary tumour subtype and patient demographics: a prospective cohort study.,2020.0,2020-01-01,Francesca Holt,,,medium,0.7,Bundled staff-profile publication; person-level match is credible but paper-level OpenAlex affiliation evidence is not available in the snapshot cache.,,,,,,Journal article,0,,,,,https://www.ndph.ox.ac.uk/publications/1128990,,,Lancet Oncol,Journal article,,,,,,,1,1,[],{},staff_recent_publications_json
218,Jemma Hopewell,A5090329946,https://openalex.org/A5090329946,Jemma Hopewell,0.9,high,local:d9398cf3c8ac6c10,"Role of primary and secondary care data in atrial fibrillation ascertainment: impact on risk factor associations, patient management, and mortality in UK Biobank.",2025.0,2025-01-01,Jemma Hopewell,,,high,0.88,Bundled staff-profile publication; high person-level OpenAlex match; publication has DOI or year evidence.,,,,,,Journal article,0,,,,,https://www.ndph.ox.ac.uk/publications/2084149,,,Europace,Journal article,,,,,,,1,1,[],{},staff_recent_publications_json
218,Jemma Hopewell,A5090329946,https://openalex.org/A5090329946,Jemma Hopewell,0.9,high,local:aa1af0756c5d082d,Proteomic profiling identifies novel independent relationships between inflammatory proteins and myocardial infarction.,2023.0,2023-01-01,Jemma Hopewell,,,high,0.88,Bundled staff-profile publication; high person-level OpenAlex match; publication has DOI or year evidence.,,,,,,Journal article,0,,,,,https://www.ndph.ox.ac.uk/publications/1326230,,,Eur J Prev Cardiol,Journal article,,,,,,,1,1,[],{},staff_recent_publications_json
218,Jemma Hopewell,A5090329946,https://openalex.org/A5090329946,Jemma Hopewell,0.9,high,local:d0178a4751c01e76,Apolipoprotein Proteomics for Residual Lipid-Related Risk in Coronary Heart Disease.,2023.0,2023-01-01,Jemma Hopewell,,,high,0.88,Bundled staff-profile publication; high person-level OpenAlex match; publication has DOI or year evidence.,,,,,,Journal article,0,,,,,https://www.ndph.ox.ac.uk/publications/1325239,,,Circ Res,Journal article,,,,,,,1,1,[],{},staff_recent_publications_json
218,Jemma Hopewell,A5090329946,https://openalex.org/A5090329946,Jemma Hopewell,0.9,high,local:ffaa13ed3b838561,Discovery and systematic characterization of risk variants and genes for coronary artery disease in over a million participants.,2022.0,2022-01-01,Jemma Hopewell,,,high,0.88,Bundled staff-profile publication; high person-level OpenAlex match; publication has DOI or year evidence.,,,,,,Journal article,0,,,,,https://www.ndph.ox.ac.uk/publications/1312193,,,Nat Genet,Journal article,,,,,,,1,1,[],{},staff_recent_publications_json
218,Jemma Hopewell,A5090329946,https://openalex.org/A5090329946,Jemma Hopewell,0.9,high,local:854ff72e48845634,Publisher Correction: Stroke genetics informs drug discovery and risk prediction across ancestries.,2022.0,2022-01-01,Jemma Hopewell,,,high,0.88,Bundled staff-profile publication; high person-level OpenAlex match; publication has DOI or year evidence.,,,,,,Journal article,0,,,,,https://www.ndph.ox.ac.uk/publications/1304869,,,Nature,Journal article,,,,,,,1,1,[],{},staff_recent_publications_json
219,Ruth Horn,A5072427664,https://openalex.org/A5072427664,Ruth Horn,0.9,high,local:f04d6d72f48a16f6,Women's wellbeing as an empty declaration? A qualitative exploration of challenges in accessing termination of pregnancy due to fetal anomaly in Germany.,2025.0,2025-01-01,Ruth Horn,,,high,0.88,Bundled staff-profile publication; high person-level OpenAlex match; publication has DOI or year evidence.,,,,,,Journal article,0,,,,,https://www.ndph.ox.ac.uk/publications/2097038,,,BMC Med Ethics,Journal article,,,,,,,1,1,[],{},staff_recent_publications_json
219,Ruth Horn,A5072427664,https://openalex.org/A5072427664,Ruth Horn,0.9,high,local:ee33bf2c9a8ee47e,Ethical considerations in prenatal genomic testing,2024.0,2024-01-01,Ruth Horn,,,high,0.88,Bundled staff-profile publication; high person-level OpenAlex match; publication has DOI or year evidence.,,,,,,Journal article,0,,,,,https://www.ndph.ox.ac.uk/publications/2028038,,,Best Practice &amp; Research Clinical Obstetrics &amp; Gynaecology,Journal article,,,,,,,1,1,[],{},staff_recent_publications_json
219,Ruth Horn,A5072427664,https://openalex.org/A5072427664,Ruth Horn,0.9,high,local:07a3a2c070800b2c,Ethical and social implications of public-private partnerships in the context of genomic/big health data collection.,2024.0,2024-01-01,Ruth Horn,,,high,0.88,Bundled staff-profile publication; high person-level OpenAlex match; publication has DOI or year evidence.,,,,,,Journal article,0,,,,,https://www.ndph.ox.ac.uk/publications/1990409,,,Eur J Hum Genet,Journal article,,,,,,,1,1,[],{},staff_recent_publications_json
219,Ruth Horn,A5072427664,https://openalex.org/A5072427664,Ruth Horn,0.9,high,local:207a474f84b01fa4,"""Uninformed consent"" in clinical trials with cancer patients: A qualitative analysis of patients' and support persons' communication experiences and needs.",2024.0,2024-01-01,Ruth Horn,,,high,0.88,Bundled staff-profile publication; high person-level OpenAlex match; publication has DOI or year evidence.,,,,,,Journal article,0,,,,,https://www.ndph.ox.ac.uk/publications/1614666,,,Patient Educ Couns,Journal article,,,,,,,1,1,[],{},staff_recent_publications_json
219,Ruth Horn,A5072427664,https://openalex.org/A5072427664,Ruth Horn,0.9,high,local:57be28d2be82667e,Negotiating severity behind the scenes: prenatal testing in Germany.,2024.0,2024-01-01,Ruth Horn,,,high,0.88,Bundled staff-profile publication; high person-level OpenAlex match; publication has DOI or year evidence.,,,,,,Journal article,0,,,,,https://www.ndph.ox.ac.uk/publications/1992970,,,European journal of human genetics : EJHG,Journal article,,,,,,,1,1,[],{},staff_recent_publications_json
221,Xinyang Hua,A5081856467,https://openalex.org/A5081856467,Xinyang Hua,0.9,high,local:319ce9e5c5c9fd5c,Development and Use of Prediction Models for Classification of Cardiovascular Risk of Remote Indigenous Australians.,2020.0,2020-01-01,Xinyang Hua,,,high,0.88,Bundled staff-profile publication; high person-level OpenAlex match; publication has DOI or year evidence.,,,,,,Journal article,0,,,,,https://www.ndph.ox.ac.uk/publications/981264,,,Heart Lung Circ,Journal article,,,,,,,1,1,[],{},staff_recent_publications_json
221,Xinyang Hua,A5081856467,https://openalex.org/A5081856467,Xinyang Hua,0.9,high,local:f22d7f1173a80705,Self-rated health scores predict mortality among people with type 2 diabetes differently across three different country groupings: findings from the ADVANCE and ADVANCE-ON trials.,2020.0,2020-01-01,Xinyang Hua,,,high,0.88,Bundled staff-profile publication; high person-level OpenAlex match; publication has DOI or year evidence.,,,,,,Journal article,0,,,,,https://www.ndph.ox.ac.uk/publications/1085674,,,Diabet Med,Journal article,,,,,,,1,1,[],{},staff_recent_publications_json
221,Xinyang Hua,A5081856467,https://openalex.org/A5081856467,Xinyang Hua,0.9,high,local:b10f357743fba587,Prophylactic Antibiotics in the Prevention of Infection After Operative Vaginal Delivery (ANODE): A Multicenter Randomized Controlled Trial,2019.0,2019-01-01,Xinyang Hua,,,high,0.88,Bundled staff-profile publication; high person-level OpenAlex match; publication has DOI or year evidence.,,,,,,Journal article,0,,,,,https://www.ndph.ox.ac.uk/publications/1088061,,,Obstetrical and Gynecological Survey,Journal article,,,,,,,1,1,[],{},staff_recent_publications_json
221,Xinyang Hua,A5081856467,https://openalex.org/A5081856467,Xinyang Hua,0.9,high,local:b55f838fe2874558,Intravenous co-amoxiclav to prevent infection after operative vaginal delivery: the ANODE RCT.,2019.0,2019-01-01,Xinyang Hua,,,high,0.88,Bundled staff-profile publication; high person-level OpenAlex match; publication has DOI or year evidence.,,,,,,Journal article,0,,,,,https://www.ndph.ox.ac.uk/publications/1043399,,,Health Technol Assess,Journal article,,,,,,,1,1,[],{},staff_recent_publications_json
221,Xinyang Hua,A5081856467,https://openalex.org/A5081856467,Xinyang Hua,0.9,high,local:cafe1805c5e56ddf,Intravenous co-amoxiclav to prevent infection after operative vaginal delivery: the ANODE RCT.,2019.0,2019-01-01,Xinyang Hua,,,high,0.88,Bundled staff-profile publication; high person-level OpenAlex match; publication has DOI or year evidence.,,,,,,Journal article,0,,,,,https://www.ndph.ox.ac.uk/publications/1061524,,,Health Technol Assess,Journal article,,,,,,,1,1,[],{},staff_recent_publications_json
227,Rob Humphrey,A5056517755,https://openalex.org/A5056517755,Rob Humphrey,0.45,low,local:6be6282bb7d45bbe,Patient and public involvement and engagement in the ASCEND PLUS trial: reflections from the design of a streamlined and decentralised clinical trial.,2024.0,2024-01-01,Rob Humphrey,,,low,0.48,Bundled staff-profile publication with weak or missing person/paper evidence.,,,,,,Journal article,0,,,,,https://www.ndph.ox.ac.uk/publications/2020687,,,Trials,Journal article,,,,,,,1,1,[],{},staff_recent_publications_json
228,David Hunter,A5080921373,https://openalex.org/A5080921373,David Hunter,0.72,medium,local:c0baa48c2873e16e,Our Future Health: a unique global resource for discovery and translational research.,2025.0,2025-01-01,David Hunter,,,medium,0.7,Bundled staff-profile publication; person-level match is credible but paper-level OpenAlex affiliation evidence is not available in the snapshot cache.,,,,,,Journal article,0,,,,,https://www.ndph.ox.ac.uk/publications/2079603,,,Nat Med,Journal article,,,,,,,1,1,[],{},staff_recent_publications_json
228,David Hunter,A5080921373,https://openalex.org/A5080921373,David Hunter,0.72,medium,local:5869d96e3737ffbb,"""Target Trial Emulation"" for Observational Studies - Potential and Pitfalls.",2024.0,2024-01-01,David Hunter,,,medium,0.7,Bundled staff-profile publication; person-level match is credible but paper-level OpenAlex affiliation evidence is not available in the snapshot cache.,,,,,,Other,0,,,,,https://www.ndph.ox.ac.uk/publications/2067549,,,N Engl J Med,Other,,,,,,,1,1,[],{},staff_recent_publications_json
228,David Hunter,A5080921373,https://openalex.org/A5080921373,David Hunter,0.72,medium,local:be093206289a9b24,Publisher Correction: Understanding the genetic complexity of puberty timing across the allele frequency spectrum.,2024.0,2024-01-01,David Hunter,,,medium,0.7,Bundled staff-profile publication; person-level match is credible but paper-level OpenAlex affiliation evidence is not available in the snapshot cache.,,,,,,Journal article,0,,,,,https://www.ndph.ox.ac.uk/publications/2014425,,,Nat Genet,Journal article,,,,,,,1,1,[],{},staff_recent_publications_json
228,David Hunter,A5080921373,https://openalex.org/A5080921373,David Hunter,0.72,medium,local:fd43c013d9d1af39,Understanding the genetic complexity of puberty timing across the allele frequency spectrum.,2024.0,2024-01-01,David Hunter,,,medium,0.7,Bundled staff-profile publication; person-level match is credible but paper-level OpenAlex affiliation evidence is not available in the snapshot cache.,,,,,,Journal article,0,,,,,https://www.ndph.ox.ac.uk/publications/2011603,,,Nat Genet,Journal article,,,,,,,1,1,[],{},staff_recent_publications_json
228,David Hunter,A5080921373,https://openalex.org/A5080921373,David Hunter,0.72,medium,local:b4c600fda5179455,Assessing the Value of Incorporating a Polygenic Risk Score with Nongenetic Factors for Predicting Breast Cancer Diagnosis in the UK Biobank.,2024.0,2024-01-01,David Hunter,,,medium,0.7,Bundled staff-profile publication; person-level match is credible but paper-level OpenAlex affiliation evidence is not available in the snapshot cache.,,,,,,Journal article,0,,,,,https://www.ndph.ox.ac.uk/publications/1991059,,,Cancer Epidemiol Biomarkers Prev,Journal article,,,,,,,1,1,[],{},staff_recent_publications_json
229,Madeleine Hurd,A5089972186,https://openalex.org/A5089972186,Madeleine Hurd,0.9,high,local:613d0ad9ca635c21,Timing of Stoma Closure in Neonates: the ToSCiN mixed-methods study.,2024.0,2024-01-01,Madeleine Hurd,,,high,0.88,Bundled staff-profile publication; high person-level OpenAlex match; publication has DOI or year evidence.,,,,,,Journal article,0,,,,,https://www.ndph.ox.ac.uk/publications/2054951,,,Health Technol Assess,Journal article,,,,,,,1,1,[],{},staff_recent_publications_json
229,Madeleine Hurd,A5089972186,https://openalex.org/A5089972186,Madeleine Hurd,0.9,high,local:fa0e2080e331649a,"Association of antenatal or neonatal SARS-COV-2 exposure with developmental and respiratory outcomes, and healthcare usage in early childhood: a national prospective cohort study.",2024.0,2024-01-01,Madeleine Hurd,,,high,0.88,Bundled staff-profile publication; high person-level OpenAlex match; publication has DOI or year evidence.,,,,,,Journal article,0,,,,,https://www.ndph.ox.ac.uk/publications/1994409,,,EClinicalMedicine,Journal article,,,,,,,1,1,[],{},staff_recent_publications_json
229,Madeleine Hurd,A5089972186,https://openalex.org/A5089972186,Madeleine Hurd,0.9,high,local:d7ebf25cf6f5ea74,Characteristics and outcomes of neonates hospitalised with SARS-CoV-2 infection in the UK by variant: a prospective national cohort study.,2024.0,2024-01-01,Madeleine Hurd,,,high,0.88,Bundled staff-profile publication; high person-level OpenAlex match; publication has DOI or year evidence.,,,,,,Journal article,0,,,,,https://www.ndph.ox.ac.uk/publications/1560133,,,Arch Dis Child Fetal Neonatal Ed,Journal article,,,,,,,1,1,[],{},staff_recent_publications_json
229,Madeleine Hurd,A5089972186,https://openalex.org/A5089972186,Madeleine Hurd,0.9,high,local:7d3ba5eef1eb0366,Frenotomy with breastfeeding support versus breastfeeding support alone for infants with tongue-tie and breastfeeding difficulties: the FROSTTIE RCT.,2023.0,2023-01-01,Madeleine Hurd,,,high,0.88,Bundled staff-profile publication; high person-level OpenAlex match; publication has DOI or year evidence.,,,,,,Journal article,0,,,,,https://www.ndph.ox.ac.uk/publications/1521745,,,Health Technol Assess,Journal article,,,,,,,1,1,[],{},staff_recent_publications_json
229,Madeleine Hurd,A5089972186,https://openalex.org/A5089972186,Madeleine Hurd,0.9,high,local:22d2062e3c5f2550,Evaluation of the effectiveness of an incentive strategy on the questionnaire response rate in parents of premature babies: a randomised controlled Study Within A Trial (SWAT) nested within SIFT.,2021.0,2021-01-01,Madeleine Hurd,,,high,0.88,Bundled staff-profile publication; high person-level OpenAlex match; publication has DOI or year evidence.,,,,,,Other,0,,,,,https://www.ndph.ox.ac.uk/publications/1072178,,,Trials,Other,,,,,,,1,1,[],{},staff_recent_publications_json
231,Sophie Hyndman,A5033116618,https://openalex.org/A5033116618,Sophie Hyndman,0.45,low,local:c41b4cbbbed9bde7,An epidemiological study of the relative importance of damp housing in relation to adult health.,2000.0,2000-01-01,Sophie Hyndman,,,low,0.48,Bundled staff-profile publication with weak or missing person/paper evidence.,,,,,,Journal article,0,,,,,https://www.ndph.ox.ac.uk/publications/163538,,,J Epidemiol Community Health,Journal article,,,,,,,1,1,[],{},staff_recent_publications_json
231,Sophie Hyndman,A5033116618,https://openalex.org/A5033116618,Sophie Hyndman,0.45,low,local:3f9733ce463dd1c7,A comparison between trap and flotation methods of sampling in quantifying mite exposure,1998.0,1998-01-01,Sophie Hyndman,,,low,0.48,Bundled staff-profile publication with weak or missing person/paper evidence.,,,,,,Journal article,0,,,,,https://www.ndph.ox.ac.uk/publications/389734,,,Thorax,Journal article,,,,,,,1,1,[],{},staff_recent_publications_json
231,Sophie Hyndman,A5033116618,https://openalex.org/A5033116618,Sophie Hyndman,0.45,low,local:d9f22c3ea3f1b932,Sex differences in the use of asthma drugs: cross sectional study.,1998.0,1998-01-01,Sophie Hyndman,,,low,0.48,Bundled staff-profile publication with weak or missing person/paper evidence.,,,,,,Journal article,0,,,,,https://www.ndph.ox.ac.uk/publications/390033,,,BMJ,Journal article,,,,,,,1,1,[],{},staff_recent_publications_json
231,Sophie Hyndman,A5033116618,https://openalex.org/A5033116618,Sophie Hyndman,0.45,low,local:bfd6a8db5393785e,The association of nocturnal asthma with asthma severity.,1997.0,1997-01-01,Sophie Hyndman,,,low,0.48,Bundled staff-profile publication with weak or missing person/paper evidence.,,,,,,Journal article,0,,,,,https://www.ndph.ox.ac.uk/publications/389740,,,J Asthma,Journal article,,,,,,,1,1,[],{},staff_recent_publications_json
231,Sophie Hyndman,A5033116618,https://openalex.org/A5033116618,Sophie Hyndman,0.45,low,local:3d5d2fdbdb2a64ba,Rates of admission to hospital for asthma.,1994.0,1994-01-01,Sophie Hyndman,,,low,0.48,Bundled staff-profile publication with weak or missing person/paper evidence.,,,,,,Journal article,0,,,,,https://www.ndph.ox.ac.uk/publications/388081,,,BMJ,Journal article,,,,,,,1,1,[],{},staff_recent_publications_json
232,Melissa Iacovidou,A5039173670,https://openalex.org/A5039173670,Melissa Iacovidou,0.72,medium,local:341b8af3373a8688,Ecological niche stability ofBiomphalariaintermediate hosts forSchistosoma mansoniunder extreme flooding and seasonal change,2025.0,2025-01-01,Melissa Iacovidou,,,medium,0.7,Bundled staff-profile publication; person-level match is credible but paper-level OpenAlex affiliation evidence is not available in the snapshot cache.,,,,,,Preprint,0,,,,,https://www.ndph.ox.ac.uk/publications/2079021,,,,Preprint,,,,,,,1,1,[],{},staff_recent_publications_json
232,Melissa Iacovidou,A5039173670,https://openalex.org/A5039173670,Melissa Iacovidou,0.72,medium,local:e8215aca08d6fcf6,Omitting age-dependent mosquito mortality in malaria models underestimates the effectiveness of insecticide-treated nets.,2022.0,2022-01-01,Melissa Iacovidou,,,medium,0.7,Bundled staff-profile publication; person-level match is credible but paper-level OpenAlex affiliation evidence is not available in the snapshot cache.,,,,,,Journal article,0,,,,,https://www.ndph.ox.ac.uk/publications/1571473,,,PLoS Comput Biol,Journal article,,,,,,,1,1,[],{},staff_recent_publications_json
232,Melissa Iacovidou,A5039173670,https://openalex.org/A5039173670,Melissa Iacovidou,0.72,medium,local:649af6c6e5cd5c4b,Omitting age-dependent mosquito mortality in malaria models underestimates the effectiveness of insecticide-treated nets,2021.0,2021-01-01,Melissa Iacovidou,,,medium,0.7,Bundled staff-profile publication; person-level match is credible but paper-level OpenAlex affiliation evidence is not available in the snapshot cache.,,,,,,Preprint,0,,,,,https://www.ndph.ox.ac.uk/publications/1571474,,,,Preprint,,,,,,,1,1,[],{},staff_recent_publications_json
235,Pek Kei Im,A5020621022,https://openalex.org/A5020621022,Pek Kei Im,0.9,high,local:b8eb85b8c7e50c2a,"Hyperuricemia, gout and the associated comorbidities in  China: findings from a prospective study of 0.5 million adults",2025.0,2025-01-01,Pek Kei Im,,,high,0.88,Bundled staff-profile publication; high person-level OpenAlex match; publication has DOI or year evidence.,,,,,,Journal article,0,,,,,https://www.ndph.ox.ac.uk/publications/2119445,,,The Lancet Regional Health - Western Pacific,Journal article,,,,,,,1,1,[],{},staff_recent_publications_json
235,Pek Kei Im,A5020621022,https://openalex.org/A5020621022,Pek Kei Im,0.9,high,local:587abc0946c3c948,"The US National Academies of Science, Engineering and Medicine was economical with the truth about alcohol and health.",2025.0,2025-01-01,Pek Kei Im,,,high,0.88,Bundled staff-profile publication; high person-level OpenAlex match; publication has DOI or year evidence.,,,,,,Journal article,0,,,,,https://www.ndph.ox.ac.uk/publications/2101882,,,J Stud Alcohol Drugs,Journal article,,,,,,,1,1,[],{},staff_recent_publications_json
235,Pek Kei Im,A5020621022,https://openalex.org/A5020621022,Pek Kei Im,0.9,high,local:72a666791d1542b4,Binge-pattern alcohol consumption and genetic risk as determinants of alcohol-related liver disease.,2023.0,2023-01-01,Pek Kei Im,,,high,0.88,Bundled staff-profile publication; high person-level OpenAlex match; publication has DOI or year evidence.,,,,,,Journal article,0,,,,,https://www.ndph.ox.ac.uk/publications/1582497,,,Nat Commun,Journal article,,,,,,,1,1,[],{},staff_recent_publications_json
235,Pek Kei Im,A5020621022,https://openalex.org/A5020621022,Pek Kei Im,0.9,high,local:84d8c331ea14b870,"Associations of alcohol intake with subclinical carotid atherosclerosis in 22,000 Chinese adults.",2023.0,2023-01-01,Pek Kei Im,,,high,0.88,Bundled staff-profile publication; high person-level OpenAlex match; publication has DOI or year evidence.,,,,,,Journal article,0,,,,,https://www.ndph.ox.ac.uk/publications/1400498,,,Atherosclerosis,Journal article,,,,,,,1,1,[],{},staff_recent_publications_json
235,Pek Kei Im,A5020621022,https://openalex.org/A5020621022,Pek Kei Im,0.9,high,local:47d0a130d7354267,Alcohol consumption and risks of more than 200 diseases in Chinese men.,2023.0,2023-01-01,Pek Kei Im,,,high,0.88,Bundled staff-profile publication; high person-level OpenAlex match; publication has DOI or year evidence.,,,,,,Journal article,0,,,,,https://www.ndph.ox.ac.uk/publications/1374710,,,Nat Med,Journal article,,,,,,,1,1,[],{},staff_recent_publications_json
236,Andri Iona,A5016761950,https://openalex.org/A5016761950,Andri Iona,0.9,high,local:4a6340e2faf4cf85,Young adulthood and adulthood adiposity in relation to incidence of pancreatic cancer: a prospective study of 0.5 million Chinese adults and a meta-analysis.,2017.0,2017-01-01,Andri Iona,,,high,0.88,Bundled staff-profile publication; high person-level OpenAlex match; publication has DOI or year evidence.,,,,,,Journal article,0,,,,,https://www.ndph.ox.ac.uk/publications/724451,,,J Epidemiol Community Health,Journal article,,,,,,,1,1,[],{},staff_recent_publications_json
236,Andri Iona,A5016761950,https://openalex.org/A5016761950,Andri Iona,0.9,high,local:228fa8b24813cae0,"Diabetes, plasma glucose and incidence of pancreatic cancer: A prospective study of 0.5 million Chinese adults and a meta-analysis of 22 cohort studies.",2017.0,2017-01-01,Andri Iona,,,high,0.88,Bundled staff-profile publication; high person-level OpenAlex match; publication has DOI or year evidence.,,,,,,Journal article,0,,,,,https://www.ndph.ox.ac.uk/publications/668987,,,Int J Cancer,Journal article,,,,,,,1,1,[],{},staff_recent_publications_json
236,Andri Iona,A5016761950,https://openalex.org/A5016761950,Andri Iona,0.9,high,local:358a1b6a0d29628d,Association Between Diabetes and Cause-Specific Mortality in Rural and Urban Areas of China.,2017.0,2017-01-01,Andri Iona,,,high,0.88,Bundled staff-profile publication; high person-level OpenAlex match; publication has DOI or year evidence.,,,,,,Journal article,0,,,,,https://www.ndph.ox.ac.uk/publications/671571,,,JAMA,Journal article,,,,,,,1,1,[],{},staff_recent_publications_json
236,Andri Iona,A5016761950,https://openalex.org/A5016761950,Andri Iona,0.9,high,local:65125277aa6223ee,"Evaluation of type 2 diabetes genetic risk variants in Chinese adults: findings from 93,000 individuals from the China Kadoorie Biobank.",2016.0,2016-01-01,Andri Iona,,,high,0.88,Bundled staff-profile publication; high person-level OpenAlex match; publication has DOI or year evidence.,,,,,,Journal article,0,,,,,https://www.ndph.ox.ac.uk/publications/614466,,,Diabetologia,Journal article,,,,,,,1,1,[],{},staff_recent_publications_json
236,Andri Iona,A5016761950,https://openalex.org/A5016761950,Andri Iona,0.9,high,local:9e538ff4ded3422e,Contrasting male and female trends in tobacco-attributed mortality in China: evidence from successive nationwide prospective cohort studies.,2015.0,2015-01-01,Andri Iona,,,high,0.88,Bundled staff-profile publication; high person-level OpenAlex match; publication has DOI or year evidence.,,,,,,Journal article,0,,,,,https://www.ndph.ox.ac.uk/publications/571296,,,Lancet,Journal article,,,,,,,1,1,[],{},staff_recent_publications_json
237,MacKenzie Isaac,A5113056338,https://openalex.org/A5113056338,MacKenzie Isaac,0.9,high,local:76c29ac37b51269e,Coercing for public health: reflections on the role of coercion in public health emergencies.,2025.0,2025-01-01,MacKenzie Isaac,,,high,0.88,Bundled staff-profile publication; high person-level OpenAlex match; publication has DOI or year evidence.,,,,,,Journal article,0,,,,,https://www.ndph.ox.ac.uk/publications/2118775,,,Monash Bioeth Rev,Journal article,,,,,,,1,1,[],{},staff_recent_publications_json
241,Jingjing Jiang,A5118992309,https://openalex.org/A5118992309,Jingjing Jiang,0.72,medium,local:b161e3249170ec0b,Duration of protective immunity following COVID‐19 vaccination of individuals with underlying health conditions: A rapid review,2024.0,2024-01-01,Jingjing Jiang,,,medium,0.7,Bundled staff-profile publication; person-level match is credible but paper-level OpenAlex affiliation evidence is not available in the snapshot cache.,,,,,,Journal article,0,,,,,https://www.ndph.ox.ac.uk/publications/1616051,,,Reviews in Medical Virology,Journal article,,,,,,,1,1,[],{},staff_recent_publications_json
241,Jingjing Jiang,A5118992309,https://openalex.org/A5118992309,Jingjing Jiang,0.72,medium,local:fc7c26372713da4c,Breast Cancer Screening Should Embrace Precision Medicine: Evidence by Reviewing Economic Evaluations in China,2023.0,2023-01-01,Jingjing Jiang,,,medium,0.7,Bundled staff-profile publication; person-level match is credible but paper-level OpenAlex affiliation evidence is not available in the snapshot cache.,,,,,,Journal article,0,,,,,https://www.ndph.ox.ac.uk/publications/1329055,,,Advances in Therapy,Journal article,,,,,,,1,1,[],{},staff_recent_publications_json
241,Jingjing Jiang,A5118992309,https://openalex.org/A5118992309,Jingjing Jiang,0.72,medium,local:c0d4f257ddcf0be0,‘Natural experiments’ to evaluate the effectiveness and cost-effectiveness of palliative care: a systematic review of the literature and consideration of future opportunities,2022.0,2022-01-01,Jingjing Jiang,,,medium,0.7,Bundled staff-profile publication; person-level match is credible but paper-level OpenAlex affiliation evidence is not available in the snapshot cache.,,,,,,Journal article,0,,,,,https://www.ndph.ox.ac.uk/publications/1317401,,,BMJ Supportive and Palliative Care,Journal article,,,,,,,1,1,[],{},staff_recent_publications_json
241,Jingjing Jiang,A5118992309,https://openalex.org/A5118992309,Jingjing Jiang,0.72,medium,local:d5382cd62277febe,The price of private dental services: results from a national representative survey of Ireland,2022.0,2022-01-01,Jingjing Jiang,,,medium,0.7,Bundled staff-profile publication; person-level match is credible but paper-level OpenAlex affiliation evidence is not available in the snapshot cache.,,,,,,Journal article,0,,,,,https://www.ndph.ox.ac.uk/publications/1279618,,,Irish Journal of Medical Science (1971 -),Journal article,,,,,,,1,1,[],{},staff_recent_publications_json
241,Jingjing Jiang,A5118992309,https://openalex.org/A5118992309,Jingjing Jiang,0.72,medium,local:b1f542dc052daa30,Out-of-pocket costs near end of life in low- and middle-income countries: A systematic review,2022.0,2022-01-01,Jingjing Jiang,,,medium,0.7,Bundled staff-profile publication; person-level match is credible but paper-level OpenAlex affiliation evidence is not available in the snapshot cache.,,,,,,Journal article,0,,,,,https://www.ndph.ox.ac.uk/publications/1279617,,,PLOS Global Public Health,Journal article,,,,,,,1,1,[],{},staff_recent_publications_json
242,Danyao Jin,A5021881646,https://openalex.org/A5021881646,Danyao Jin,0.9,high,local:1f1220a35d0d8539,Predictive value of metabolic profiling in cardiovascular risk scores: analysis of 75 000 adults in UK Biobank.,2023.0,2023-01-01,Danyao Jin,,,high,0.88,Bundled staff-profile publication; high person-level OpenAlex match; publication has DOI or year evidence.,,,,,,Journal article,0,,,,,https://www.ndph.ox.ac.uk/publications/1529303,,,J Epidemiol Community Health,Journal article,,,,,,,1,1,[],{},staff_recent_publications_json
242,Danyao Jin,A5021881646,https://openalex.org/A5021881646,Danyao Jin,0.9,high,local:ddf098b53e0ddf1e,Lipoprotein Characteristics and Incident Coronary Heart Disease: Prospective Cohort of Nearly 90 000 Individuals in UK Biobank.,2023.0,2023-01-01,Danyao Jin,,,high,0.88,Bundled staff-profile publication; high person-level OpenAlex match; publication has DOI or year evidence.,,,,,,Journal article,0,,,,,https://www.ndph.ox.ac.uk/publications/1546532,,,J Am Heart Assoc,Journal article,,,,,,,1,1,[],{},staff_recent_publications_json
242,Danyao Jin,A5021881646,https://openalex.org/A5021881646,Danyao Jin,0.9,high,local:d5bb0f3cfc6486ba,"Associations of circulating fatty acids with incident coronary heart disease: a prospective study of 89,242 individuals in UK Biobank.",2023.0,2023-01-01,Danyao Jin,,,high,0.88,Bundled staff-profile publication; high person-level OpenAlex match; publication has DOI or year evidence.,,,,,,Journal article,0,,,,,https://www.ndph.ox.ac.uk/publications/1499370,,,BMC Cardiovasc Disord,Journal article,,,,,,,1,1,[],{},staff_recent_publications_json
242,Danyao Jin,A5021881646,https://openalex.org/A5021881646,Danyao Jin,0.9,high,local:2ca80e8e28e6f3e6,Body Composition and Risk of Incident Heart Failure in 1 Million Adults: A Systematic Review and Dose-Response Meta-Analysis of Prospective Cohort Studies.,2023.0,2023-01-01,Danyao Jin,,,high,0.88,Bundled staff-profile publication; high person-level OpenAlex match; publication has DOI or year evidence.,,,,,,Journal article,0,,,,,https://www.ndph.ox.ac.uk/publications/1341518,,,J Am Heart Assoc,Journal article,,,,,,,1,1,[],{},staff_recent_publications_json
242,Danyao Jin,A5021881646,https://openalex.org/A5021881646,Danyao Jin,0.9,high,local:c3412ef30a4ff490,Incidence and Survival of Aortic Dissection in Urban China: Results from the National Insurance Claims for Epidemiological Research (NICER) Study.,2021.0,2021-01-01,Danyao Jin,,,high,0.88,Bundled staff-profile publication; high person-level OpenAlex match; publication has DOI or year evidence.,,,,,,Journal article,0,,,,,https://www.ndph.ox.ac.uk/publications/1564611,,,Lancet Reg Health West Pac,Journal article,,,,,,,1,1,[],{},staff_recent_publications_json
243,Stephanie Johnson,A5050045603,https://openalex.org/A5050045603,Stephanie Johnson,0.9,high,local:1e6929b7c9b3b1a0,Clinical metagenomics: ethical issues.,2025.0,2025-01-01,Stephanie Johnson,,,high,0.88,Bundled staff-profile publication; high person-level OpenAlex match; publication has DOI or year evidence.,,,,,,Journal article,0,,,,,https://www.ndph.ox.ac.uk/publications/2085687,,,J Med Microbiol,Journal article,,,,,,,1,1,[],{},staff_recent_publications_json
243,Stephanie Johnson,A5050045603,https://openalex.org/A5050045603,Stephanie Johnson,0.9,high,local:1924c7de74630edc,Understanding Pandemic Solidarity: Mutual Support During the First COVID-19 Lockdown in the United Kingdom.,2023.0,2023-01-01,Stephanie Johnson,,,high,0.88,Bundled staff-profile publication; high person-level OpenAlex match; publication has DOI or year evidence.,,,,,,Journal article,0,,,,,https://www.ndph.ox.ac.uk/publications/1585729,,,Public Health Ethics,Journal article,,,,,,,1,1,[],{},staff_recent_publications_json
243,Stephanie Johnson,A5050045603,https://openalex.org/A5050045603,Stephanie Johnson,0.9,high,local:174091d0482c08d1,"Anticipating hopes, fears and expectations towards COVID-19 vaccines: A qualitative interview study in seven European countries.",2022.0,2022-01-01,Stephanie Johnson,,,high,0.88,Bundled staff-profile publication; high person-level OpenAlex match; publication has DOI or year evidence.,,,,,,Journal article,0,,,,,https://www.ndph.ox.ac.uk/publications/1237565,,,SSM Qual Res Health,Journal article,,,,,,,1,1,[],{},staff_recent_publications_json
243,Stephanie Johnson,A5050045603,https://openalex.org/A5050045603,Stephanie Johnson,0.9,high,local:7e8ba9f65cf0bc4d,"Democratic research: Setting up a research commons for a qualitative, comparative, longitudinal interview study during the COVID-19 pandemic.",2022.0,2022-01-01,Stephanie Johnson,,,high,0.88,Bundled staff-profile publication; high person-level OpenAlex match; publication has DOI or year evidence.,,,,,,Journal article,0,,,,,https://www.ndph.ox.ac.uk/publications/1279398,,,SSM Qual Res Health,Journal article,,,,,,,1,1,[],{},staff_recent_publications_json
243,Stephanie Johnson,A5050045603,https://openalex.org/A5050045603,Stephanie Johnson,0.9,high,local:cc90dae17ae51192,Ethical Reasoning During a Pandemic: Results of a Five Country European Study.,2022.0,2022-01-01,Stephanie Johnson,,,high,0.88,Bundled staff-profile publication; high person-level OpenAlex match; publication has DOI or year evidence.,,,,,,Journal article,0,,,,,https://www.ndph.ox.ac.uk/publications/1243135,,,AJOB Empir Bioeth,Journal article,,,,,,,1,1,[],{},staff_recent_publications_json
244,Tess Johnson,A5025148045,https://openalex.org/A5025148045,Tess Johnson,0.9,high,local:356b46c6c58d1867,Ethics of Antibiotic Course Duration: Shorter is Better,2025.0,2025-01-01,Tess Johnson,,,high,0.88,Bundled staff-profile publication; high person-level OpenAlex match; publication has DOI or year evidence.,,,,,,Journal article,0,,,,,https://www.ndph.ox.ac.uk/publications/2299770,,,American Journal of Bioethics,Journal article,,,,,,,1,1,[],{},staff_recent_publications_json
244,Tess Johnson,A5025148045,https://openalex.org/A5025148045,Tess Johnson,0.9,high,local:40e70f338fed6c01,A just transition for antimicrobial resistance: the need for more forms and a broader scope of justice,2025.0,2025-01-01,Tess Johnson,,,high,0.88,Bundled staff-profile publication; high person-level OpenAlex match; publication has DOI or year evidence.,,,,,,Journal article,0,,,,,https://www.ndph.ox.ac.uk/publications/2290673,,,Public Humanities,Journal article,,,,,,,1,1,[],{},staff_recent_publications_json
244,Tess Johnson,A5025148045,https://openalex.org/A5025148045,Tess Johnson,0.9,high,local:6a70d80e5c5f8029,A just war on bugs? Ethical differences between antimalarial resistance and antibacterial resistance.,2025.0,2025-01-01,Tess Johnson,,,high,0.88,Bundled staff-profile publication; high person-level OpenAlex match; publication has DOI or year evidence.,,,,,,Journal article,0,,,,,https://www.ndph.ox.ac.uk/publications/2247541,,,BMJ Glob Health,Journal article,,,,,,,1,1,[],{},staff_recent_publications_json
244,Tess Johnson,A5025148045,https://openalex.org/A5025148045,Tess Johnson,0.9,high,local:cd4410d793741497,Ethics of Identifying Individuals Involved in HIV Transmission Events by Phylogenetics in Molecular Surveillance.,2025.0,2025-01-01,Tess Johnson,,,high,0.88,Bundled staff-profile publication; high person-level OpenAlex match; publication has DOI or year evidence.,,,,,,Journal article,0,,,,,https://www.ndph.ox.ac.uk/publications/2127224,,,Bioethics,Journal article,,,,,,,1,1,[],{},staff_recent_publications_json
244,Tess Johnson,A5025148045,https://openalex.org/A5025148045,Tess Johnson,0.9,high,local:76c29ac37b51269e,Coercing for public health: reflections on the role of coercion in public health emergencies.,2025.0,2025-01-01,Tess Johnson,,,high,0.88,Bundled staff-profile publication; high person-level OpenAlex match; publication has DOI or year evidence.,,,,,,Journal article,0,,,,,https://www.ndph.ox.ac.uk/publications/2118775,,,Monash Bioeth Rev,Journal article,,,,,,,1,1,[],{},staff_recent_publications_json
244,Tess Johnson,A5025148045,https://openalex.org/A5025148045,Tess Johnson,0.9,high,local:5e35160b6f61bce3,Coercing for public health: (when) is coercion ethically justified?,2025.0,2025-01-01,Tess Johnson,,,high,0.88,Bundled staff-profile publication; high person-level OpenAlex match; publication has DOI or year evidence.,,,,,,Journal article,0,,,,,https://www.ndph.ox.ac.uk/publications/2118752,,,Monash Bioeth Rev,Journal article,,,,,,,1,1,[],{},staff_recent_publications_json
244,Tess Johnson,A5025148045,https://openalex.org/A5025148045,Tess Johnson,0.9,high,local:1e6929b7c9b3b1a0,Clinical metagenomics: ethical issues.,2025.0,2025-01-01,Tess Johnson,,,high,0.88,Bundled staff-profile publication; high person-level OpenAlex match; publication has DOI or year evidence.,,,,,,Journal article,0,,,,,https://www.ndph.ox.ac.uk/publications/2085687,,,J Med Microbiol,Journal article,,,,,,,1,1,[],{},staff_recent_publications_json
244,Tess Johnson,A5025148045,https://openalex.org/A5025148045,Tess Johnson,0.9,high,local:1896602a01b20ab8,Recognizing the ethical complexity of food policies and the role of the food industry.,2024.0,2024-01-01,Tess Johnson,,,high,0.88,Bundled staff-profile publication; high person-level OpenAlex match; publication has DOI or year evidence.,,,,,,Journal article,0,,,,,https://www.ndph.ox.ac.uk/publications/2062601,,,Health Promot Int,Journal article,,,,,,,1,1,[],{},staff_recent_publications_json
244,Tess Johnson,A5025148045,https://openalex.org/A5025148045,Tess Johnson,0.9,high,local:a0d3cf4bc624c399,Stewardship and social justice: implications of using the precautionary principle to justify burdensome antimicrobial stewardship measures.,2024.0,2024-01-01,Tess Johnson,,,high,0.88,Bundled staff-profile publication; high person-level OpenAlex match; publication has DOI or year evidence.,,,,,,Journal article,0,,,,,https://www.ndph.ox.ac.uk/publications/2069082,,,Monash Bioeth Rev,Journal article,,,,,,,1,1,[],{},staff_recent_publications_json
244,Tess Johnson,A5025148045,https://openalex.org/A5025148045,Tess Johnson,0.9,high,local:a046d8215abbaabe,Coercive public health policies need context-specific ethical justifications.,2024.0,2024-01-01,Tess Johnson,,,high,0.88,Bundled staff-profile publication; high person-level OpenAlex match; publication has DOI or year evidence.,,,,,,Journal article,0,,,,,https://www.ndph.ox.ac.uk/publications/2031312,,,Monash Bioeth Rev,Journal article,,,,,,,1,1,[],{},staff_recent_publications_json
246,David Jones,A5091123108,https://openalex.org/A5091123108,David Jones,0.9,high,local:ca78e501063d116f,Inequalities in geographic barriers and patient representation in lymphoma clinical trials across England.,2025.0,2025-01-01,David Jones,,,high,0.88,Bundled staff-profile publication; high person-level OpenAlex match; publication has DOI or year evidence.,,,,,,Journal article,0,,,,,https://www.ndph.ox.ac.uk/publications/2068850,,,Br J Haematol,Journal article,,,,,,,1,1,[],{},staff_recent_publications_json
246,David Jones,A5091123108,https://openalex.org/A5091123108,David Jones,0.9,high,local:1c72c6b1bb1a3b31,Individualised Estimation of Quality-adjusted Survival Benefit and Cost-effectiveness of Proton Beam Therapy in Intermediate-stage Hodgkin Lymphoma.,2023.0,2023-01-01,David Jones,,,high,0.88,Bundled staff-profile publication; high person-level OpenAlex match; publication has DOI or year evidence.,,,,,,Journal article,0,,,,,https://www.ndph.ox.ac.uk/publications/1324945,,,Clin Oncol (R Coll Radiol),Journal article,,,,,,,1,1,[],{},staff_recent_publications_json
246,David Jones,A5091123108,https://openalex.org/A5091123108,David Jones,0.9,high,local:26ce10845a6e4bdc,P095: Personalised Modelling of Quality-Adjusted Survival Benefit and Cost-Effectiveness of using Proton Beam Therapy inthe Treatment of Intermediate-Stage Hodgkin Lymphoma in England,2022.0,2022-01-01,David Jones,,,high,0.88,Bundled staff-profile publication; high person-level OpenAlex match; publication has DOI or year evidence.,,,,,,Journal article,0,,,,,https://www.ndph.ox.ac.uk/publications/1324944,,,HemaSphere,Journal article,,,,,,,1,1,[],{},staff_recent_publications_json
246,David Jones,A5091123108,https://openalex.org/A5091123108,David Jones,0.9,high,local:ef165b36f28549c8,Informing radiotherapy decisions in stage I/IIa Hodgkin lymphoma: modeling life expectancy using radiation dosimetry.,2022.0,2022-01-01,David Jones,,,high,0.88,Bundled staff-profile publication; high person-level OpenAlex match; publication has DOI or year evidence.,,,,,,Journal article,0,,,,,https://www.ndph.ox.ac.uk/publications/1222679,,,Blood Adv,Journal article,,,,,,,1,1,[],{},staff_recent_publications_json
247,Jeffery Jones,A5109427117,https://openalex.org/A5109427117,Jeffery Jones,0.72,medium,local:900df815c4292022,Under-Funded and Under-Pressure: State Epidemiologists During the COVID-19 Response.,2025.0,2025-01-01,Jeffery Jones,,,medium,0.7,Bundled staff-profile publication; person-level match is credible but paper-level OpenAlex affiliation evidence is not available in the snapshot cache.,,,,,,Journal article,0,,,,,https://www.ndph.ox.ac.uk/publications/2122281,,,Disaster Med Public Health Prep,Journal article,,,,,,,1,1,[],{},staff_recent_publications_json
247,Jeffery Jones,A5109427117,https://openalex.org/A5109427117,Jeffery Jones,0.72,medium,local:15e7431fd71c8355,Views From State-Level Policy Actors About the US Federal Government COVID-19 Response.,2025.0,2025-01-01,Jeffery Jones,,,medium,0.7,Bundled staff-profile publication; person-level match is credible but paper-level OpenAlex affiliation evidence is not available in the snapshot cache.,,,,,,Journal article,0,,,,,https://www.ndph.ox.ac.uk/publications/2086756,,,Health Secur,Journal article,,,,,,,1,1,[],{},staff_recent_publications_json
247,Jeffery Jones,A5109427117,https://openalex.org/A5109427117,Jeffery Jones,0.72,medium,local:17c0e086b82072f2,Alterations in care for children with special healthcare needs during the early COVID-19 pandemic: ethical and policy considerations.,2024.0,2024-01-01,Jeffery Jones,,,medium,0.7,Bundled staff-profile publication; person-level match is credible but paper-level OpenAlex affiliation evidence is not available in the snapshot cache.,,,,,,Journal article,0,,,,,https://www.ndph.ox.ac.uk/publications/2072359,,,Monash Bioeth Rev,Journal article,,,,,,,1,1,[],{},staff_recent_publications_json
247,Jeffery Jones,A5109427117,https://openalex.org/A5109427117,Jeffery Jones,0.72,medium,local:c8e132c037408f24,“Lives versus livelihoods”: Conflict and coherence between policy objectives in the COVID-19 pandemic,2024.0,2024-01-01,Jeffery Jones,,,medium,0.7,Bundled staff-profile publication; person-level match is credible but paper-level OpenAlex affiliation evidence is not available in the snapshot cache.,,,,,,Journal article,0,,,,,https://www.ndph.ox.ac.uk/publications/2090344,,,Social Science &amp; Medicine,Journal article,,,,,,,1,1,[],{},staff_recent_publications_json
247,Jeffery Jones,A5109427117,https://openalex.org/A5109427117,Jeffery Jones,0.72,medium,local:eb908a5d8ab5dc8c,‘Staying in the lane’ of public health? Boundary‐work in the roles of state health officials and experts in COVID‐19 policymaking,2024.0,2024-01-01,Jeffery Jones,,,medium,0.7,Bundled staff-profile publication; person-level match is credible but paper-level OpenAlex affiliation evidence is not available in the snapshot cache.,,,,,,Journal article,0,,,,,https://www.ndph.ox.ac.uk/publications/2090345,,,Sociology of Health &amp; Illness,Journal article,,,,,,,1,1,[],{},staff_recent_publications_json
248,Parminder Judge,A5002816008,https://openalex.org/A5002816008,Parminder Judge,0.9,high,local:0a1e47cc4f53ad91,Effects of empagliflozin on quality of life and healthcare use and costs in chronic kidney disease: a health economic analysis of the EMPA-KIDNEY trial.,2025.0,2025-01-01,Parminder Judge,,,high,0.88,Bundled staff-profile publication; high person-level OpenAlex match; publication has DOI or year evidence.,,,,,,Journal article,0,,,,,https://www.ndph.ox.ac.uk/publications/2130860,,,EClinicalMedicine,Journal article,,,,,,,1,1,[],{},staff_recent_publications_json
248,Parminder Judge,A5002816008,https://openalex.org/A5002816008,Parminder Judge,0.9,high,local:9c6f3d9dfcd67bd4,Time Course of Kidney Injury Biomarkers in Children With Septic Shock: Nested Cohort Study Within the Pragmatic Pediatric Trial of Balanced Versus Normal Saline Fluid in Sepsis Trial.,2025.0,2025-01-01,Parminder Judge,,,high,0.88,Bundled staff-profile publication; high person-level OpenAlex match; publication has DOI or year evidence.,,,,,,Journal article,0,,,,,https://www.ndph.ox.ac.uk/publications/2246182,,,Pediatric critical care medicine : a journal of the Society of Critical Care Medicine and the World Federation of Pediatric Intensive and Critical Care Societies,Journal article,,,,,,,1,1,[],{},staff_recent_publications_json
248,Parminder Judge,A5002816008,https://openalex.org/A5002816008,Parminder Judge,0.9,high,local:7528dc5ae8486643,The prevention and management of chronic kidney disease among patients with metabolic syndrome.,2025.0,2025-01-01,Parminder Judge,,,high,0.88,Bundled staff-profile publication; high person-level OpenAlex match; publication has DOI or year evidence.,,,,,,Journal article,0,,,,,https://www.ndph.ox.ac.uk/publications/2071897,,,Kidney Int,Journal article,,,,,,,1,1,[],{},staff_recent_publications_json
248,Parminder Judge,A5002816008,https://openalex.org/A5002816008,Parminder Judge,0.9,high,local:b0189d6ce54d9360,Empagliflozin lowers serum uric acid in chronic kidney disease: exploratory analyses from the EMPA-KIDNEY trial.,2025.0,2025-01-01,Parminder Judge,,,high,0.88,Bundled staff-profile publication; high person-level OpenAlex match; publication has DOI or year evidence.,,,,,,Journal article,0,,,,,https://www.ndph.ox.ac.uk/publications/2020812,,,Nephrol Dial Transplant,Journal article,,,,,,,1,1,[],{},staff_recent_publications_json
248,Parminder Judge,A5002816008,https://openalex.org/A5002816008,Parminder Judge,0.9,high,local:aedf160537bfa066,Long-Term Effects of Empagliflozin in Patients with Chronic Kidney Disease.,2025.0,2025-01-01,Parminder Judge,,,high,0.88,Bundled staff-profile publication; high person-level OpenAlex match; publication has DOI or year evidence.,,,,,,Journal article,0,,,,,https://www.ndph.ox.ac.uk/publications/2042748,,,N Engl J Med,Journal article,,,,,,,1,1,[],{},staff_recent_publications_json
249,Peter Jüni,A5038409870,https://openalex.org/A5038409870,Peter Jüni,0.9,high,local:08d98a0e511ed0a7,2024 Revision of the level of evidence grading system for ESC clinical practice guideline recommendations II: diagnostic tests and prediction models.,2025.0,2025-01-01,Peter Jüni,,,high,0.88,Bundled staff-profile publication; high person-level OpenAlex match; publication has DOI or year evidence.,,,,,,Journal article,0,,,,,https://www.ndph.ox.ac.uk/publications/2098152,,,Eur Heart J,Journal article,,,,,,,1,1,[],{},staff_recent_publications_json
249,Peter Jüni,A5038409870,https://openalex.org/A5038409870,Peter Jüni,0.9,high,local:365cd214003f75cc,2024 Revision of the level of evidence grading system for ESC clinical practice guideline recommendations I: therapy and prevention.,2025.0,2025-01-01,Peter Jüni,,,high,0.88,Bundled staff-profile publication; high person-level OpenAlex match; publication has DOI or year evidence.,,,,,,Journal article,0,,,,,https://www.ndph.ox.ac.uk/publications/2097009,,,Eur Heart J,Journal article,,,,,,,1,1,[],{},staff_recent_publications_json
249,Peter Jüni,A5038409870,https://openalex.org/A5038409870,Peter Jüni,0.9,high,local:1cd70f4951fc6123,The association between self-reported total gestational weight gain by pre-pregnancy body mass index and moderate to late preterm birth.,2025.0,2025-01-01,Peter Jüni,,,high,0.88,Bundled staff-profile publication; high person-level OpenAlex match; publication has DOI or year evidence.,,,,,,Journal article,0,,,,,https://www.ndph.ox.ac.uk/publications/2097624,,,BMC pregnancy and childbirth,Journal article,,,,,,,1,1,[],{},staff_recent_publications_json
249,Peter Jüni,A5038409870,https://openalex.org/A5038409870,Peter Jüni,0.9,high,local:0f8f620bd902e8e3,Correction to: 2023 ESC Guidelines for the management of acute coronary syndromes: Developed by the task force on the management of acute coronary syndromes of the European Society of Cardiology (ESC).,2024.0,2024-01-01,Peter Jüni,,,high,0.88,Bundled staff-profile publication; high person-level OpenAlex match; publication has DOI or year evidence.,,,,,,Journal article,0,,,,,https://www.ndph.ox.ac.uk/publications/2108142,,,Eur Heart J Acute Cardiovasc Care,Journal article,,,,,,,1,1,[],{},staff_recent_publications_json
249,Peter Jüni,A5038409870,https://openalex.org/A5038409870,Peter Jüni,0.9,high,local:f491c154480cf007,Correction to: 2020 ESC Guidelines for the management of acute coronary syndromes in patients presenting without persistent ST-segment elevation: The Task Force for the management of acute coronary syndromes in patients presenting without persistent ST-segment elevation of the European Society of Cardiology (ESC).,2024.0,2024-01-01,Peter Jüni,,,high,0.88,Bundled staff-profile publication; high person-level OpenAlex match; publication has DOI or year evidence.,,,,,,Journal article,0,,,,,https://www.ndph.ox.ac.uk/publications/2108143,,,Eur Heart J,Journal article,,,,,,,1,1,[],{},staff_recent_publications_json
251,Chodziwadziwa Kabudula,A5047591374,https://openalex.org/A5047591374,Chodziwadziwa Kabudula,0.9,high,local:e104c99045a8eab5,Multimorbidity Management: A Scoping Review of Interventions and Health Outcomes,2025.0,2025-01-01,Chodziwadziwa Kabudula,,,high,0.88,Bundled staff-profile publication; high person-level OpenAlex match; publication has DOI or year evidence.,,,,,,Journal article,0,,,,,https://www.ndph.ox.ac.uk/publications/2125888,,,International Journal of Environmental Research and Public Health,Journal article,,,,,,,1,1,[],{},staff_recent_publications_json
251,Chodziwadziwa Kabudula,A5047591374,https://openalex.org/A5047591374,Chodziwadziwa Kabudula,0.9,high,local:874726c352a04601,"Perceptions about chronic health conditions, multimorbidity and self-management practices in rural northeast South Africa: findings from a qualitative study.",2025.0,2025-01-01,Chodziwadziwa Kabudula,,,high,0.88,Bundled staff-profile publication; high person-level OpenAlex match; publication has DOI or year evidence.,,,,,,Journal article,0,,,,,https://www.ndph.ox.ac.uk/publications/2117167,,,BMJ Open,Journal article,,,,,,,1,1,[],{},staff_recent_publications_json
251,Chodziwadziwa Kabudula,A5047591374,https://openalex.org/A5047591374,Chodziwadziwa Kabudula,0.9,high,local:d0e50f824c2fdb3e,Can verbal autopsies be used on a national scale? Key findings and lessons from South Africa's national cause-of-death validation study.,2024.0,2024-01-01,Chodziwadziwa Kabudula,,,high,0.88,Bundled staff-profile publication; high person-level OpenAlex match; publication has DOI or year evidence.,,,,,,Journal article,0,,,,,https://www.ndph.ox.ac.uk/publications/2030826,,,Glob Health Action,Journal article,,,,,,,1,1,[],{},staff_recent_publications_json
251,Chodziwadziwa Kabudula,A5047591374,https://openalex.org/A5047591374,Chodziwadziwa Kabudula,0.9,high,local:309c9c504d6267d0,"Leadership, cohesion, and stress in primary care facilities and retention in chronic care in rural northeast South Africa before and during the COVID-19 pandemic: A longitudinal study.",2024.0,2024-01-01,Chodziwadziwa Kabudula,,,high,0.88,Bundled staff-profile publication; high person-level OpenAlex match; publication has DOI or year evidence.,,,,,,Journal article,0,,,,,https://www.ndph.ox.ac.uk/publications/2072200,,,J Glob Health,Journal article,,,,,,,1,1,[],{},staff_recent_publications_json
251,Chodziwadziwa Kabudula,A5047591374,https://openalex.org/A5047591374,Chodziwadziwa Kabudula,0.9,high,local:e609ef619f1ac942,Effect of a cash transfer intervention on memory decline and dementia probability in older adults in rural South Africa.,2024.0,2024-01-01,Chodziwadziwa Kabudula,,,high,0.88,Bundled staff-profile publication; high person-level OpenAlex match; publication has DOI or year evidence.,,,,,,Journal article,0,,,,,https://www.ndph.ox.ac.uk/publications/2078959,,,Proceedings of the National Academy of Sciences of the United States of America,Journal article,,,,,,,1,1,[],{},staff_recent_publications_json
252,Maria Kakkoura,A5057217667,https://openalex.org/A5057217667,Maria Kakkoura,0.9,high,local:b8eb85b8c7e50c2a,"Hyperuricemia, gout and the associated comorbidities in  China: findings from a prospective study of 0.5 million adults",2025.0,2025-01-01,Maria Kakkoura,,,high,0.88,Bundled staff-profile publication; high person-level OpenAlex match; publication has DOI or year evidence.,,,,,,Journal article,0,,,,,https://www.ndph.ox.ac.uk/publications/2119445,,,The Lancet Regional Health - Western Pacific,Journal article,,,,,,,1,1,[],{},staff_recent_publications_json
252,Maria Kakkoura,A5057217667,https://openalex.org/A5057217667,Maria Kakkoura,0.9,high,local:8bb79c094238955f,"Milk intake, lactase non-persistence and type 2 diabetes risk in Chinese adults.",2024.0,2024-01-01,Maria Kakkoura,,,high,0.88,Bundled staff-profile publication; high person-level OpenAlex match; publication has DOI or year evidence.,,,,,,Journal article,0,,,,,https://www.ndph.ox.ac.uk/publications/2030308,,,Nat Metab,Journal article,,,,,,,1,1,[],{},staff_recent_publications_json
252,Maria Kakkoura,A5057217667,https://openalex.org/A5057217667,Maria Kakkoura,0.9,high,local:3a18839b8132b3f3,Meat consumption and incident type 2 diabetes: an individual-participant federated meta-analysis of 1·97 million adults with 100 000 incident cases from 31 cohorts in 20 countries.,2024.0,2024-01-01,Maria Kakkoura,,,high,0.88,Bundled staff-profile publication; high person-level OpenAlex match; publication has DOI or year evidence.,,,,,,Journal article,0,,,,,https://www.ndph.ox.ac.uk/publications/2023317,,,Lancet Diabetes Endocrinol,Journal article,,,,,,,1,1,[],{},staff_recent_publications_json
252,Maria Kakkoura,A5057217667,https://openalex.org/A5057217667,Maria Kakkoura,0.9,high,local:b965869256f66278,Methods and participant characteristics in the Cancer Risk in Vegetarians Consortium: a cross-sectional analysis across 11 prospective studies.,2024.0,2024-01-01,Maria Kakkoura,,,high,0.88,Bundled staff-profile publication; high person-level OpenAlex match; publication has DOI or year evidence.,,,,,,Journal article,0,,,,,https://www.ndph.ox.ac.uk/publications/2019829,,,BMC Public Health,Journal article,,,,,,,1,1,[],{},staff_recent_publications_json
252,Maria Kakkoura,A5057217667,https://openalex.org/A5057217667,Maria Kakkoura,0.9,high,local:c1018c3b249c449e,Methods and participant characteristics in the Cancer Risk in Vegetarians Consortium: A cross-sectional analysis across 11 prospective studies,2024.0,2024-01-01,Maria Kakkoura,,,high,0.88,Bundled staff-profile publication; high person-level OpenAlex match; publication has DOI or year evidence.,,,,,,Journal article,0,,,,,https://www.ndph.ox.ac.uk/publications/1604079,,,,Journal article,,,,,,,1,1,[],{},staff_recent_publications_json
253,Konstantinos Kamnitsas,A5001104721,https://openalex.org/A5001104721,Konstantinos Kamnitsas,0.9,high,local:ef913e3d10cd30db,Incongruent Multimodal Federated Learning for Medical Vision and Language-based Multi-label Disease Detection,2025.0,2025-01-01,Konstantinos Kamnitsas,,,high,0.88,Bundled staff-profile publication; high person-level OpenAlex match; publication has DOI or year evidence.,,,,,,Journal article,0,,,,,https://www.ndph.ox.ac.uk/publications/2119803,,,Proceedings of the AAAI Conference on Artificial Intelligence,Journal article,,,,,,,1,1,[],{},staff_recent_publications_json
253,Konstantinos Kamnitsas,A5001104721,https://openalex.org/A5001104721,Konstantinos Kamnitsas,0.9,high,local:68b7cb053fa8845e,Radiomics for Treatment Planning in Liver Cancers.,2025.0,2025-01-01,Konstantinos Kamnitsas,,,high,0.88,Bundled staff-profile publication; high person-level OpenAlex match; publication has DOI or year evidence.,,,,,,Journal article,0,,,,,https://www.ndph.ox.ac.uk/publications/2092883,,,JAMA Surg,Journal article,,,,,,,1,1,[],{},staff_recent_publications_json
253,Konstantinos Kamnitsas,A5001104721,https://openalex.org/A5001104721,Konstantinos Kamnitsas,0.9,high,local:b341e64a5b9fa57e,As Firm As Their Foundations: Can open-sourced foundation models be used to create adversarial examples for downstream tasks,2025.0,2025-01-01,Konstantinos Kamnitsas,,,high,0.88,Bundled staff-profile publication; high person-level OpenAlex match; publication has DOI or year evidence.,,,,,,Conference paper,0,,,,,https://www.ndph.ox.ac.uk/publications/2077043,,,,Conference paper,,,,,,,1,1,[],{},staff_recent_publications_json
253,Konstantinos Kamnitsas,A5001104721,https://openalex.org/A5001104721,Konstantinos Kamnitsas,0.9,high,local:4a4a700330e30dad,Evaluating Reliability in Medical DNNs: A Critical Analysis of Feature and Confidence-Based OOD Detection,2025.0,2025-01-01,Konstantinos Kamnitsas,,,high,0.88,Bundled staff-profile publication; high person-level OpenAlex match; publication has DOI or year evidence.,,,,,,Chapter,0,,,,,https://www.ndph.ox.ac.uk/publications/2038111,,,Lecture Notes in Computer Science,Chapter,,,,,,,1,1,[],{},staff_recent_publications_json
253,Konstantinos Kamnitsas,A5001104721,https://openalex.org/A5001104721,Konstantinos Kamnitsas,0.9,high,local:d0b7a1754188c13a,Feasibility of Federated Learning from Client Databases with Different Brain Diseases and MRI Modalities,2025.0,2025-01-01,Konstantinos Kamnitsas,,,high,0.88,Bundled staff-profile publication; high person-level OpenAlex match; publication has DOI or year evidence.,,,,,,Conference paper,0,,,,,https://www.ndph.ox.ac.uk/publications/2118110,,,Proceedings - 2025 IEEE Winter Conference on Applications of Computer Vision,Conference paper,,,,,,,1,1,[],{},staff_recent_publications_json
255,Waseem Karsan,A5093411657,https://openalex.org/A5093411657,Waseem Karsan,0.72,medium,local:7da624647745ff73,Diabetic Retinopathy and Quality of Life: A Systematic Review and Meta-Analysis.,2024.0,2024-01-01,Waseem Karsan,,,medium,0.7,Bundled staff-profile publication; person-level match is credible but paper-level OpenAlex affiliation evidence is not available in the snapshot cache.,,,,,,Journal article,0,,,,,https://www.ndph.ox.ac.uk/publications/1582319,,,JAMA Ophthalmol,Journal article,,,,,,,1,1,[],{},staff_recent_publications_json
256,Christiana Kartsonaki,A5057077932,https://openalex.org/A5057077932,Christiana Kartsonaki,0.9,high,local:5b7c8e25019b49e3,Patterns and correlates of visual impairment and ocular hypertension among older adults in the general Chinese population: results from the CKB Biobank.,2025.0,2025-01-01,Christiana Kartsonaki,,,high,0.88,Bundled staff-profile publication; high person-level OpenAlex match; publication has DOI or year evidence.,,,,,,Journal article,0,,,,,https://www.ndph.ox.ac.uk/publications/2283151,,,Br J Ophthalmol,Journal article,,,,,,,1,1,[],{},staff_recent_publications_json
256,Christiana Kartsonaki,A5057077932,https://openalex.org/A5057077932,Christiana Kartsonaki,0.9,high,local:bb71d7ed3e3dab14,Calibrating multiplex serology for Helicobacter pylori.,2025.0,2025-01-01,Christiana Kartsonaki,,,high,0.88,Bundled staff-profile publication; high person-level OpenAlex match; publication has DOI or year evidence.,,,,,,Journal article,0,,,,,https://www.ndph.ox.ac.uk/publications/2280488,,,Diagn Progn Res,Journal article,,,,,,,1,1,[],{},staff_recent_publications_json
256,Christiana Kartsonaki,A5057077932,https://openalex.org/A5057077932,Christiana Kartsonaki,0.9,high,local:6e03f02ba41bfd01,GDF15 and its receptors as pathways mediating smoking related weight change.,2025.0,2025-01-01,Christiana Kartsonaki,,,high,0.88,Bundled staff-profile publication; high person-level OpenAlex match; publication has DOI or year evidence.,,,,,,Journal article,0,,,,,https://www.ndph.ox.ac.uk/publications/2128942,,,EBioMedicine,Journal article,,,,,,,1,1,[],{},staff_recent_publications_json
256,Christiana Kartsonaki,A5057077932,https://openalex.org/A5057077932,Christiana Kartsonaki,0.9,high,local:a00d714c86aa69f6,Association of greenness with incidence of cardiovascular disease in China: Evidence from the China Kadoorie Biobank prospective cohort study with 0.5 million adults,2025.0,2025-01-01,Christiana Kartsonaki,,,high,0.88,Bundled staff-profile publication; high person-level OpenAlex match; publication has DOI or year evidence.,,,,,,Journal article,0,,,,,https://www.ndph.ox.ac.uk/publications/2120181,,,Eco-Environment and Health,Journal article,,,,,,,1,1,[],{},staff_recent_publications_json
256,Christiana Kartsonaki,A5057077932,https://openalex.org/A5057077932,Christiana Kartsonaki,0.9,high,local:ea289e92bdd44b10,Proteome-Wide Genetic Study in East Asians and Europeans Identified Multiple Therapeutic Targets for Ischemic Stroke.,2025.0,2025-01-01,Christiana Kartsonaki,,,high,0.88,Bundled staff-profile publication; high person-level OpenAlex match; publication has DOI or year evidence.,,,,,,Journal article,0,,,,,https://www.ndph.ox.ac.uk/publications/2120784,,,Stroke,Journal article,,,,,,,1,1,[],{},staff_recent_publications_json
258,Angeliki Kerasidou,A5010025118,https://openalex.org/A5010025118,Angeliki Kerasidou,0.9,high,local:4d23824c2ee99329,Human-Like Epistemic Trust? A Conceptual and Normative Analysis of Conversational AI in Mental Healthcare.,2025.0,2025-01-01,Angeliki Kerasidou,,,high,0.88,Bundled staff-profile publication; high person-level OpenAlex match; publication has DOI or year evidence.,,,,,,Journal article,0,,,,,https://www.ndph.ox.ac.uk/publications/2252739,,,Am J Bioeth,Journal article,,,,,,,1,1,[],{},staff_recent_publications_json
258,Angeliki Kerasidou,A5010025118,https://openalex.org/A5010025118,Angeliki Kerasidou,0.9,high,local:2d869ed39ebad2d3,The value of large-scale programmes in human genomics.,2025.0,2025-01-01,Angeliki Kerasidou,,,high,0.88,Bundled staff-profile publication; high person-level OpenAlex match; publication has DOI or year evidence.,,,,,,Journal article,0,,,,,https://www.ndph.ox.ac.uk/publications/2117295,,,Eur J Hum Genet,Journal article,,,,,,,1,1,[],{},staff_recent_publications_json
258,Angeliki Kerasidou,A5010025118,https://openalex.org/A5010025118,Angeliki Kerasidou,0.9,high,local:6c6da0a5da2e34c4,Global Health in the Age of AI: Charting a Course for Ethical Implementation and Societal Benefit,2025.0,2025-01-01,Angeliki Kerasidou,,,high,0.88,Bundled staff-profile publication; high person-level OpenAlex match; publication has DOI or year evidence.,,,,,,Journal article,0,,,,,https://www.ndph.ox.ac.uk/publications/2243757,,,MINDS AND MACHINES,Journal article,,,,,,,1,1,[],{},staff_recent_publications_json
258,Angeliki Kerasidou,A5010025118,https://openalex.org/A5010025118,Angeliki Kerasidou,0.9,high,local:07a3a2c070800b2c,Ethical and social implications of public-private partnerships in the context of genomic/big health data collection.,2024.0,2024-01-01,Angeliki Kerasidou,,,high,0.88,Bundled staff-profile publication; high person-level OpenAlex match; publication has DOI or year evidence.,,,,,,Journal article,0,,,,,https://www.ndph.ox.ac.uk/publications/1990409,,,Eur J Hum Genet,Journal article,,,,,,,1,1,[],{},staff_recent_publications_json
258,Angeliki Kerasidou,A5010025118,https://openalex.org/A5010025118,Angeliki Kerasidou,0.9,high,local:0f2dbd611a622029,Overcoming barriers to single-cell RNA sequencing adoption in low- and middle-income countries.,2024.0,2024-01-01,Angeliki Kerasidou,,,high,0.88,Bundled staff-profile publication; high person-level OpenAlex match; publication has DOI or year evidence.,,,,,,Journal article,0,,,,,https://www.ndph.ox.ac.uk/publications/1987716,,,Eur J Hum Genet,Journal article,,,,,,,1,1,[],{},staff_recent_publications_json
259,Charalampia Kerasidou,A5090730909,https://openalex.org/A5090730909,Charalampia Kerasidou,0.9,high,local:8733b2b07fef68ca,"Data-driven research and healthcare: public trust, data governance and the NHS.",2023.0,2023-01-01,Charalampia Kerasidou,,,high,0.88,Bundled staff-profile publication; high person-level OpenAlex match; publication has DOI or year evidence.,,,,,,Journal article,0,,,,,https://www.ndph.ox.ac.uk/publications/1493930,,,BMC Med Ethics,Journal article,,,,,,,1,1,[],{},staff_recent_publications_json
259,Charalampia Kerasidou,A5090730909,https://openalex.org/A5090730909,Charalampia Kerasidou,0.9,high,local:2e6216999ce47e25,Before and beyond trust: reliance in medical AI.,2022.0,2022-01-01,Charalampia Kerasidou,,,high,0.88,Bundled staff-profile publication; high person-level OpenAlex match; publication has DOI or year evidence.,,,,,,Journal article,0,,,,,https://www.ndph.ox.ac.uk/publications/1192580,,,J Med Ethics,Journal article,,,,,,,1,1,[],{},staff_recent_publications_json
260,Amanda Kerr,A5102889093,https://openalex.org/A5102889093,Amanda Kerr,0.9,high,local:8f07fa102b207215,Adjuvant and neoadjuvant breast cancer treatments: A systematic review of their effects on mortality.,2022.0,2022-01-01,Amanda Kerr,,,high,0.88,Bundled staff-profile publication; high person-level OpenAlex match; publication has DOI or year evidence.,,,,,,Journal article,0,,,,,https://www.ndph.ox.ac.uk/publications/1243978,,,Cancer Treat Rev,Journal article,,,,,,,1,1,[],{},staff_recent_publications_json
260,Amanda Kerr,A5102889093,https://openalex.org/A5102889093,Amanda Kerr,0.9,high,local:25cfeec247c7f014,Exposure of the oesophagus in breast cancer radiotherapy: A systematic review of oesophagus doses published 2010-2020.,2021.0,2021-01-01,Amanda Kerr,,,high,0.88,Bundled staff-profile publication; high person-level OpenAlex match; publication has DOI or year evidence.,,,,,,Journal article,0,,,,,https://www.ndph.ox.ac.uk/publications/1200164,,,Radiother Oncol,Journal article,,,,,,,1,1,[],{},staff_recent_publications_json
261,Ayisha Khalid,A5090280900,https://openalex.org/A5090280900,Ayisha Khalid,0.45,low,local:26b372a4d38f9009,"Human echinococcosis incidence in Canada: A retrospective descriptive study using administrative hospital and ambulatory visit data, 2000-2020.",2024.0,2024-01-01,Ayisha Khalid,,,low,0.48,Bundled staff-profile publication with weak or missing person/paper evidence.,,,,,,Journal article,0,,,,,https://www.ndph.ox.ac.uk/publications/2041690,,,Can Commun Dis Rep,Journal article,,,,,,,1,1,[],{},staff_recent_publications_json
261,Ayisha Khalid,A5090280900,https://openalex.org/A5090280900,Ayisha Khalid,0.45,low,local:e8ae009f356e3f10,The Effect of School-Based Physical Activity Interventions on Body Mass Index Among ‎Adolescents: A Systematic Review of Randomised Trials,2024.0,2024-01-01,Ayisha Khalid,,,low,0.48,Bundled staff-profile publication with weak or missing person/paper evidence.,,,,,,Journal article,0,,,,,https://www.ndph.ox.ac.uk/publications/2041687,,,University of Toronto Journal of Public Health,Journal article,,,,,,,1,1,[],{},staff_recent_publications_json
261,Ayisha Khalid,A5090280900,https://openalex.org/A5090280900,Ayisha Khalid,0.45,low,local:60d9ac41299ca05d,2023/24 mid-season influenza and Omicron XBB.1.5 vaccine effectiveness estimates from the Canadian Sentinel Practitioner Surveillance Network (SPSN).,2024.0,2024-01-01,Ayisha Khalid,,,low,0.48,Bundled staff-profile publication with weak or missing person/paper evidence.,,,,,,Journal article,0,,,,,https://www.ndph.ox.ac.uk/publications/2041793,,,Euro Surveill,Journal article,,,,,,,1,1,[],{},staff_recent_publications_json
261,Ayisha Khalid,A5090280900,https://openalex.org/A5090280900,Ayisha Khalid,0.45,low,local:53f9b89e4f35ac21,"""It's not just about you"": International students' vulnerabilities and capacities during the first phase of the COVID-19 pandemic in Canada.",2024.0,2024-01-01,Ayisha Khalid,,,low,0.48,Bundled staff-profile publication with weak or missing person/paper evidence.,,,,,,Journal article,0,,,,,https://www.ndph.ox.ac.uk/publications/2041684,,,PLoS One,Journal article,,,,,,,1,1,[],{},staff_recent_publications_json
261,Ayisha Khalid,A5090280900,https://openalex.org/A5090280900,Ayisha Khalid,0.45,low,local:896998bce3f53012,Implementation Science Perspectives on Implementing Telemedicine Interventions for Hypertension or Diabetes Management: Scoping Review.,2023.0,2023-01-01,Ayisha Khalid,,,low,0.48,Bundled staff-profile publication with weak or missing person/paper evidence.,,,,,,Journal article,0,,,,,https://www.ndph.ox.ac.uk/publications/2041689,,,J Med Internet Res,Journal article,,,,,,,1,1,[],{},staff_recent_publications_json
262,Maira Khan,A5014939234,https://openalex.org/A5014939234,Maira Khan,0.72,medium,local:47a8fcd0d39ac449,Sex differences in cancer incidence: prospective analyses in the UK Biobank.,2025.0,2025-01-01,Maira Khan,,,medium,0.7,Bundled staff-profile publication; person-level match is credible but paper-level OpenAlex affiliation evidence is not available in the snapshot cache.,,,,,,Journal article,0,,,,,https://www.ndph.ox.ac.uk/publications/2123279,,,Br J Cancer,Journal article,,,,,,,1,1,[],{},staff_recent_publications_json
264,Dani Kim,A5016868585,https://openalex.org/A5016868585,Dani Kim,0.72,medium,local:6ee97bba7d177cce,Health service use by patients with heart failure living in a community setting: a cross-sectional analysis in North West London,2020.0,2020-01-01,Dani Kim,,,medium,0.7,Bundled staff-profile publication; person-level match is credible but paper-level OpenAlex affiliation evidence is not available in the snapshot cache.,,,,,,Journal article,0,,,,,https://www.ndph.ox.ac.uk/publications/1210466,,,British Journal of General Practice,Journal article,,,,,,,1,1,[],{},staff_recent_publications_json
264,Dani Kim,A5016868585,https://openalex.org/A5016868585,Dani Kim,0.72,medium,local:a6dafbfdbf0b47a2,"Health service use by community-dwelling patients with heart failure in northwest London, 2015–18: a retrospective cohort analysis",2019.0,2019-01-01,Dani Kim,,,medium,0.7,Bundled staff-profile publication; person-level match is credible but paper-level OpenAlex affiliation evidence is not available in the snapshot cache.,,,,,,Journal article,0,,,,,https://www.ndph.ox.ac.uk/publications/1210473,,,The Lancet,Journal article,,,,,,,1,1,[],{},staff_recent_publications_json
264,Dani Kim,A5016868585,https://openalex.org/A5016868585,Dani Kim,0.72,medium,local:cd4fe3037ac4c1ec,Route to heart failure diagnosis in English primary care: a retrospective cohort study of variation,2019.0,2019-01-01,Dani Kim,,,medium,0.7,Bundled staff-profile publication; person-level match is credible but paper-level OpenAlex affiliation evidence is not available in the snapshot cache.,,,,,,Journal article,0,,,,,https://www.ndph.ox.ac.uk/publications/1210467,,,British Journal of General Practice,Journal article,,,,,,,1,1,[],{},staff_recent_publications_json
264,Dani Kim,A5016868585,https://openalex.org/A5016868585,Dani Kim,0.72,medium,local:86daa4e924f8bb9c,Adherence to guidelines in management of symptoms suggestive of heart failure in primary care,2019.0,2019-01-01,Dani Kim,,,medium,0.7,Bundled staff-profile publication; person-level match is credible but paper-level OpenAlex affiliation evidence is not available in the snapshot cache.,,,,,,Journal article,0,,,,,https://www.ndph.ox.ac.uk/publications/1210470,,,Heart,Journal article,,,,,,,1,1,[],{},staff_recent_publications_json
264,Dani Kim,A5016868585,https://openalex.org/A5016868585,Dani Kim,0.72,medium,local:724e8a1882fb323f,Frailty and co-morbidity predict first hospitalisation after heart failure diagnosis in primary care: population-based observational study in England,2019.0,2019-01-01,Dani Kim,,,medium,0.7,Bundled staff-profile publication; person-level match is credible but paper-level OpenAlex affiliation evidence is not available in the snapshot cache.,,,,,,Journal article,0,,,,,https://www.ndph.ox.ac.uk/publications/1210472,,,Age and Ageing,Journal article,,,,,,,1,1,[],{},staff_recent_publications_json
265,Hyung Chul Kim,A5018593018,https://openalex.org/A5018593018,Hyung Chul Kim,0.72,medium,local:970e44961b650189,De novo variants in the non-coding spliceosomal snRNA gene RNU4-2 are a frequent cause of syndromic neurodevelopmental disorders,2024.0,2024-01-01,Hyung Chul Kim,,,medium,0.7,Bundled staff-profile publication; person-level match is credible but paper-level OpenAlex affiliation evidence is not available in the snapshot cache.,,,,,,Conference paper,0,,,,,https://www.ndph.ox.ac.uk/publications/2102507,,,EUROPEAN JOURNAL OF HUMAN GENETICS,Conference paper,,,,,,,1,1,[],{},staff_recent_publications_json
267,Andy King,A5033570737,https://openalex.org/A5033570737,Andy King,0.9,high,local:a62bbd8254d96e01,Parent and practitioner experiences of opt-out consent in neonatal intensive care: a mixed methods study within a trial,2025.0,2025-01-01,Andy King,,,high,0.88,Bundled staff-profile publication; high person-level OpenAlex match; publication has DOI or year evidence.,,,,,,Journal article,0,,,,,https://www.ndph.ox.ac.uk/publications/2285409,,,Archives of Disease in Childhood - Fetal and Neonatal Edition,Journal article,,,,,,,1,1,[],{},staff_recent_publications_json
267,Andy King,A5033570737,https://openalex.org/A5033570737,Andy King,0.9,high,local:9b525ef6b32a390f,"Higher dose corticosteroids in hospitalised COVID-19 patients requiring ventilatory support (RECOVERY): a randomised, controlled, open-label, platform trial.",2025.0,2025-01-01,Andy King,,,high,0.88,Bundled staff-profile publication; high person-level OpenAlex match; publication has DOI or year evidence.,,,,,,Journal article,0,,,,,https://www.ndph.ox.ac.uk/publications/2078464,,,EClinicalMedicine,Journal article,,,,,,,1,1,[],{},staff_recent_publications_json
267,Andy King,A5033570737,https://openalex.org/A5033570737,Andy King,0.9,high,local:954b548b677be1be,Techniques to increase lumbar puncture success in newborn babies: the NeoCLEAR RCT.,2023.0,2023-01-01,Andy King,,,high,0.88,Bundled staff-profile publication; high person-level OpenAlex match; publication has DOI or year evidence.,,,,,,Journal article,0,,,,,https://www.ndph.ox.ac.uk/publications/1591751,,,Health Technol Assess,Journal article,,,,,,,1,1,[],{},staff_recent_publications_json
267,Andy King,A5033570737,https://openalex.org/A5033570737,Andy King,0.9,high,local:f7f9dd875400bcbd,2% chlorhexidine gluconate aqueous versus 2% chlorhexidine gluconate in 70% isopropyl alcohol for skin disinfection prior to percutaneous central venous catheterisation: the ARCTIC randomised controlled feasibility trial.,2023.0,2023-01-01,Andy King,,,high,0.88,Bundled staff-profile publication; high person-level OpenAlex match; publication has DOI or year evidence.,,,,,,Journal article,0,,,,,https://www.ndph.ox.ac.uk/publications/1561604,,,Arch Dis Child Fetal Neonatal Ed,Journal article,,,,,,,1,1,[],{},staff_recent_publications_json
267,Andy King,A5033570737,https://openalex.org/A5033570737,Andy King,0.9,high,local:7d3ba5eef1eb0366,Frenotomy with breastfeeding support versus breastfeeding support alone for infants with tongue-tie and breastfeeding difficulties: the FROSTTIE RCT.,2023.0,2023-01-01,Andy King,,,high,0.88,Bundled staff-profile publication; high person-level OpenAlex match; publication has DOI or year evidence.,,,,,,Journal article,0,,,,,https://www.ndph.ox.ac.uk/publications/1521745,,,Health Technol Assess,Journal article,,,,,,,1,1,[],{},staff_recent_publications_json
268,Patricia Kingori,A5030558619,https://openalex.org/A5030558619,Patricia Kingori,0.9,high,local:427c3f8fe25eb99b,Life from death: ethical implications of uterus transplantation from deceased donors in global health.,2025.0,2025-01-01,Patricia Kingori,,,high,0.88,Bundled staff-profile publication; high person-level OpenAlex match; publication has DOI or year evidence.,,,,,,Journal article,0,,,,,https://www.ndph.ox.ac.uk/publications/2131426,,,BMJ Glob Health,Journal article,,,,,,,1,1,[],{},staff_recent_publications_json
268,Patricia Kingori,A5030558619,https://openalex.org/A5030558619,Patricia Kingori,0.9,high,local:28db8993976efc06,The dramaturgy of a health emergency: Women’s lived experiences of the Zika epidemic in Brazil,2025.0,2025-01-01,Patricia Kingori,,,high,0.88,Bundled staff-profile publication; high person-level OpenAlex match; publication has DOI or year evidence.,,,,,,Journal article,0,,,,,https://www.ndph.ox.ac.uk/publications/2093541,,,Revista Ciência & Saúde Coletiva,Journal article,,,,,,,1,1,[],{},staff_recent_publications_json
268,Patricia Kingori,A5030558619,https://openalex.org/A5030558619,Patricia Kingori,0.9,high,local:a8b918d67aa50f11,Artificial intelligence for modelling infectious disease epidemics.,2025.0,2025-01-01,Patricia Kingori,,,high,0.88,Bundled staff-profile publication; high person-level OpenAlex match; publication has DOI or year evidence.,,,,,,Journal article,0,,,,,https://www.ndph.ox.ac.uk/publications/2091043,,,Nature,Journal article,,,,,,,1,1,[],{},staff_recent_publications_json
268,Patricia Kingori,A5030558619,https://openalex.org/A5030558619,Patricia Kingori,0.9,high,local:20a939747c7635cd,"The end, and what comes after.",2025.0,2025-01-01,Patricia Kingori,,,high,0.88,Bundled staff-profile publication; high person-level OpenAlex match; publication has DOI or year evidence.,,,,,,Journal article,0,,,,,https://www.ndph.ox.ac.uk/publications/2080512,,,Lancet,Journal article,,,,,,,1,1,[],{},staff_recent_publications_json
268,Patricia Kingori,A5030558619,https://openalex.org/A5030558619,Patricia Kingori,0.9,high,local:98ebbebb0f3e0c07,Additional lessons to prepare for rapid research response to possible vertical transmission of Oropouche virus in Brazil.,2025.0,2025-01-01,Patricia Kingori,,,high,0.88,Bundled staff-profile publication; high person-level OpenAlex match; publication has DOI or year evidence.,,,,,,Journal article,0,,,,,https://www.ndph.ox.ac.uk/publications/2069115,,,Lancet Infect Dis,Journal article,,,,,,,1,1,[],{},staff_recent_publications_json
272,Marian Knight,A5066267283,https://openalex.org/A5066267283,Marian Knight,0.9,high,local:7340bc89eded548b,"Sotrovimab versus usual care in patients admitted to hospital with COVID-19 (RECOVERY): a randomised, controlled, open-label, platform trial.",2026.0,2026-01-01,Marian Knight,,,high,0.88,Bundled staff-profile publication; high person-level OpenAlex match; publication has DOI or year evidence.,,,,,,Journal article,0,,,,,https://www.ndph.ox.ac.uk/publications/2127471,,,Lancet Infect Dis,Journal article,,,,,,,1,1,[],{},staff_recent_publications_json
272,Marian Knight,A5066267283,https://openalex.org/A5066267283,Marian Knight,0.9,high,local:a261d1f80781aae1,Ethnic Disparities in Severe Maternal Morbidity and the Contribution of Deprivation: A Population-Based Causal Analysis.,2025.0,2025-01-01,Marian Knight,,,high,0.88,Bundled staff-profile publication; high person-level OpenAlex match; publication has DOI or year evidence.,,,,,,Journal article,0,,,,,https://www.ndph.ox.ac.uk/publications/2128188,,,BJOG,Journal article,,,,,,,1,1,[],{},staff_recent_publications_json
272,Marian Knight,A5066267283,https://openalex.org/A5066267283,Marian Knight,0.9,high,local:ea6b1513f412b532,"Saving Lives, Improving Mothers’ Care: Lessons learned to inform maternity care from the UK and Ireland Confidential Enquiries into Maternal Deaths and Morbidity 2021-23",2025.0,2025-01-01,Marian Knight,,,high,0.88,Bundled staff-profile publication; high person-level OpenAlex match; publication has DOI or year evidence.,,,,,,Report,0,,,,,https://www.ndph.ox.ac.uk/publications/2276860,,,,Report,,,,,,,1,1,[],{},staff_recent_publications_json
272,Marian Knight,A5066267283,https://openalex.org/A5066267283,Marian Knight,0.9,high,local:534fbe870a1cf7ea,"Molnupiravir or nirmatrelvir-ritonavir plus usual care versus usual care alone in patients admitted to hospital with COVID-19 (RECOVERY): a randomised, controlled, open-label, platform trial.",2025.0,2025-01-01,Marian Knight,,,high,0.88,Bundled staff-profile publication; high person-level OpenAlex match; publication has DOI or year evidence.,,,,,,Journal article,0,,,,,https://www.ndph.ox.ac.uk/publications/2123601,,,Lancet Infect Dis,Journal article,,,,,,,1,1,[],{},staff_recent_publications_json
272,Marian Knight,A5066267283,https://openalex.org/A5066267283,Marian Knight,0.9,high,local:e309eb43c62648f3,Facilitators and barriers to the implementation of maternal and perinatal death surveillance and response in Ethiopia: a systematic review.,2025.0,2025-01-01,Marian Knight,,,high,0.88,Bundled staff-profile publication; high person-level OpenAlex match; publication has DOI or year evidence.,,,,,,Journal article,0,,,,,https://www.ndph.ox.ac.uk/publications/2284527,,,Reprod Health,Journal article,,,,,,,1,1,[],{},staff_recent_publications_json
273,Rositsa Koleva-Kolarova,A5051067822,https://openalex.org/A5051067822,Rositsa Koleva-Kolarova,0.9,high,local:3b274ae3d1079810,"Roux-en-Y gastric bypass, adjustable gastric banding, or sleeve gastrectomy for severe obesity (By-Band-Sleeve): a multicentre, open label, three-group, randomised controlled trial.",2025.0,2025-01-01,Rositsa Koleva-Kolarova,,,high,0.88,Bundled staff-profile publication; high person-level OpenAlex match; publication has DOI or year evidence.,,,,,,Journal article,0,,,,,https://www.ndph.ox.ac.uk/publications/2081437,,,Lancet Diabetes Endocrinol,Journal article,,,,,,,1,1,[],{},staff_recent_publications_json
273,Rositsa Koleva-Kolarova,A5051067822,https://openalex.org/A5051067822,Rositsa Koleva-Kolarova,0.9,high,local:1be96f559dfb393c,Genetic-Guided Pharmacotherapy for Coronary Artery Disease: A Systematic and Critical Review of Economic Evaluations.,2024.0,2024-01-01,Rositsa Koleva-Kolarova,,,high,0.88,Bundled staff-profile publication; high person-level OpenAlex match; publication has DOI or year evidence.,,,,,,Journal article,0,,,,,https://www.ndph.ox.ac.uk/publications/1689052,,,J Am Heart Assoc,Journal article,,,,,,,1,1,[],{},staff_recent_publications_json
273,Rositsa Koleva-Kolarova,A5051067822,https://openalex.org/A5051067822,Rositsa Koleva-Kolarova,0.9,high,local:f24b558533429fcf,A protocol for mobilising novel finance models for collaborative health promotion and disease prevention initiatives: taking a smart capacitating investment approach in the Invest4Health project.,2024.0,2024-01-01,Rositsa Koleva-Kolarova,,,high,0.88,Bundled staff-profile publication; high person-level OpenAlex match; publication has DOI or year evidence.,,,,,,Journal article,0,,,,,https://www.ndph.ox.ac.uk/publications/2082746,,,Front Public Health,Journal article,,,,,,,1,1,[],{},staff_recent_publications_json
273,Rositsa Koleva-Kolarova,A5051067822,https://openalex.org/A5051067822,Rositsa Koleva-Kolarova,0.9,high,local:9f6e415230877b9d,Cost-effectiveness of genetic-based screening strategies for maturity-onset diabetes of the young.,2023.0,2023-01-01,Rositsa Koleva-Kolarova,,,high,0.88,Bundled staff-profile publication; high person-level OpenAlex match; publication has DOI or year evidence.,,,,,,Journal article,0,,,,,https://www.ndph.ox.ac.uk/publications/1526172,,,Per Med,Journal article,,,,,,,1,1,[],{},staff_recent_publications_json
273,Rositsa Koleva-Kolarova,A5051067822,https://openalex.org/A5051067822,Rositsa Koleva-Kolarova,0.9,high,local:4627827febe4e8cb,Lessons learned from the application of the HEcoPerMed guidance to three modeling case studies.,2023.0,2023-01-01,Rositsa Koleva-Kolarova,,,high,0.88,Bundled staff-profile publication; high person-level OpenAlex match; publication has DOI or year evidence.,,,,,,Journal article,0,,,,,https://www.ndph.ox.ac.uk/publications/1526173,,,Per Med,Journal article,,,,,,,1,1,[],{},staff_recent_publications_json
274,Augustine Kong,A5072041322,https://openalex.org/A5072041322,Augustine Kong,0.9,high,local:9dcd2af7af5a3c8b,Studying the genetics of participation using footprints left on the ascertained genotypes.,2023.0,2023-01-01,Augustine Kong,,,high,0.88,Bundled staff-profile publication; high person-level OpenAlex match; publication has DOI or year evidence.,,,,,,Journal article,0,,,,,https://www.ndph.ox.ac.uk/publications/1494079,,,Nat Genet,Journal article,,,,,,,1,1,[],{},staff_recent_publications_json
274,Augustine Kong,A5072041322,https://openalex.org/A5072041322,Augustine Kong,0.9,high,local:16a90ebc3a5bae2f,Mendelian imputation of parental genotypes improves estimates of direct genetic effects.,2022.0,2022-01-01,Augustine Kong,,,high,0.88,Bundled staff-profile publication; high person-level OpenAlex match; publication has DOI or year evidence.,,,,,,Journal article,0,,,,,https://www.ndph.ox.ac.uk/publications/1263355,,,Nat Genet,Journal article,,,,,,,1,1,[],{},staff_recent_publications_json
274,Augustine Kong,A5072041322,https://openalex.org/A5072041322,Augustine Kong,0.9,high,local:0865575db65a8aa2,Deconstructing the sources of genotype-phenotype associations in humans.,2019.0,2019-01-01,Augustine Kong,,,high,0.88,Bundled staff-profile publication; high person-level OpenAlex match; publication has DOI or year evidence.,,,,,,Journal article,0,,,,,https://www.ndph.ox.ac.uk/publications/1061114,,,Science,Journal article,,,,,,,1,1,[],{},staff_recent_publications_json
274,Augustine Kong,A5072041322,https://openalex.org/A5072041322,Augustine Kong,0.9,high,local:71e44fcee8114bd7,Multiple transmissions of de novo mutations in families.,2018.0,2018-01-01,Augustine Kong,,,high,0.88,Bundled staff-profile publication; high person-level OpenAlex match; publication has DOI or year evidence.,,,,,,Journal article,0,,,,,https://www.ndph.ox.ac.uk/publications/987017,,,Nat Genet,Journal article,,,,,,,1,1,[],{},staff_recent_publications_json
274,Augustine Kong,A5072041322,https://openalex.org/A5072041322,Augustine Kong,0.9,high,local:ae6388532c8409aa,Relatedness disequilibrium regression estimates heritability without environmental bias.,2018.0,2018-01-01,Augustine Kong,,,high,0.88,Bundled staff-profile publication; high person-level OpenAlex match; publication has DOI or year evidence.,,,,,,Journal article,0,,,,,https://www.ndph.ox.ac.uk/publications/909305,,,Nat Genet,Journal article,,,,,,,1,1,[],{},staff_recent_publications_json
276,Jenny Kurinczuk,A5112682416,https://openalex.org/A5112682416,Jenny Kurinczuk,0.9,high,local:9f2f4d690229cd20,Facilitators and barriers to implementing and sustaining facility-based stillbirth reviews in India: a qualitative study.,2025.0,2025-01-01,Jenny Kurinczuk,,,high,0.88,Bundled staff-profile publication; high person-level OpenAlex match; publication has DOI or year evidence.,,,,,,Journal article,0,,,,,https://www.ndph.ox.ac.uk/publications/2277400,,,BMC Pregnancy Childbirth,Journal article,,,,,,,1,1,[],{},staff_recent_publications_json
276,Jenny Kurinczuk,A5112682416,https://openalex.org/A5112682416,Jenny Kurinczuk,0.9,high,local:c26fb986117b71ab,"""Is she pregnant with Jesus?"" exploring sociocultural obstacles to following medical advice in the context of stillbirth prevention in Nigeria.",2025.0,2025-01-01,Jenny Kurinczuk,,,high,0.88,Bundled staff-profile publication; high person-level OpenAlex match; publication has DOI or year evidence.,,,,,,Journal article,0,,,,,https://www.ndph.ox.ac.uk/publications/2126000,,,BMC Pregnancy Childbirth,Journal article,,,,,,,1,1,[],{},staff_recent_publications_json
276,Jenny Kurinczuk,A5112682416,https://openalex.org/A5112682416,Jenny Kurinczuk,0.9,high,local:8bd9e755201121a6,"Associations between postpartum haemorrhage, postnatal mental health and longer term mental illness: a record-linked cohort study",2025.0,2025-01-01,Jenny Kurinczuk,,,high,0.88,Bundled staff-profile publication; high person-level OpenAlex match; publication has DOI or year evidence.,,,,,,Journal article,0,,,,,https://www.ndph.ox.ac.uk/publications/2102072,,,Journal of Reproductive and Infant Psychology,Journal article,,,,,,,1,1,[],{},staff_recent_publications_json
276,Jenny Kurinczuk,A5112682416,https://openalex.org/A5112682416,Jenny Kurinczuk,0.9,high,local:86ca6f3722c9e85b,Pre-pregnancy care in general practice in England: cross-sectional observational study using administrative routine health data.,2025.0,2025-01-01,Jenny Kurinczuk,,,high,0.88,Bundled staff-profile publication; high person-level OpenAlex match; publication has DOI or year evidence.,,,,,,Journal article,0,,,,,https://www.ndph.ox.ac.uk/publications/2092809,,,BMC Public Health,Journal article,,,,,,,1,1,[],{},staff_recent_publications_json
276,Jenny Kurinczuk,A5112682416,https://openalex.org/A5112682416,Jenny Kurinczuk,0.9,high,local:7f4dbdd6b0c208a8,Addressing uncertainty in identifying pregnancies in the English CPRD GOLD Pregnancy Register: a methodological study using a worked example,2025.0,2025-01-01,Jenny Kurinczuk,,,high,0.88,Bundled staff-profile publication; high person-level OpenAlex match; publication has DOI or year evidence.,,,,,,Journal article,0,,,,,https://www.ndph.ox.ac.uk/publications/2093075,,,International Journal of Population Data Science,Journal article,,,,,,,1,1,[],{},staff_recent_publications_json
277,Aden Kwok,A5059190477,https://openalex.org/A5059190477,Aden Kwok,0.9,high,local:debb4239c4a83ac1,Author Correction: Five ways to enhance the diversity and quality of health data.,2025.0,2025-01-01,Aden Kwok,,,high,0.88,Bundled staff-profile publication; high person-level OpenAlex match; publication has DOI or year evidence.,,,,,,Journal article,0,,,,,https://www.ndph.ox.ac.uk/publications/2094203,,,Nat Med,Journal article,,,,,,,1,1,[],{},staff_recent_publications_json
277,Aden Kwok,A5059190477,https://openalex.org/A5059190477,Aden Kwok,0.9,high,local:20fc0351b3cfec06,Five ways to enhance the diversity and quality of health data.,2025.0,2025-01-01,Aden Kwok,,,high,0.88,Bundled staff-profile publication; high person-level OpenAlex match; publication has DOI or year evidence.,,,,,,Journal article,0,,,,,https://www.ndph.ox.ac.uk/publications/2092278,,,Nat Med,Journal article,,,,,,,1,1,[],{},staff_recent_publications_json
277,Aden Kwok,A5059190477,https://openalex.org/A5059190477,Aden Kwok,0.9,high,local:e565ebfe9303095c,Ethnic inequities in 6-8 week baby check coverage in England 2006-2021: a cohort study using the Clinical Practice Research Datalink.,2024.0,2024-01-01,Aden Kwok,,,high,0.88,Bundled staff-profile publication; high person-level OpenAlex match; publication has DOI or year evidence.,,,,,,Journal article,0,,,,,https://www.ndph.ox.ac.uk/publications/1991061,,,Br J Gen Pract,Journal article,,,,,,,1,1,[],{},staff_recent_publications_json
277,Aden Kwok,A5059190477,https://openalex.org/A5059190477,Aden Kwok,0.9,high,local:aefa5057e7a9f22b,A framework for longitudinal latent factor modelling of treatment response in clinical trials with applications to Psoriatic Arthritis and Rheumatoid Arthritis,2024.0,2024-01-01,Aden Kwok,,,high,0.88,Bundled staff-profile publication; high person-level OpenAlex match; publication has DOI or year evidence.,,,,,,Journal article,0,,,,,https://www.ndph.ox.ac.uk/publications/1989231,,,Journal of Biomedical Informatics,Journal article,,,,,,,1,1,[],{},staff_recent_publications_json
277,Aden Kwok,A5059190477,https://openalex.org/A5059190477,Aden Kwok,0.9,high,local:8518296a0d06f211,Questionnaire survey on point-of-care ultrasound utilization during cardiac arrest among emergency physicians in Hong Kong,2024.0,2024-01-01,Aden Kwok,,,high,0.88,Bundled staff-profile publication; high person-level OpenAlex match; publication has DOI or year evidence.,,,,,,Journal article,0,,,,,https://www.ndph.ox.ac.uk/publications/2002233,,,Hong Kong Journal of Emergency Medicine,Journal article,,,,,,,1,1,[],{},staff_recent_publications_json
278,Ben Lacey,A5056985539,https://openalex.org/A5056985539,Ben Lacey,0.9,high,local:d6d41c392c2119a4,"Global, regional, and national progress towards the 2030 global nutrition targets and forecasts to 2050: a systematic analysis for the Global Burden of Disease Study 2021.",2025.0,2025-01-01,Ben Lacey,,,high,0.88,Bundled staff-profile publication; high person-level OpenAlex match; publication has DOI or year evidence.,,,,,,Journal article,0,,,,,https://www.ndph.ox.ac.uk/publications/2072690,,,Lancet,Journal article,,,,,,,1,1,[],{},staff_recent_publications_json
278,Ben Lacey,A5056985539,https://openalex.org/A5056985539,Ben Lacey,0.9,high,local:e88dec2b284b995c,Enhancing Health Outcomes in Linked Administrative Data: Development and Validation of an Open-Access Mapping Resource using UK Biobank,2025.0,2025-01-01,Ben Lacey,,,high,0.88,Bundled staff-profile publication; high person-level OpenAlex match; publication has DOI or year evidence.,,,,,,Conference paper,0,,,,,https://www.ndph.ox.ac.uk/publications/2133361,,,,Conference paper,,,,,,,1,1,[],{},staff_recent_publications_json
278,Ben Lacey,A5056985539,https://openalex.org/A5056985539,Ben Lacey,0.9,high,local:0abdffb98dd155ac,Cancer inequalities in the United Kingdom and the data used to measure them: a scoping review.,2025.0,2025-01-01,Ben Lacey,,,high,0.88,Bundled staff-profile publication; high person-level OpenAlex match; publication has DOI or year evidence.,,,,,,Journal article,0,,,,,https://www.ndph.ox.ac.uk/publications/2093526,,,Lancet Reg Health Eur,Journal article,,,,,,,1,1,[],{},staff_recent_publications_json
278,Ben Lacey,A5056985539,https://openalex.org/A5056985539,Ben Lacey,0.9,high,local:98a9b14284e72299,"Global, regional, and national prevalence of adult overweight and obesity, 1990-2021, with forecasts to 2050: a forecasting study for the Global Burden of Disease Study 2021.",2025.0,2025-01-01,Ben Lacey,,,high,0.88,Bundled staff-profile publication; high person-level OpenAlex match; publication has DOI or year evidence.,,,,,,Journal article,0,,,,,https://www.ndph.ox.ac.uk/publications/2096124,,,Lancet,Journal article,,,,,,,1,1,[],{},staff_recent_publications_json
278,Ben Lacey,A5056985539,https://openalex.org/A5056985539,Ben Lacey,0.9,high,local:e9366e4b94b063e4,"Global, regional, and national prevalence of child and adolescent overweight and obesity, 1990-2021, with forecasts to 2050: a forecasting study for the Global Burden of Disease Study 2021.",2025.0,2025-01-01,Ben Lacey,,,high,0.88,Bundled staff-profile publication; high person-level OpenAlex match; publication has DOI or year evidence.,,,,,,Journal article,0,,,,,https://www.ndph.ox.ac.uk/publications/2096123,,,Lancet,Journal article,,,,,,,1,1,[],{},staff_recent_publications_json
278,Ben Lacey,A5056985539,https://openalex.org/A5056985539,Ben Lacey,0.9,high,local:bf2bbb5021b9a021,UK Biobank-A Unique Resource for Discovery and Translation Research on Genetics and Neurologic Disease.,2025.0,2025-01-01,Ben Lacey,,,high,0.88,Bundled staff-profile publication; high person-level OpenAlex match; publication has DOI or year evidence.,,,,,,Journal article,0,,,,,https://www.ndph.ox.ac.uk/publications/2079210,,,Neurol Genet,Journal article,,,,,,,1,1,[],{},staff_recent_publications_json
281,Hubert Lam,A5067072586,https://openalex.org/A5067072586,Hubert Lam,0.9,high,local:a51bed48445e6fb4,"Associations Between Snoring, Body Mass Index and Coronary Artery Diseases: Observational and Mendelian Randomization Study in Asia.",2025.0,2025-01-01,Hubert Lam,,,high,0.88,Bundled staff-profile publication; high person-level OpenAlex match; publication has DOI or year evidence.,,,,,,Journal article,0,,,,,https://www.ndph.ox.ac.uk/publications/2084218,,,Respirology,Journal article,,,,,,,1,1,[],{},staff_recent_publications_json
281,Hubert Lam,A5067072586,https://openalex.org/A5067072586,Hubert Lam,0.9,high,local:24259f776b59e13a,Acute Impact of Nonoptimal Ambient Temperatures on Plasma Levels of 3000 Proteins in Chinese Adults.,2025.0,2025-01-01,Hubert Lam,,,high,0.88,Bundled staff-profile publication; high person-level OpenAlex match; publication has DOI or year evidence.,,,,,,Journal article,0,,,,,https://www.ndph.ox.ac.uk/publications/2090880,,,Environ Sci Technol,Journal article,,,,,,,1,1,[],{},staff_recent_publications_json
281,Hubert Lam,A5067072586,https://openalex.org/A5067072586,Hubert Lam,0.9,high,local:ea7d6b8ff75e24fd,Associations of long-term nitrogen dioxide exposure with a wide spectrum of diseases: a prospective cohort study of 0·5 million Chinese adults.,2024.0,2024-01-01,Hubert Lam,,,high,0.88,Bundled staff-profile publication; high person-level OpenAlex match; publication has DOI or year evidence.,,,,,,Journal article,0,,,,,https://www.ndph.ox.ac.uk/publications/2069073,,,Lancet Public Health,Journal article,,,,,,,1,1,[],{},staff_recent_publications_json
281,Hubert Lam,A5067072586,https://openalex.org/A5067072586,Hubert Lam,0.9,high,local:4b4b77b3e6725dce,"Corrigendum to ""Modelling personal temperature exposure using household and outdoor temperature and questionnaire data: Implications for epidemiological studies"" [Environ. Inter. 192 (2024) 109060].",2024.0,2024-01-01,Hubert Lam,,,high,0.88,Bundled staff-profile publication; high person-level OpenAlex match; publication has DOI or year evidence.,,,,,,Journal article,0,,,,,https://www.ndph.ox.ac.uk/publications/2070597,,,Environ Int,Journal article,,,,,,,1,1,[],{},staff_recent_publications_json
281,Hubert Lam,A5067072586,https://openalex.org/A5067072586,Hubert Lam,0.9,high,local:5eb90e26058b302f,Cost-Effectiveness of Salt Substitution and Antihypertensive Drug Treatment in Chinese Prehypertensive Adults.,2024.0,2024-01-01,Hubert Lam,,,high,0.88,Bundled staff-profile publication; high person-level OpenAlex match; publication has DOI or year evidence.,,,,,,Journal article,0,,,,,https://www.ndph.ox.ac.uk/publications/2048855,,,Hypertension,Journal article,,,,,,,1,1,[],{},staff_recent_publications_json
283,Filipa Landeiro,A5024730591,https://openalex.org/A5024730591,Filipa Landeiro,0.9,high,local:268dcc1d8a34a088,Systematic review of health economic models for assessment and diagnosis of dementia,2025.0,2025-01-01,Filipa Landeiro,,,high,0.88,Bundled staff-profile publication; high person-level OpenAlex match; publication has DOI or year evidence.,,,,,,Journal article,0,,,,,https://www.ndph.ox.ac.uk/publications/2241217,,,Alzheimer's &amp; Dementia: Behavior &amp; Socioeconomics of Aging,Journal article,,,,,,,1,1,[],{},staff_recent_publications_json
283,Filipa Landeiro,A5024730591,https://openalex.org/A5024730591,Filipa Landeiro,0.9,high,local:e8ccf47580d53acb,Protocol for the GOLF trial: randomized clinical trial on the LINX management system versus fundoplication for the surgical treatment of gastro-oesophageal reflux disease.,2025.0,2025-01-01,Filipa Landeiro,,,high,0.88,Bundled staff-profile publication; high person-level OpenAlex match; publication has DOI or year evidence.,,,,,,Journal article,0,,,,,https://www.ndph.ox.ac.uk/publications/2247446,,,Br J Surg,Journal article,,,,,,,1,1,[],{},staff_recent_publications_json
283,Filipa Landeiro,A5024730591,https://openalex.org/A5024730591,Filipa Landeiro,0.9,high,local:4011cdb03e10fd17,"Local anaesthetic transperineal biopsy versus transrectal prostate biopsy in prostate cancer detection (TRANSLATE): a multicentre, randomised, controlled trial.",2025.0,2025-01-01,Filipa Landeiro,,,high,0.88,Bundled staff-profile publication; high person-level OpenAlex match; publication has DOI or year evidence.,,,,,,Journal article,0,,,,,https://www.ndph.ox.ac.uk/publications/2100974,,,Lancet Oncol,Journal article,,,,,,,1,1,[],{},staff_recent_publications_json
283,Filipa Landeiro,A5024730591,https://openalex.org/A5024730591,Filipa Landeiro,0.9,high,local:e424064811fbc4e9,Assessment of Health System Readiness and Quality of Dementia Services in Peru: Protocol for a Qualitative Study With Stakeholder Interviews and Documentation Review.,2025.0,2025-01-01,Filipa Landeiro,,,high,0.88,Bundled staff-profile publication; high person-level OpenAlex match; publication has DOI or year evidence.,,,,,,Journal article,0,,,,,https://www.ndph.ox.ac.uk/publications/2081112,,,JMIR Res Protoc,Journal article,,,,,,,1,1,[],{},staff_recent_publications_json
283,Filipa Landeiro,A5024730591,https://openalex.org/A5024730591,Filipa Landeiro,0.9,high,local:86f147abf9dd00c5,Human-centered design and maternity care: is this a possible interplay?-a systematic review.,2025.0,2025-01-01,Filipa Landeiro,,,high,0.88,Bundled staff-profile publication; high person-level OpenAlex match; publication has DOI or year evidence.,,,,,,Journal article,0,,,,,https://www.ndph.ox.ac.uk/publications/2096576,,,BMC Pregnancy Childbirth,Journal article,,,,,,,1,1,[],{},staff_recent_publications_json
283,Filipa Landeiro,A5024730591,https://openalex.org/A5024730591,Filipa Landeiro,0.9,high,local:1cd9ad95e233b7fd,Evidence for local anaesthetic transperineal biopsy versus transrectal prostate biopsy.,2024.0,2024-01-01,Filipa Landeiro,,,high,0.88,Bundled staff-profile publication; high person-level OpenAlex match; publication has DOI or year evidence.,,,,,,Journal article,0,,,,,https://www.ndph.ox.ac.uk/publications/2069025,,,BMJ,Journal article,,,,,,,1,1,[],{},staff_recent_publications_json
283,Filipa Landeiro,A5024730591,https://openalex.org/A5024730591,Filipa Landeiro,0.9,high,local:1933fcfc5669eb49,"The economic burden of cancer, coronary heart disease, dementia, and stroke in England in 2018, with projection to 2050: an evaluation of two cohort studies.",2024.0,2024-01-01,Filipa Landeiro,,,high,0.88,Bundled staff-profile publication; high person-level OpenAlex match; publication has DOI or year evidence.,,,,,,Journal article,0,,,,,https://www.ndph.ox.ac.uk/publications/2001558,,,Lancet Healthy Longev,Journal article,,,,,,,1,1,[],{},staff_recent_publications_json
283,Filipa Landeiro,A5024730591,https://openalex.org/A5024730591,Filipa Landeiro,0.9,high,local:2eb0e6c054a1b92c,Patient journey and costs through a brain health clinic compared with a memory clinic: a costing study.,2023.0,2023-01-01,Filipa Landeiro,,,high,0.88,Bundled staff-profile publication; high person-level OpenAlex match; publication has DOI or year evidence.,,,,,,Journal article,0,,,,,https://www.ndph.ox.ac.uk/publications/1574877,,,Lancet,Journal article,,,,,,,1,1,[],{},staff_recent_publications_json
283,Filipa Landeiro,A5024730591,https://openalex.org/A5024730591,Filipa Landeiro,0.9,high,local:b4cf89341f6d4c44,Protocol for open-label randomized clinical trial of intensive surveillance versus standard postoperative follow-up in patients undergoing surgical resection for oesophageal and gastric cancer.,2023.0,2023-01-01,Filipa Landeiro,,,high,0.88,Bundled staff-profile publication; high person-level OpenAlex match; publication has DOI or year evidence.,,,,,,Journal article,0,,,,,https://www.ndph.ox.ac.uk/publications/1488803,,,Br J Surg,Journal article,,,,,,,1,1,[],{},staff_recent_publications_json
283,Filipa Landeiro,A5024730591,https://openalex.org/A5024730591,Filipa Landeiro,0.9,high,local:fb129b1fcae75c90,"Protocol for the TRANSLATE prospective, multi-centre, randomised clinical trial.",2023.0,2023-01-01,Filipa Landeiro,,,high,0.88,Bundled staff-profile publication; high person-level OpenAlex match; publication has DOI or year evidence.,,,,,,Journal article,0,,,,,https://www.ndph.ox.ac.uk/publications/1326348,,,BJU Int,Journal article,,,,,,,1,1,[],{},staff_recent_publications_json
284,Martin Landray,A5079926383,https://openalex.org/A5079926383,Martin Landray,0.9,high,local:7340bc89eded548b,"Sotrovimab versus usual care in patients admitted to hospital with COVID-19 (RECOVERY): a randomised, controlled, open-label, platform trial.",2026.0,2026-01-01,Martin Landray,,,high,0.88,Bundled staff-profile publication; high person-level OpenAlex match; publication has DOI or year evidence.,,,,,,Journal article,0,,,,,https://www.ndph.ox.ac.uk/publications/2127471,,,Lancet Infect Dis,Journal article,,,,,,,1,1,[],{},staff_recent_publications_json
284,Martin Landray,A5079926383,https://openalex.org/A5079926383,Martin Landray,0.9,high,local:534fbe870a1cf7ea,"Molnupiravir or nirmatrelvir-ritonavir plus usual care versus usual care alone in patients admitted to hospital with COVID-19 (RECOVERY): a randomised, controlled, open-label, platform trial.",2025.0,2025-01-01,Martin Landray,,,high,0.88,Bundled staff-profile publication; high person-level OpenAlex match; publication has DOI or year evidence.,,,,,,Journal article,0,,,,,https://www.ndph.ox.ac.uk/publications/2123601,,,Lancet Infect Dis,Journal article,,,,,,,1,1,[],{},staff_recent_publications_json
284,Martin Landray,A5079926383,https://openalex.org/A5079926383,Martin Landray,0.9,high,local:acf4ac089cc08472,High-Dose vs. Standard-Dose Influenza Vaccine in Heart Failure: A Prespecified Analysis of the DANFLU-2 Trial,2025.0,2025-01-01,Martin Landray,,,high,0.88,Bundled staff-profile publication; high person-level OpenAlex match; publication has DOI or year evidence.,,,,,,Journal article,0,,,,,https://www.ndph.ox.ac.uk/publications/2285136,,,Circulation: Heart Failure,Journal article,,,,,,,1,1,[],{},staff_recent_publications_json
284,Martin Landray,A5079926383,https://openalex.org/A5079926383,Martin Landray,0.9,high,local:346ac0b2cfe4e25e,Risk of Myocarditis or Pericarditis with High-Dose versus Standard-Dose Influenza Vaccine: A Prespecified Analysis of the Randomized DANFLU-2 Trial,2025.0,2025-01-01,Martin Landray,,,high,0.88,Bundled staff-profile publication; high person-level OpenAlex match; publication has DOI or year evidence.,,,,,,Journal article,0,,,,,https://www.ndph.ox.ac.uk/publications/2284709,,,JAMA Network Open,Journal article,,,,,,,1,1,[],{},staff_recent_publications_json
284,Martin Landray,A5079926383,https://openalex.org/A5079926383,Martin Landray,0.9,high,local:72125dbb9e8e3836,Recommended methodologies for clinical investigations of high-risk medical devices – Conclusions from the European Union CORE–MD Project,2025.0,2025-01-01,Martin Landray,,,high,0.88,Bundled staff-profile publication; high person-level OpenAlex match; publication has DOI or year evidence.,,,,,,Journal article,0,,,,,https://www.ndph.ox.ac.uk/publications/2284566,,,The Lancet Regional Health. Europe,Journal article,,,,,,,1,1,[],{},staff_recent_publications_json
286,James Lathe,A5027164251,https://openalex.org/A5027164251,James Lathe,0.72,medium,local:6bd0c4d334090a1f,Examining how well economic evaluations capture the value of mental health,2024.0,2024-01-01,James Lathe,,,medium,0.7,Bundled staff-profile publication; person-level match is credible but paper-level OpenAlex affiliation evidence is not available in the snapshot cache.,,,,,,Journal article,0,,,,,https://www.ndph.ox.ac.uk/publications/2237480,,,The Lancet Psychiatry,Journal article,,,,,,,1,1,[],{},staff_recent_publications_json
286,James Lathe,A5027164251,https://openalex.org/A5027164251,James Lathe,0.72,medium,local:b8ea0be493038b4c,Individualised variable-interval risk-based screening in diabetic retinopathy: the ISDR research programme including RCT,2023.0,2023-01-01,James Lathe,,,medium,0.7,Bundled staff-profile publication; person-level match is credible but paper-level OpenAlex affiliation evidence is not available in the snapshot cache.,,,,,,Journal article,0,,,,,https://www.ndph.ox.ac.uk/publications/1582551,,,,Journal article,,,,,,,1,1,[],{},staff_recent_publications_json
286,James Lathe,A5027164251,https://openalex.org/A5027164251,James Lathe,0.72,medium,local:4455569ecc9c586b,Effectiveness and cost effectiveness of digital hearing aids in patients with tinnitus and hearing loss: a randomised feasibility trial (THE HUSH Trial),2022.0,2022-01-01,James Lathe,,,medium,0.7,Bundled staff-profile publication; person-level match is credible but paper-level OpenAlex affiliation evidence is not available in the snapshot cache.,,,,,,Journal article,0,,,,,https://www.ndph.ox.ac.uk/publications/2237483,,,Pilot and Feasibility Studies,Journal article,,,,,,,1,1,[],{},staff_recent_publications_json
286,James Lathe,A5027164251,https://openalex.org/A5027164251,James Lathe,0.72,medium,local:93294c11fb1512e6,STAndardised DIagnostic Assessment for children and young people with emotional difficulties (STADIA): protocol for a multicentre randomised controlled trial.,2022.0,2022-01-01,James Lathe,,,medium,0.7,Bundled staff-profile publication; person-level match is credible but paper-level OpenAlex affiliation evidence is not available in the snapshot cache.,,,,,,Journal article,0,,,,,https://www.ndph.ox.ac.uk/publications/1855825,,,BMJ Open,Journal article,,,,,,,1,1,[],{},staff_recent_publications_json
286,James Lathe,A5027164251,https://openalex.org/A5027164251,James Lathe,0.72,medium,local:c68f1d49fafa0da6,Correction: A Direct-to-Public Peer Support Program (Big White Wall) Versus Web-Based Information to Aid the Self-management of Depression and Anxiety: Results and Challenges of an Automated Randomized Controlled Trial.,2021.0,2021-01-01,James Lathe,,,medium,0.7,Bundled staff-profile publication; person-level match is credible but paper-level OpenAlex affiliation evidence is not available in the snapshot cache.,,,,,,Journal article,0,,,,,https://www.ndph.ox.ac.uk/publications/2125578,,,J Med Internet Res,Journal article,,,,,,,1,1,[],{},staff_recent_publications_json
288,Michael Lay,A5112487573,https://openalex.org/A5112487573,Michael Lay,0.72,medium,local:b1f0570e78e60a55,Effects of Aspirin for Primary Prevention in Persons with Diabetes Mellitus.,2018.0,2018-01-01,Michael Lay,,,medium,0.7,Bundled staff-profile publication; person-level match is credible but paper-level OpenAlex affiliation evidence is not available in the snapshot cache.,,,,,,Journal article,0,,,,,https://www.ndph.ox.ac.uk/publications/920636,,,N Engl J Med,Journal article,,,,,,,1,1,[],{},staff_recent_publications_json
288,Michael Lay,A5112487573,https://openalex.org/A5112487573,Michael Lay,0.72,medium,local:2c995d13adf3a573,Effects of n-3 Fatty Acid Supplements in Diabetes Mellitus.,2018.0,2018-01-01,Michael Lay,,,medium,0.7,Bundled staff-profile publication; person-level match is credible but paper-level OpenAlex affiliation evidence is not available in the snapshot cache.,,,,,,Journal article,0,,,,,https://www.ndph.ox.ac.uk/publications/920635,,,N Engl J Med,Journal article,,,,,,,1,1,[],{},staff_recent_publications_json
288,Michael Lay,A5112487573,https://openalex.org/A5112487573,Michael Lay,0.72,medium,local:0b0cc0e4ede7123d,"Effects of Vitamin D on Blood Pressure, Arterial Stiffness, and Cardiac Function in Older People After 1 Year: BEST-D (Biochemical Efficacy and Safety Trial of Vitamin D).",2017.0,2017-01-01,Michael Lay,,,medium,0.7,Bundled staff-profile publication; person-level match is credible but paper-level OpenAlex affiliation evidence is not available in the snapshot cache.,,,,,,Journal article,0,,,,,https://www.ndph.ox.ac.uk/publications/734872,,,J Am Heart Assoc,Journal article,,,,,,,1,1,[],{},staff_recent_publications_json
288,Michael Lay,A5112487573,https://openalex.org/A5112487573,Michael Lay,0.72,medium,local:ad4f362731bf9277,Optimum dose of vitamin D for disease prevention in older people: BEST-D trial of vitamin D in primary care.,2017.0,2017-01-01,Michael Lay,,,medium,0.7,Bundled staff-profile publication; person-level match is credible but paper-level OpenAlex affiliation evidence is not available in the snapshot cache.,,,,,,Journal article,0,,,,,https://www.ndph.ox.ac.uk/publications/666762,,,Osteoporos Int,Journal article,,,,,,,1,1,[],{},staff_recent_publications_json
288,Michael Lay,A5112487573,https://openalex.org/A5112487573,Michael Lay,0.72,medium,local:8b0d46b938b52c86,Cost-effective recruitment methods for a large randomised trial in people with diabetes: A Study of Cardiovascular Events iN Diabetes (ASCEND).,2016.0,2016-01-01,Michael Lay,,,medium,0.7,Bundled staff-profile publication; person-level match is credible but paper-level OpenAlex affiliation evidence is not available in the snapshot cache.,,,,,,Journal article,0,,,,,https://www.ndph.ox.ac.uk/publications/628250,,,Trials,Journal article,,,,,,,1,1,[],{},staff_recent_publications_json
289,Douglas Leasure,A5068650951,https://openalex.org/A5068650951,Douglas Leasure,0.9,high,local:d375b36e526d3407,How Accurate Are High Resolution Settlement Maps at Predicting Population Counts in Data Scarce Settings?,2025.0,2025-01-01,Douglas Leasure,,,high,0.88,Bundled staff-profile publication; high person-level OpenAlex match; publication has DOI or year evidence.,,,,,,Journal article,0,,,,,https://www.ndph.ox.ac.uk/publications/2265903,,,Population,Journal article,,,,,,,1,1,[],{},staff_recent_publications_json
289,Douglas Leasure,A5068650951,https://openalex.org/A5068650951,Douglas Leasure,0.9,high,local:88bc720e93a22b35,Advances in Small Area Population Estimation in the Absence of National Census Data,2025.0,2025-01-01,Douglas Leasure,,,high,0.88,Bundled staff-profile publication; high person-level OpenAlex match; publication has DOI or year evidence.,,,,,,Preprint,0,,,,,https://www.ndph.ox.ac.uk/publications/2131356,,,,Preprint,,,,,,,1,1,[],{},staff_recent_publications_json
289,Douglas Leasure,A5068650951,https://openalex.org/A5068650951,Douglas Leasure,0.9,high,local:1567c009ea19c315,How accurate are high resolution settlement maps at predicting population counts in data scarce settings?,2025.0,2025-01-01,Douglas Leasure,,,high,0.88,Bundled staff-profile publication; high person-level OpenAlex match; publication has DOI or year evidence.,,,,,,Preprint,0,,,,,https://www.ndph.ox.ac.uk/publications/2090942,,,,Preprint,,,,,,,1,1,[],{},staff_recent_publications_json
289,Douglas Leasure,A5068650951,https://openalex.org/A5068650951,Douglas Leasure,0.9,high,local:c00631eed4f0303e,Elemental composition and potential toxicity of the riverine macrophyte Podostemum ceratophyllum Michx. reflects land use in eastern North America.,2024.0,2024-01-01,Douglas Leasure,,,high,0.88,Bundled staff-profile publication; high person-level OpenAlex match; publication has DOI or year evidence.,,,,,,Journal article,0,,,,,https://www.ndph.ox.ac.uk/publications/2038343,,,Sci Total Environ,Journal article,,,,,,,1,1,[],{},staff_recent_publications_json
289,Douglas Leasure,A5068650951,https://openalex.org/A5068650951,Douglas Leasure,0.9,high,local:40d99f32b7853502,Mapping subnational gender gaps in internet and mobile adoption using social media data,2024.0,2024-01-01,Douglas Leasure,,,high,0.88,Bundled staff-profile publication; high person-level OpenAlex match; publication has DOI or year evidence.,,,,,,Preprint,0,,,,,https://www.ndph.ox.ac.uk/publications/2022838,,,,Preprint,,,,,,,1,1,[],{},staff_recent_publications_json
290,Angeline Lee,A5045299168,https://openalex.org/A5045299168,Angeline Lee,0.9,high,local:52015fd98a669030,Brain health measurement: a scoping review.,2024.0,2024-01-01,Angeline Lee,,,high,0.88,Bundled staff-profile publication; high person-level OpenAlex match; publication has DOI or year evidence.,,,,,,Journal article,0,,,,,https://www.ndph.ox.ac.uk/publications/1612779,,,BMJ Open,Journal article,,,,,,,1,1,[],{},staff_recent_publications_json
291,Ryonfa Lee,A5050243335,https://openalex.org/A5050243335,Ryonfa Lee,0.9,high,local:23de55c0d00954f3,"Effects of Empagliflozin on Fluid Overload, Weight, and Blood Pressure in CKD.",2024.0,2024-01-01,Ryonfa Lee,,,high,0.88,Bundled staff-profile publication; high person-level OpenAlex match; publication has DOI or year evidence.,,,,,,Journal article,0,,,,,https://www.ndph.ox.ac.uk/publications/1568801,,,J Am Soc Nephrol,Journal article,,,,,,,1,1,[],{},staff_recent_publications_json
292,Adam Lewandowski,A5007996924,https://openalex.org/A5007996924,Adam Lewandowski,0.9,high,local:5dc2eaf24f8bfdca,Subclinical Postpartum Renal Structure After Hypertensive Pregnancy Disorders.,2025.0,2025-01-01,Adam Lewandowski,,,high,0.88,Bundled staff-profile publication; high person-level OpenAlex match; publication has DOI or year evidence.,,,,,,Journal article,0,,,,,https://www.ndph.ox.ac.uk/publications/2285087,,,Hypertension,Journal article,,,,,,,1,1,[],{},staff_recent_publications_json
292,Adam Lewandowski,A5007996924,https://openalex.org/A5007996924,Adam Lewandowski,0.9,high,local:6751e5e56b077236,Exercise Improves Myocardial Deformation But Not Cardiac Structure in Preterm-Born Adults: A Randomized Clinical Trial.,2025.0,2025-01-01,Adam Lewandowski,,,high,0.88,Bundled staff-profile publication; high person-level OpenAlex match; publication has DOI or year evidence.,,,,,,Journal article,0,,,,,https://www.ndph.ox.ac.uk/publications/2121270,,,JACC Adv,Journal article,,,,,,,1,1,[],{},staff_recent_publications_json
292,Adam Lewandowski,A5007996924,https://openalex.org/A5007996924,Adam Lewandowski,0.9,high,local:e60dfcb7f14bcffe,A call to action on pregnancy-related lifestyle interventions to reduce cardiovascular risk in the offspring. A Scientific Statement of the European Association of Preventive Cardiology of the ESC.,2025.0,2025-01-01,Adam Lewandowski,,,high,0.88,Bundled staff-profile publication; high person-level OpenAlex match; publication has DOI or year evidence.,,,,,,Journal article,0,,,,,https://www.ndph.ox.ac.uk/publications/2092860,,,Eur J Prev Cardiol,Journal article,,,,,,,1,1,[],{},staff_recent_publications_json
292,Adam Lewandowski,A5007996924,https://openalex.org/A5007996924,Adam Lewandowski,0.9,high,local:3e6165de0c2a7eb5,Correction: Distinct circle of willis anatomical configurations in healthy preterm born adults: a 3D time-of-flight magnetic resonance angiography study.,2025.0,2025-01-01,Adam Lewandowski,,,high,0.88,Bundled staff-profile publication; high person-level OpenAlex match; publication has DOI or year evidence.,,,,,,Journal article,0,,,,,https://www.ndph.ox.ac.uk/publications/2091581,,,BMC Med Imaging,Journal article,,,,,,,1,1,[],{},staff_recent_publications_json
292,Adam Lewandowski,A5007996924,https://openalex.org/A5007996924,Adam Lewandowski,0.9,high,local:8dabdb664b6df034,Distinct Circle of Willis anatomical configurations in healthy preterm born adults: a 3D time-of-flight magnetic resonance angiography study.,2025.0,2025-01-01,Adam Lewandowski,,,high,0.88,Bundled staff-profile publication; high person-level OpenAlex match; publication has DOI or year evidence.,,,,,,Journal article,0,,,,,https://www.ndph.ox.ac.uk/publications/2082592,,,BMC Med Imaging,Journal article,,,,,,,1,1,[],{},staff_recent_publications_json
293,Sarah Lewington,A5084952533,https://openalex.org/A5084952533,Sarah Lewington,0.9,high,local:9f3580f21842ec81,Alcohol consumption and cancer risk in South Korea and the UK: prospective cohort studies.,2025.0,2025-01-01,Sarah Lewington,,,high,0.88,Bundled staff-profile publication; high person-level OpenAlex match; publication has DOI or year evidence.,,,,,,Journal article,0,,,,,https://www.ndph.ox.ac.uk/publications/2133222,,,Int J Epidemiol,Journal article,,,,,,,1,1,[],{},staff_recent_publications_json
293,Sarah Lewington,A5084952533,https://openalex.org/A5084952533,Sarah Lewington,0.9,high,local:06edf322ef225f57,Reproducibility and associated regression dilution bias of accelerometer-derived physical activity and sleep in the UK Biobank,2025.0,2025-01-01,Sarah Lewington,,,high,0.88,Bundled staff-profile publication; high person-level OpenAlex match; publication has DOI or year evidence.,,,,,,Preprint,0,,,,,https://www.ndph.ox.ac.uk/publications/2079697,,,,Preprint,,,,,,,1,1,[],{},staff_recent_publications_json
293,Sarah Lewington,A5084952533,https://openalex.org/A5084952533,Sarah Lewington,0.9,high,local:72cd1af9d2b95844,Halving premature death and improving quality of life at all ages: cross-country analyses of past trends and future directions.,2024.0,2024-01-01,Sarah Lewington,,,high,0.88,Bundled staff-profile publication; high person-level OpenAlex match; publication has DOI or year evidence.,,,,,,Journal article,0,,,,,https://www.ndph.ox.ac.uk/publications/2066934,,,Lancet,Journal article,,,,,,,1,1,[],{},staff_recent_publications_json
293,Sarah Lewington,A5084952533,https://openalex.org/A5084952533,Sarah Lewington,0.9,high,local:41aaa27ffe654da7,Halving premature death and improving quality of life at all ages,2024.0,2024-01-01,Sarah Lewington,,,high,0.88,Bundled staff-profile publication; high person-level OpenAlex match; publication has DOI or year evidence.,,,,,,Journal article,0,,,,,https://www.ndph.ox.ac.uk/publications/2058579,,,The Lancet,Journal article,,,,,,,1,1,[],{},staff_recent_publications_json
293,Sarah Lewington,A5084952533,https://openalex.org/A5084952533,Sarah Lewington,0.9,high,local:0baa88e4837d4efd,"Adiposity, fat-free mass and incident heart failure in 500 000 individuals.",2024.0,2024-01-01,Sarah Lewington,,,high,0.88,Bundled staff-profile publication; high person-level OpenAlex match; publication has DOI or year evidence.,,,,,,Journal article,0,,,,,https://www.ndph.ox.ac.uk/publications/2011344,,,Open Heart,Journal article,,,,,,,1,1,[],{},staff_recent_publications_json
295,Charles Li,A5100622504,https://openalex.org/A5100622504,Charles Li,0.45,low,local:53528581172b1348,Pneumatic Retinopexy for Rhegmatogenous Retinal Detachment Outcomes: IRIS® Registry (Intelligent Research in Sight) Analysis,2024.0,2024-01-01,Charles Li,,,low,0.48,Bundled staff-profile publication with weak or missing person/paper evidence.,,,,,,Journal article,0,,,,,https://www.ndph.ox.ac.uk/publications/2062907,,,Ophthalmology Retina,Journal article,,,,,,,1,1,[],{},staff_recent_publications_json
295,Charles Li,A5100622504,https://openalex.org/A5100622504,Charles Li,0.45,low,local:e379c8b0085c364b,Shifts in ophthalmic care utilization during the COVID-19 pandemic in the US.,2023.0,2023-01-01,Charles Li,,,low,0.48,Bundled staff-profile publication with weak or missing person/paper evidence.,,,,,,Journal article,0,,,,,https://www.ndph.ox.ac.uk/publications/1582600,,,Commun Med (Lond),Journal article,,,,,,,1,1,[],{},staff_recent_publications_json
295,Charles Li,A5100622504,https://openalex.org/A5100622504,Charles Li,0.45,low,local:b2f9672082ac3cd4,Prevalence and Risk Factors of Blindness Among Primary Angle Closure Glaucoma Patients in the United States: An IRIS® Registry Analysis.,2023.0,2023-01-01,Charles Li,,,low,0.48,Bundled staff-profile publication with weak or missing person/paper evidence.,,,,,,Journal article,0,,,,,https://www.ndph.ox.ac.uk/publications/1566148,,,Am J Ophthalmol,Journal article,,,,,,,1,1,[],{},staff_recent_publications_json
295,Charles Li,A5100622504,https://openalex.org/A5100622504,Charles Li,0.45,low,local:c63410f9f4a2c5ef,The impact of month and season on the incidence of giant cell arteritis: an Intelligent Research in Sight (IRIS) Registry analysis.,2023.0,2023-01-01,Charles Li,,,low,0.48,Bundled staff-profile publication with weak or missing person/paper evidence.,,,,,,Journal article,0,,,,,https://www.ndph.ox.ac.uk/publications/1557558,,,Graefes Arch Clin Exp Ophthalmol,Journal article,,,,,,,1,1,[],{},staff_recent_publications_json
295,Charles Li,A5100622504,https://openalex.org/A5100622504,Charles Li,0.45,low,local:c94d4221b74da54f,Vitreoretinopathy-Associated Pediatric Retinal Detachment Treatment Outcomes: IRIS® Registry (Intelligent Research in Sight) Analysis.,2023.0,2023-01-01,Charles Li,,,low,0.48,Bundled staff-profile publication with weak or missing person/paper evidence.,,,,,,Journal article,0,,,,,https://www.ndph.ox.ac.uk/publications/1557559,,,Ophthalmol Sci,Journal article,,,,,,,1,1,[],{},staff_recent_publications_json
302,Sapfo Lignou,A5049412603,https://openalex.org/A5049412603,Sapfo Lignou,0.9,high,local:fd44ab7c87355752,Getting rights right: Implementing 'Martha's Rule',2023.0,2023-01-01,Sapfo Lignou,,,high,0.88,Bundled staff-profile publication; high person-level OpenAlex match; publication has DOI or year evidence.,,,,,,Journal article,0,,,,,https://www.ndph.ox.ac.uk/publications/1581640,,,Journal of Medical Ethics,Journal article,,,,,,,1,1,[],{},staff_recent_publications_json
302,Sapfo Lignou,A5049412603,https://openalex.org/A5049412603,Sapfo Lignou,0.9,high,local:3346232aae9e6011,Children with medical complexities: their distinct vulnerability in health systems' Covid-19 response and their claims of justice in the recovery phase.,2022.0,2022-01-01,Sapfo Lignou,,,high,0.88,Bundled staff-profile publication; high person-level OpenAlex match; publication has DOI or year evidence.,,,,,,Journal article,0,,,,,https://www.ndph.ox.ac.uk/publications/1287238,,,Med Health Care Philos,Journal article,,,,,,,1,1,[],{},staff_recent_publications_json
302,Sapfo Lignou,A5049412603,https://openalex.org/A5049412603,Sapfo Lignou,0.9,high,local:e1fd644a77fe7a77,Measuring the impact of participatory research in psychiatry: How the search for epistemic justifications obscures ethical considerations.,2021.0,2021-01-01,Sapfo Lignou,,,high,0.88,Bundled staff-profile publication; high person-level OpenAlex match; publication has DOI or year evidence.,,,,,,Journal article,0,,,,,https://www.ndph.ox.ac.uk/publications/1078424,,,Health Expect,Journal article,,,,,,,1,1,[],{},staff_recent_publications_json
302,Sapfo Lignou,A5049412603,https://openalex.org/A5049412603,Sapfo Lignou,0.9,high,local:40ef24f330f9477a,Public involvement in the governance of population-level biomedical research: unresolved questions and future directions.,2020.0,2020-01-01,Sapfo Lignou,,,high,0.88,Bundled staff-profile publication; high person-level OpenAlex match; publication has DOI or year evidence.,,,,,,Journal article,0,,,,,https://www.ndph.ox.ac.uk/publications/1128402,,,J Med Ethics,Journal article,,,,,,,1,1,[],{},staff_recent_publications_json
302,Sapfo Lignou,A5049412603,https://openalex.org/A5049412603,Sapfo Lignou,0.9,high,local:edab22672cbeaaee,"Pharmaceutical industry, academia and people with experience of mental illness as partners in research: a need for ethical guidance",2020.0,2020-01-01,Sapfo Lignou,,,high,0.88,Bundled staff-profile publication; high person-level OpenAlex match; publication has DOI or year evidence.,,,,,,Journal article,0,,,,,https://www.ndph.ox.ac.uk/publications/1128471,,,Wellcome Open Research,Journal article,,,,,,,1,1,[],{},staff_recent_publications_json
303,Kuang Lin,A5101550261,https://openalex.org/A5101550261,Kuang Lin,0.72,medium,local:1144abc8441628c6,Causal Relevance of Lp(a) for Coronary Heart Disease and Stroke Types in East Asian and European Ancestry Populations: A Mendelian Randomization Study.,2025.0,2025-01-01,Kuang Lin,,,medium,0.7,Bundled staff-profile publication; person-level match is credible but paper-level OpenAlex affiliation evidence is not available in the snapshot cache.,,,,,,Journal article,0,,,,,https://www.ndph.ox.ac.uk/publications/2098981,,,Circulation,Journal article,,,,,,,1,1,[],{},staff_recent_publications_json
303,Kuang Lin,A5101550261,https://openalex.org/A5101550261,Kuang Lin,0.72,medium,local:2536270761a22e5c,"Causal relevance of different blood pressure traits on risk of cardiovascular diseases: GWAS and Mendelian randomisation in 100,000 Chinese adults.",2024.0,2024-01-01,Kuang Lin,,,medium,0.7,Bundled staff-profile publication; person-level match is credible but paper-level OpenAlex affiliation evidence is not available in the snapshot cache.,,,,,,Journal article,0,,,,,https://www.ndph.ox.ac.uk/publications/2013488,,,Nat Commun,Journal article,,,,,,,1,1,[],{},staff_recent_publications_json
303,Kuang Lin,A5101550261,https://openalex.org/A5101550261,Kuang Lin,0.72,medium,local:609d60b2fc44fb02,PCSK9 genetic variants and risk of vascular and non-vascular diseases in Chinese and UK populations.,2024.0,2024-01-01,Kuang Lin,,,medium,0.7,Bundled staff-profile publication; person-level match is credible but paper-level OpenAlex affiliation evidence is not available in the snapshot cache.,,,,,,Journal article,0,,,,,https://www.ndph.ox.ac.uk/publications/1595061,,,Eur J Prev Cardiol,Journal article,,,,,,,1,1,[],{},staff_recent_publications_json
303,Kuang Lin,A5101550261,https://openalex.org/A5101550261,Kuang Lin,0.72,medium,local:070988cf5167ae37,Proteomic Analyses in Diverse Populations Improved Risk Prediction and Identified New Drug Targets for Type 2 Diabetes.,2024.0,2024-01-01,Kuang Lin,,,medium,0.7,Bundled staff-profile publication; person-level match is credible but paper-level OpenAlex affiliation evidence is not available in the snapshot cache.,,,,,,Journal article,0,,,,,https://www.ndph.ox.ac.uk/publications/1989004,,,Diabetes Care,Journal article,,,,,,,1,1,[],{},staff_recent_publications_json
303,Kuang Lin,A5101550261,https://openalex.org/A5101550261,Kuang Lin,0.72,medium,local:619f64e569da3a93,Genome-wide characterization of circulating metabolic biomarkers.,2024.0,2024-01-01,Kuang Lin,,,medium,0.7,Bundled staff-profile publication; person-level match is credible but paper-level OpenAlex affiliation evidence is not available in the snapshot cache.,,,,,,Journal article,0,,,,,https://www.ndph.ox.ac.uk/publications/1770655,,,Nature,Journal article,,,,,,,1,1,[],{},staff_recent_publications_json
304,Shang-Kuan Lin,A5091276903,https://openalex.org/A5091276903,Shang-Kuan Lin,0.9,high,local:c1ddf6147db6f1c1,A second update on mapping the human genetic architecture of COVID-19.,2023.0,2023-01-01,Shang-Kuan Lin,,,high,0.88,Bundled staff-profile publication; high person-level OpenAlex match; publication has DOI or year evidence.,,,,,,Journal article,0,,,,,https://www.ndph.ox.ac.uk/publications/1582022,,,Nature,Journal article,,,,,,,1,1,[],{},staff_recent_publications_json
305,Thomas Littlejohns,A5076322041,https://openalex.org/A5076322041,Thomas Littlejohns,0.9,high,local:08fdbfc187fd0554,Machine learning derived retinal pigment score from ophthalmic imaging shows ethnicity is not biology,2025.0,2025-01-01,Thomas Littlejohns,,,high,0.88,Bundled staff-profile publication; high person-level OpenAlex match; publication has DOI or year evidence.,,,,,,Journal article,0,,,,,https://www.ndph.ox.ac.uk/publications/2077334,,,Nature Communications,Journal article,,,,,,,1,1,[],{},staff_recent_publications_json
305,Thomas Littlejohns,A5076322041,https://openalex.org/A5076322041,Thomas Littlejohns,0.9,high,local:ca36fa02d9240b3f,Multimorbidity in dementia: Current perspectives and future challenges,2025.0,2025-01-01,Thomas Littlejohns,,,high,0.88,Bundled staff-profile publication; high person-level OpenAlex match; publication has DOI or year evidence.,,,,,,Journal article,0,,,,,https://www.ndph.ox.ac.uk/publications/2268311,,,Alzheimer's &amp; Dementia,Journal article,,,,,,,1,1,[],{},staff_recent_publications_json
305,Thomas Littlejohns,A5076322041,https://openalex.org/A5076322041,Thomas Littlejohns,0.9,high,local:c422ecb4e79b573a,"Neuroticism, omega-3 fatty acids, and risk of incident dementia.",2025.0,2025-01-01,Thomas Littlejohns,,,high,0.88,Bundled staff-profile publication; high person-level OpenAlex match; publication has DOI or year evidence.,,,,,,Journal article,0,,,,,https://www.ndph.ox.ac.uk/publications/2131604,,,J Affect Disord,Journal article,,,,,,,1,1,[],{},staff_recent_publications_json
305,Thomas Littlejohns,A5076322041,https://openalex.org/A5076322041,Thomas Littlejohns,0.9,high,local:22741e2e5c0e166e,Association of multimorbidity and disease clusters with neuroimaging and cognitive outcomes in UK Biobank.,2025.0,2025-01-01,Thomas Littlejohns,,,high,0.88,Bundled staff-profile publication; high person-level OpenAlex match; publication has DOI or year evidence.,,,,,,Journal article,0,,,,,https://www.ndph.ox.ac.uk/publications/2126961,,,J Prev Alzheimers Dis,Journal article,,,,,,,1,1,[],{},staff_recent_publications_json
305,Thomas Littlejohns,A5076322041,https://openalex.org/A5076322041,Thomas Littlejohns,0.9,high,local:ac9bdb82617ba973,Autoencoder-based phenotyping of ophthalmic images highlights genetic loci influencing retinal morphology and provides informative biomarkers,2025.0,2025-01-01,Thomas Littlejohns,,,high,0.88,Bundled staff-profile publication; high person-level OpenAlex match; publication has DOI or year evidence.,,,,,,Journal article,0,,,,,https://www.ndph.ox.ac.uk/publications/2082725,,,Bioinformatics,Journal article,,,,,,,1,1,[],{},staff_recent_publications_json
308,Jun Liu,A5100361611,https://openalex.org/A5100361611,Jun Liu,0.9,high,local:dd32bbb91c608035,Response to: Mind the Meal and the Missingness: Cautionary Notes on Multi-Omics Subtyping of MetALD in UK Biobank.,2025.0,2025-01-01,Jun Liu,,,high,0.88,Bundled staff-profile publication; high person-level OpenAlex match; publication has DOI or year evidence.,,,,,,Journal article,0,,,,,https://www.ndph.ox.ac.uk/publications/2282997,,,J Hepatol,Journal article,,,,,,,1,1,[],{},staff_recent_publications_json
308,Jun Liu,A5100361611,https://openalex.org/A5100361611,Jun Liu,0.9,high,local:3dc85dc0acc5f7de,Dissecting metabolic dysfunction- and alcohol-associated liver disease (MetALD) using proteomic and metabolomic profiles.,2025.0,2025-01-01,Jun Liu,,,high,0.88,Bundled staff-profile publication; high person-level OpenAlex match; publication has DOI or year evidence.,,,,,,Journal article,0,,,,,https://www.ndph.ox.ac.uk/publications/2128727,,,J Hepatol,Journal article,,,,,,,1,1,[],{},staff_recent_publications_json
308,Jun Liu,A5100361611,https://openalex.org/A5100361611,Jun Liu,0.9,high,local:31a69a2fdd9a73fd,Novel genetic insights into the roles of amino acids in metabolic dysfunction-associated steatotic liver disease,2024.0,2024-01-01,Jun Liu,,,high,0.88,Bundled staff-profile publication; high person-level OpenAlex match; publication has DOI or year evidence.,,,,,,Preprint,0,,,,,https://www.ndph.ox.ac.uk/publications/1992175,,,,Preprint,,,,,,,1,1,[],{},staff_recent_publications_json
308,Jun Liu,A5100361611,https://openalex.org/A5100361611,Jun Liu,0.9,high,local:619f64e569da3a93,Genome-wide characterization of circulating metabolic biomarkers.,2024.0,2024-01-01,Jun Liu,,,high,0.88,Bundled staff-profile publication; high person-level OpenAlex match; publication has DOI or year evidence.,,,,,,Journal article,0,,,,,https://www.ndph.ox.ac.uk/publications/1770655,,,Nature,Journal article,,,,,,,1,1,[],{},staff_recent_publications_json
308,Jun Liu,A5100361611,https://openalex.org/A5100361611,Jun Liu,0.9,high,local:b2c4c2c6605269b7,Profiling the genome and proteome of metabolic dysfunction-associated steatotic liver disease identifies potential therapeutic targets.,2023.0,2023-01-01,Jun Liu,,,high,0.88,Bundled staff-profile publication; high person-level OpenAlex match; publication has DOI or year evidence.,,,,,,Journal article,0,,,,,https://www.ndph.ox.ac.uk/publications/1585914,,,medRxiv,Journal article,,,,,,,1,1,[],{},staff_recent_publications_json
313,Federica Lucivero,A5045315912,https://openalex.org/A5045315912,Federica Lucivero,0.9,high,local:4d23824c2ee99329,Human-Like Epistemic Trust? A Conceptual and Normative Analysis of Conversational AI in Mental Healthcare.,2025.0,2025-01-01,Federica Lucivero,,,high,0.88,Bundled staff-profile publication; high person-level OpenAlex match; publication has DOI or year evidence.,,,,,,Journal article,0,,,,,https://www.ndph.ox.ac.uk/publications/2252739,,,Am J Bioeth,Journal article,,,,,,,1,1,[],{},staff_recent_publications_json
313,Federica Lucivero,A5045315912,https://openalex.org/A5045315912,Federica Lucivero,0.9,high,local:3fbcc1dcb8497b35,A qualitative comparison of data infrastructures for COVID-19 health-related data: lessons for the European Health Data Space,2025.0,2025-01-01,Federica Lucivero,,,high,0.88,Bundled staff-profile publication; high person-level OpenAlex match; publication has DOI or year evidence.,,,,,,Journal article,0,,,,,https://www.ndph.ox.ac.uk/publications/2117661,,,Policy Studies,Journal article,,,,,,,1,1,[],{},staff_recent_publications_json
313,Federica Lucivero,A5045315912,https://openalex.org/A5045315912,Federica Lucivero,0.9,high,local:95eebf67219e78d5,Digital endpoints in clinical trials: emerging themes from a multi-stakeholder Knowledge Exchange event.,2024.0,2024-01-01,Federica Lucivero,,,high,0.88,Bundled staff-profile publication; high person-level OpenAlex match; publication has DOI or year evidence.,,,,,,Journal article,0,,,,,https://www.ndph.ox.ac.uk/publications/2019939,,,Trials,Journal article,,,,,,,1,1,[],{},staff_recent_publications_json
313,Federica Lucivero,A5045315912,https://openalex.org/A5045315912,Federica Lucivero,0.9,high,local:abff11c5f94a8285,Why digital innovation may not reduce healthcare's environmental footprint.,2024.0,2024-01-01,Federica Lucivero,,,high,0.88,Bundled staff-profile publication; high person-level OpenAlex match; publication has DOI or year evidence.,,,,,,Journal article,0,,,,,https://www.ndph.ox.ac.uk/publications/2005691,,,BMJ,Journal article,,,,,,,1,1,[],{},staff_recent_publications_json
313,Federica Lucivero,A5045315912,https://openalex.org/A5045315912,Federica Lucivero,0.9,high,local:5e6c96687eefdddc,Carbon Accounting in the Digital Industry: The Need to Move towards Decision Making in Uncertainty,2024.0,2024-01-01,Federica Lucivero,,,high,0.88,Bundled staff-profile publication; high person-level OpenAlex match; publication has DOI or year evidence.,,,,,,Journal article,0,,,,,https://www.ndph.ox.ac.uk/publications/1936040,,,Sustainability (Switzerland),Journal article,,,,,,,1,1,[],{},staff_recent_publications_json
314,Ramon Luengo-Fernandez,A5036990987,https://openalex.org/A5036990987,Ramon Luengo-Fernandez,0.9,high,local:1933fcfc5669eb49,"The economic burden of cancer, coronary heart disease, dementia, and stroke in England in 2018, with projection to 2050: an evaluation of two cohort studies.",2024.0,2024-01-01,Ramon Luengo-Fernandez,,,high,0.88,Bundled staff-profile publication; high person-level OpenAlex match; publication has DOI or year evidence.,,,,,,Journal article,0,,,,,https://www.ndph.ox.ac.uk/publications/2001558,,,Lancet Healthy Longev,Journal article,,,,,,,1,1,[],{},staff_recent_publications_json
314,Ramon Luengo-Fernandez,A5036990987,https://openalex.org/A5036990987,Ramon Luengo-Fernandez,0.9,high,local:778f43ca439db576,Decision-Making for Preventive Interventions in Asymptomatic Patients.,2024.0,2024-01-01,Ramon Luengo-Fernandez,,,high,0.88,Bundled staff-profile publication; high person-level OpenAlex match; publication has DOI or year evidence.,,,,,,Journal article,0,,,,,https://www.ndph.ox.ac.uk/publications/2010179,,,Stroke,Journal article,,,,,,,1,1,[],{},staff_recent_publications_json
314,Ramon Luengo-Fernandez,A5036990987,https://openalex.org/A5036990987,Ramon Luengo-Fernandez,0.9,high,local:4da74eae7929e09f,How to assess whether a complex intervention for chronic conditions is cost-effective?,2024.0,2024-01-01,Ramon Luengo-Fernandez,,,high,0.88,Bundled staff-profile publication; high person-level OpenAlex match; publication has DOI or year evidence.,,,,,,Journal article,0,,,,,https://www.ndph.ox.ac.uk/publications/2005298,,,Lancet Reg Health Eur,Journal article,,,,,,,1,1,[],{},staff_recent_publications_json
314,Ramon Luengo-Fernandez,A5036990987,https://openalex.org/A5036990987,Ramon Luengo-Fernandez,0.9,high,local:0f52ebd8ea168eea,Health-related quality of life and healthcare costs of symptoms and cardiovascular disease events in patients with atrial fibrillation: a longitudinal analysis of 27 countries from the EURObservational Research Programme on Atrial Fibrillation general long-term registry.,2024.0,2024-01-01,Ramon Luengo-Fernandez,,,high,0.88,Bundled staff-profile publication; high person-level OpenAlex match; publication has DOI or year evidence.,,,,,,Journal article,0,,,,,https://www.ndph.ox.ac.uk/publications/2001913,,,Europace,Journal article,,,,,,,1,1,[],{},staff_recent_publications_json
314,Ramon Luengo-Fernandez,A5036990987,https://openalex.org/A5036990987,Ramon Luengo-Fernandez,0.9,high,local:65334d8f09ab88f6,Perinatal Science International: A new meeting of the European Association of Perinatal Medicine,2024.0,2024-01-01,Ramon Luengo-Fernandez,,,high,0.88,Bundled staff-profile publication; high person-level OpenAlex match; publication has DOI or year evidence.,,,,,,Journal article,0,,,,,https://www.ndph.ox.ac.uk/publications/1992232,,,European Journal of Obstetrics and Gynecology and Reproductive Biology,Journal article,,,,,,,1,1,[],{},staff_recent_publications_json
315,Madison Luick,A5068479449,https://openalex.org/A5068479449,Madison Luick,0.9,high,local:576d13e67d9c91c0,Testing the effect of ecolabels on the environmental impact of food purchases in worksite cafeterias: a randomised controlled trial.,2025.0,2025-01-01,Madison Luick,,,high,0.88,Bundled staff-profile publication; high person-level OpenAlex match; publication has DOI or year evidence.,,,,,,Journal article,0,,,,,https://www.ndph.ox.ac.uk/publications/2077338,,,BMC Public Health,Journal article,,,,,,,1,1,[],{},staff_recent_publications_json
315,Madison Luick,A5068479449,https://openalex.org/A5068479449,Madison Luick,0.9,high,local:f1b2a58e4a8a12c9,Do calorie labels change energy purchased in a simulated online food delivery platform? A multi-arm randomised controlled trial.,2024.0,2024-01-01,Madison Luick,,,high,0.88,Bundled staff-profile publication; high person-level OpenAlex match; publication has DOI or year evidence.,,,,,,Journal article,0,,,,,https://www.ndph.ox.ac.uk/publications/2030624,,,Int J Behav Nutr Phys Act,Journal article,,,,,,,1,1,[],{},staff_recent_publications_json
315,Madison Luick,A5068479449,https://openalex.org/A5068479449,Madison Luick,0.9,high,local:175665684e9419e0,Changing the availability and positioning of more vs. less environmentally sustainable products: A randomised controlled trial in an online experimental supermarket.,2024.0,2024-01-01,Madison Luick,,,high,0.88,Bundled staff-profile publication; high person-level OpenAlex match; publication has DOI or year evidence.,,,,,,Journal article,0,,,,,https://www.ndph.ox.ac.uk/publications/2010467,,,Appetite,Journal article,,,,,,,1,1,[],{},staff_recent_publications_json
315,Madison Luick,A5068479449,https://openalex.org/A5068479449,Madison Luick,0.9,high,local:7e97306ba4fd869e,The impact of the English calorie labelling policy on the energy content of food offered and purchased in worksite cafeterias: a natural experiment.,2024.0,2024-01-01,Madison Luick,,,high,0.88,Bundled staff-profile publication; high person-level OpenAlex match; publication has DOI or year evidence.,,,,,,Journal article,0,,,,,https://www.ndph.ox.ac.uk/publications/2021725,,,BMC Nutr,Journal article,,,,,,,1,1,[],{},staff_recent_publications_json
315,Madison Luick,A5068479449,https://openalex.org/A5068479449,Madison Luick,0.9,high,local:2fca68ce31e45b59,Do promotions of healthier or more sustainable foods increase sales? Findings from three natural experiments in UK supermarkets.,2024.0,2024-01-01,Madison Luick,,,high,0.88,Bundled staff-profile publication; high person-level OpenAlex match; publication has DOI or year evidence.,,,,,,Journal article,0,,,,,https://www.ndph.ox.ac.uk/publications/2009816,,,BMC Public Health,Journal article,,,,,,,1,1,[],{},staff_recent_publications_json
318,Janet Maccora,A5042592887,https://openalex.org/A5042592887,Janet Maccora,0.72,medium,local:637f04e16d756ab0,Measuring education in the context of health inequalities,2022.0,2022-01-01,Janet Maccora,,,medium,0.7,Bundled staff-profile publication; person-level match is credible but paper-level OpenAlex affiliation evidence is not available in the snapshot cache.,,,,,,Journal article,0,,,,,https://www.ndph.ox.ac.uk/publications/1997180,,,International Journal of Epidemiology,Journal article,,,,,,,1,1,[],{},staff_recent_publications_json
318,Janet Maccora,A5042592887,https://openalex.org/A5042592887,Janet Maccora,0.72,medium,local:48a47e4f8bf7b0e2,Gender Differences in Superior-memory SuperAgers and Associated Factors in an Australian Cohort.,2021.0,2021-01-01,Janet Maccora,,,medium,0.7,Bundled staff-profile publication; person-level match is credible but paper-level OpenAlex affiliation evidence is not available in the snapshot cache.,,,,,,Journal article,0,,,,,https://www.ndph.ox.ac.uk/publications/1997076,,,J Appl Gerontol,Journal article,,,,,,,1,1,[],{},staff_recent_publications_json
318,Janet Maccora,A5042592887,https://openalex.org/A5042592887,Janet Maccora,0.72,medium,local:a7144f4c0fd1738c,What does (low) education mean in terms of dementia risk? A systematic review and meta-analysis highlighting inconsistency in measuring and operationalising education.,2020.0,2020-01-01,Janet Maccora,,,medium,0.7,Bundled staff-profile publication; person-level match is credible but paper-level OpenAlex affiliation evidence is not available in the snapshot cache.,,,,,,Journal article,0,,,,,https://www.ndph.ox.ac.uk/publications/1997077,,,SSM Popul Health,Journal article,,,,,,,1,1,[],{},staff_recent_publications_json
318,Janet Maccora,A5042592887,https://openalex.org/A5042592887,Janet Maccora,0.72,medium,local:f36a0a9647e2d37e,Asthma and obesity in children: current evidence and potential systems biology approaches.,2015.0,2015-01-01,Janet Maccora,,,medium,0.7,Bundled staff-profile publication; person-level match is credible but paper-level OpenAlex affiliation evidence is not available in the snapshot cache.,,,,,,Journal article,0,,,,,https://www.ndph.ox.ac.uk/publications/1997074,,,Allergy,Journal article,,,,,,,1,1,[],{},staff_recent_publications_json
318,Janet Maccora,A5042592887,https://openalex.org/A5042592887,Janet Maccora,0.72,medium,local:a8559c0ca53a6a1f,Positive linking: a survival guide on how to keep up-to-date with pediatric infectious diseases literature using Internet technology.,2013.0,2013-01-01,Janet Maccora,,,medium,0.7,Bundled staff-profile publication; person-level match is credible but paper-level OpenAlex affiliation evidence is not available in the snapshot cache.,,,,,,Journal article,0,,,,,https://www.ndph.ox.ac.uk/publications/1997075,,,Pediatr Infect Dis J,Journal article,,,,,,,1,1,[],{},staff_recent_publications_json
321,Vichithranie Madurasinghe,A5013170831,https://openalex.org/A5013170831,Vichithranie Madurasinghe,0.9,high,local:3c62e92cdaf357c4,Beta-blocker therapy in heart failure with preserved ejection fraction (B-HFpEF): a systematic review and meta-analysis.,2024.0,2024-01-01,Vichithranie Madurasinghe,,,high,0.88,Bundled staff-profile publication; high person-level OpenAlex match; publication has DOI or year evidence.,,,,,,Journal article,0,,,,,https://www.ndph.ox.ac.uk/publications/1597986,,,Curr Probl Cardiol,Journal article,,,,,,,1,1,[],{},staff_recent_publications_json
321,Vichithranie Madurasinghe,A5013170831,https://openalex.org/A5013170831,Vichithranie Madurasinghe,0.9,high,local:10dd17735265c489,Can we achieve better trial recruitment by presenting patient information through multimedia? Meta-analysis of 'studies within a trial' (SWATs).,2023.0,2023-01-01,Vichithranie Madurasinghe,,,high,0.88,Bundled staff-profile publication; high person-level OpenAlex match; publication has DOI or year evidence.,,,,,,Journal article,0,,,,,https://www.ndph.ox.ac.uk/publications/1560461,,,BMC Med,Journal article,,,,,,,1,1,[],{},staff_recent_publications_json
321,Vichithranie Madurasinghe,A5013170831,https://openalex.org/A5013170831,Vichithranie Madurasinghe,0.9,high,local:87b37e9298eb0168,Supported Intervention Versus Intervention Alone for Management of Fecal Incontinence in Patients With Inflammatory Bowel Disease: A Multicenter Mixed-Methods Randomized Controlled Trial,2023.0,2023-01-01,Vichithranie Madurasinghe,,,high,0.88,Bundled staff-profile publication; high person-level OpenAlex match; publication has DOI or year evidence.,,,,,,Journal article,0,,,,,https://www.ndph.ox.ac.uk/publications/1346098,,,Journal of Wound,Journal article,,,,,,,1,1,[],{},staff_recent_publications_json
321,Vichithranie Madurasinghe,A5013170831,https://openalex.org/A5013170831,Vichithranie Madurasinghe,0.9,high,local:dd713b159f5a4e6d,STOP- a training intervention to optimise treatment for smoking cessation in community pharmacies: cluster randomised controlled trial.,2022.0,2022-01-01,Vichithranie Madurasinghe,,,high,0.88,Bundled staff-profile publication; high person-level OpenAlex match; publication has DOI or year evidence.,,,,,,Journal article,0,,,,,https://www.ndph.ox.ac.uk/publications/1266636,,,BMC Med,Journal article,,,,,,,1,1,[],{},staff_recent_publications_json
321,Vichithranie Madurasinghe,A5013170831,https://openalex.org/A5013170831,Vichithranie Madurasinghe,0.9,high,local:274f71ca0aa05cd8,Can we achieve better recruitment by providing better information? Meta-analysis of 'studies within a trial' (SWATs) of optimised participant information sheets.,2021.0,2021-01-01,Vichithranie Madurasinghe,,,high,0.88,Bundled staff-profile publication; high person-level OpenAlex match; publication has DOI or year evidence.,,,,,,Journal article,0,,,,,https://www.ndph.ox.ac.uk/publications/1197223,,,BMC Med,Journal article,,,,,,,1,1,[],{},staff_recent_publications_json
322,Marion Mafham,A5085447535,https://openalex.org/A5085447535,Marion Mafham,0.9,high,local:534fbe870a1cf7ea,"Molnupiravir or nirmatrelvir-ritonavir plus usual care versus usual care alone in patients admitted to hospital with COVID-19 (RECOVERY): a randomised, controlled, open-label, platform trial.",2025.0,2025-01-01,Marion Mafham,,,high,0.88,Bundled staff-profile publication; high person-level OpenAlex match; publication has DOI or year evidence.,,,,,,Journal article,0,,,,,https://www.ndph.ox.ac.uk/publications/2123601,,,Lancet Infect Dis,Journal article,,,,,,,1,1,[],{},staff_recent_publications_json
322,Marion Mafham,A5085447535,https://openalex.org/A5085447535,Marion Mafham,0.9,high,local:6be6282bb7d45bbe,Patient and public involvement and engagement in the ASCEND PLUS trial: reflections from the design of a streamlined and decentralised clinical trial.,2024.0,2024-01-01,Marion Mafham,,,high,0.88,Bundled staff-profile publication; high person-level OpenAlex match; publication has DOI or year evidence.,,,,,,Journal article,0,,,,,https://www.ndph.ox.ac.uk/publications/2020687,,,Trials,Journal article,,,,,,,1,1,[],{},staff_recent_publications_json
322,Marion Mafham,A5085447535,https://openalex.org/A5085447535,Marion Mafham,0.9,high,local:caf519acbc3b4d11,"Clinical trial results in context: comparison of baseline characteristics and outcomes of 38,510 RECOVERY trial participants versus a reference population of 346,271 people hospitalised with COVID-19 in England.",2024.0,2024-01-01,Marion Mafham,,,high,0.88,Bundled staff-profile publication; high person-level OpenAlex match; publication has DOI or year evidence.,,,,,,Journal article,0,,,,,https://www.ndph.ox.ac.uk/publications/2010200,,,Trials,Journal article,,,,,,,1,1,[],{},staff_recent_publications_json
322,Marion Mafham,A5085447535,https://openalex.org/A5085447535,Marion Mafham,0.9,high,local:60a995c53deeb615,"Molnupiravir or nirmatrelvir-ritonavir versus usual care in patients admitted to hospital with COVID-19 (RECOVERY): a randomised, controlled, open-label, platform trial",2024.0,2024-01-01,Marion Mafham,,,high,0.88,Bundled staff-profile publication; high person-level OpenAlex match; publication has DOI or year evidence.,,,,,,Preprint,0,,,,,https://www.ndph.ox.ac.uk/publications/2002515,,,,Preprint,,,,,,,1,1,[],{},staff_recent_publications_json
322,Marion Mafham,A5085447535,https://openalex.org/A5085447535,Marion Mafham,0.9,high,local:57e27451d270e6d6,Thromboxane biosynthesis and risk of future events in diabetes mellitus: A sub-study of the ASCEND trial.,2023.0,2023-01-01,Marion Mafham,,,high,0.88,Bundled staff-profile publication; high person-level OpenAlex match; publication has DOI or year evidence.,,,,,,Journal article,0,,,,,https://www.ndph.ox.ac.uk/publications/1577609,,,European Heart Journal,Journal article,,,,,,,1,1,[],{},staff_recent_publications_json
324,Greco Malijan,A5017792192,https://openalex.org/A5017792192,Greco Malijan,0.9,high,local:cc7200d853aab18c,"A repeated cross-sectional analysis of SARS-CoV-2 seroprevalence in Manila, the Philippines after implementation of the national COVID-19 vaccination program.",2025.0,2025-01-01,Greco Malijan,,,high,0.88,Bundled staff-profile publication; high person-level OpenAlex match; publication has DOI or year evidence.,,,,,,Journal article,0,,,,,https://www.ndph.ox.ac.uk/publications/2254504,,,Tropical medicine and health,Journal article,,,,,,,1,1,[],{},staff_recent_publications_json
324,Greco Malijan,A5017792192,https://openalex.org/A5017792192,Greco Malijan,0.9,high,local:c3e0612833217800,"A scoping review of health research in four Pacific Island countries and areas (Cook Islands, Fiji, Guam and Tonga) from 2014 to 2024.",2025.0,2025-01-01,Greco Malijan,,,high,0.88,Bundled staff-profile publication; high person-level OpenAlex match; publication has DOI or year evidence.,,,,,,Journal article,0,,,,,https://www.ndph.ox.ac.uk/publications/2131724,,,Lancet Reg Health West Pac,Journal article,,,,,,,1,1,[],{},staff_recent_publications_json
324,Greco Malijan,A5017792192,https://openalex.org/A5017792192,Greco Malijan,0.9,high,local:0d12454f60914910,May measurement month 2022: an analysis of blood pressure screening findings from Sierra Leone,2025.0,2025-01-01,Greco Malijan,,,high,0.88,Bundled staff-profile publication; high person-level OpenAlex match; publication has DOI or year evidence.,,,,,,Journal article,0,,,,,https://www.ndph.ox.ac.uk/publications/2088715,,,Discover Medicine,Journal article,,,,,,,1,1,[],{},staff_recent_publications_json
324,Greco Malijan,A5017792192,https://openalex.org/A5017792192,Greco Malijan,0.9,high,local:9d9c8802beefe288,Characteristics of snakebite patients due to Naja samarensis in the Philippines: a prospective hospital-based study.,2025.0,2025-01-01,Greco Malijan,,,high,0.88,Bundled staff-profile publication; high person-level OpenAlex match; publication has DOI or year evidence.,,,,,,Journal article,0,,,,,https://www.ndph.ox.ac.uk/publications/2076908,,,Trans R Soc Trop Med Hyg,Journal article,,,,,,,1,1,[],{},staff_recent_publications_json
324,Greco Malijan,A5017792192,https://openalex.org/A5017792192,Greco Malijan,0.9,high,local:bbae175ad384a2a0,Interference of urine tubular biomarker measurements by glycosuria: implications when using SGLT2 inhibitors,2025.0,2025-01-01,Greco Malijan,,,high,0.88,Bundled staff-profile publication; high person-level OpenAlex match; publication has DOI or year evidence.,,,,,,Preprint,0,,,,,https://www.ndph.ox.ac.uk/publications/2133304,,,,Preprint,,,,,,,1,1,[],{},staff_recent_publications_json
326,Reem Malouf,A5051228252,https://openalex.org/A5051228252,Reem Malouf,0.9,high,local:dfcbad329de4387a,Factors associated with posttraumatic stress and anxiety among the parents of babies admitted to neonatal care: a systematic review.,2024.0,2024-01-01,Reem Malouf,,,high,0.88,Bundled staff-profile publication; high person-level OpenAlex match; publication has DOI or year evidence.,,,,,,Journal article,0,,,,,https://www.ndph.ox.ac.uk/publications/1995963,,,BMC Pregnancy Childbirth,Journal article,,,,,,,1,1,[],{},staff_recent_publications_json
326,Reem Malouf,A5051228252,https://openalex.org/A5051228252,Reem Malouf,0.9,high,local:52015fd98a669030,Brain health measurement: a scoping review.,2024.0,2024-01-01,Reem Malouf,,,high,0.88,Bundled staff-profile publication; high person-level OpenAlex match; publication has DOI or year evidence.,,,,,,Journal article,0,,,,,https://www.ndph.ox.ac.uk/publications/1612779,,,BMJ Open,Journal article,,,,,,,1,1,[],{},staff_recent_publications_json
326,Reem Malouf,A5051228252,https://openalex.org/A5051228252,Reem Malouf,0.9,high,local:788730ad5e8275af,Impact of low-dose computed tomography (LDCT) screening on lung cancer-related mortality.,2022.0,2022-01-01,Reem Malouf,,,high,0.88,Bundled staff-profile publication; high person-level OpenAlex match; publication has DOI or year evidence.,,,,,,Journal article,0,,,,,https://www.ndph.ox.ac.uk/publications/1273653,,,Cochrane Database Syst Rev,Journal article,,,,,,,1,1,[],{},staff_recent_publications_json
326,Reem Malouf,A5051228252,https://openalex.org/A5051228252,Reem Malouf,0.9,high,local:a7d3319285f647a5,Prevalence of anxiety and post-traumatic stress (PTS) among the parents of babies admitted to neonatal units: A systematic review and meta-analysis.,2022.0,2022-01-01,Reem Malouf,,,high,0.88,Bundled staff-profile publication; high person-level OpenAlex match; publication has DOI or year evidence.,,,,,,Journal article,0,,,,,https://www.ndph.ox.ac.uk/publications/1225095,,,EClinicalMedicine,Journal article,,,,,,,1,1,[],{},staff_recent_publications_json
326,Reem Malouf,A5051228252,https://openalex.org/A5051228252,Reem Malouf,0.9,high,local:ecc39dff89ce46be,Prevalence of anxiety and post-traumatic stress in parents of babies admitted to neonatal units: Systematic review and Meta-analysis,2022.0,2022-01-01,Reem Malouf,,,high,0.88,Bundled staff-profile publication; high person-level OpenAlex match; publication has DOI or year evidence.,,,,,,Conference paper,0,,,,,https://www.ndph.ox.ac.uk/publications/1250669,,,JOURNAL OF REPRODUCTIVE AND INFANT PSYCHOLOGY,Conference paper,,,,,,,1,1,[],{},staff_recent_publications_json
327,Gurdeep Mannu,A5083503362,https://openalex.org/A5083503362,Gurdeep Mannu,0.9,high,local:d388cac6b2d97bd0,Identification of recurrences in women diagnosed with early invasive breast cancer using routinely collected data in England.,2025.0,2025-01-01,Gurdeep Mannu,,,high,0.88,Bundled staff-profile publication; high person-level OpenAlex match; publication has DOI or year evidence.,,,,,,Journal article,0,,,,,https://www.ndph.ox.ac.uk/publications/2127307,,,BJC Rep,Journal article,,,,,,,1,1,[],{},staff_recent_publications_json
327,Gurdeep Mannu,A5083503362,https://openalex.org/A5083503362,Gurdeep Mannu,0.9,high,local:a9f494565e274673,Invasive breast cancer and breast cancer death after non-screen detected ductal carcinoma in situ from 1990 to 2018 in England: population based cohort study.,2024.0,2024-01-01,Gurdeep Mannu,,,high,0.88,Bundled staff-profile publication; high person-level OpenAlex match; publication has DOI or year evidence.,,,,,,Journal article,0,,,,,https://www.ndph.ox.ac.uk/publications/1608137,,,BMJ,Journal article,,,,,,,1,1,[],{},staff_recent_publications_json
327,Gurdeep Mannu,A5083503362,https://openalex.org/A5083503362,Gurdeep Mannu,0.9,high,local:6287ac3354c21037,Ki67 and breast cancer mortality in women with invasive breast cancer.,2023.0,2023-01-01,Gurdeep Mannu,,,high,0.88,Bundled staff-profile publication; high person-level OpenAlex match; publication has DOI or year evidence.,,,,,,Journal article,0,,,,,https://www.ndph.ox.ac.uk/publications/1510271,,,JNCI Cancer Spectr,Journal article,,,,,,,1,1,[],{},staff_recent_publications_json
327,Gurdeep Mannu,A5083503362,https://openalex.org/A5083503362,Gurdeep Mannu,0.9,high,local:7701064929810c37,"Breast cancer mortality in 500 000 women with early invasive breast cancer diagnosed in England, 1993-2015: population based observational cohort study.",2023.0,2023-01-01,Gurdeep Mannu,,,high,0.88,Bundled staff-profile publication; high person-level OpenAlex match; publication has DOI or year evidence.,,,,,,Journal article,0,,,,,https://www.ndph.ox.ac.uk/publications/1339124,,,BMJ,Journal article,,,,,,,1,1,[],{},staff_recent_publications_json
327,Gurdeep Mannu,A5083503362,https://openalex.org/A5083503362,Gurdeep Mannu,0.9,high,local:9f5412f61ac8b0fd,Anthracycline-containing and taxane-containing chemotherapy for early-stage operable breast cancer: a patient-level meta-analysis of 100 000 women from 86 randomised trials.,2023.0,2023-01-01,Gurdeep Mannu,,,high,0.88,Bundled staff-profile publication; high person-level OpenAlex match; publication has DOI or year evidence.,,,,,,Journal article,0,,,,,https://www.ndph.ox.ac.uk/publications/1326541,,,Lancet,Journal article,,,,,,,1,1,[],{},staff_recent_publications_json
329,Christopher Maronga,A5044636643,https://openalex.org/A5044636643,Christopher Maronga,0.9,high,local:ea7a531d40ee1023,Hospital readmission following acute illness among children 2–23 months old in sub-Saharan Africa and South Asia: a secondary analysis of CHAIN cohort,2024.0,2024-01-01,Christopher Maronga,,,high,0.88,Bundled staff-profile publication; high person-level OpenAlex match; publication has DOI or year evidence.,,,,,,Journal article,0,,,,,https://www.ndph.ox.ac.uk/publications/2007930,,,eClinicalMedicine,Journal article,,,,,,,1,1,[],{},staff_recent_publications_json
329,Christopher Maronga,A5044636643,https://openalex.org/A5044636643,Christopher Maronga,0.9,high,local:77ab83cb33a19c9c,Childhood growth during recovery from acute illness in Africa and South Asia: a secondary analysis of the childhood acute illness and nutrition (CHAIN) prospective cohort.,2024.0,2024-01-01,Christopher Maronga,,,high,0.88,Bundled staff-profile publication; high person-level OpenAlex match; publication has DOI or year evidence.,,,,,,Journal article,0,,,,,https://www.ndph.ox.ac.uk/publications/1861320,,,EClinicalMedicine,Journal article,,,,,,,1,1,[],{},staff_recent_publications_json
329,Christopher Maronga,A5044636643,https://openalex.org/A5044636643,Christopher Maronga,0.9,high,local:00e68ee45daa4e80,The burden of antimicrobial resistance in the Americas in 2019: a cross-country systematic analysis.,2023.0,2023-01-01,Christopher Maronga,,,high,0.88,Bundled staff-profile publication; high person-level OpenAlex match; publication has DOI or year evidence.,,,,,,Journal article,0,,,,,https://www.ndph.ox.ac.uk/publications/1506224,,,Lancet Reg Health Am,Journal article,,,,,,,1,1,[],{},staff_recent_publications_json
329,Christopher Maronga,A5044636643,https://openalex.org/A5044636643,Christopher Maronga,0.9,high,local:0b233b4283c75a17,PREVALENCE OF CARDIOVASCULAR DISEASE EVENTS AND DETERMINANTS IN PATIENTS WITH X-LINKED HYPOPHOSPHATEMIA,2023.0,2023-01-01,Christopher Maronga,,,high,0.88,Bundled staff-profile publication; high person-level OpenAlex match; publication has DOI or year evidence.,,,,,,Conference paper,0,,,,,https://www.ndph.ox.ac.uk/publications/1338095,,,,Conference paper,,,,,,,1,1,[],{},staff_recent_publications_json
329,Christopher Maronga,A5044636643,https://openalex.org/A5044636643,Christopher Maronga,0.9,high,local:d24e142e97ab577a,Expected Benefits and Budget Impact From a Microsimulation Model Support the Prioritization and Implementation of Fracture Liaison Services.,2023.0,2023-01-01,Christopher Maronga,,,high,0.88,Bundled staff-profile publication; high person-level OpenAlex match; publication has DOI or year evidence.,,,,,,Journal article,0,,,,,https://www.ndph.ox.ac.uk/publications/1322174,,,J Bone Miner Res,Journal article,,,,,,,1,1,[],{},staff_recent_publications_json
331,Alexandra Martin-Geary,A5081741525,https://openalex.org/A5081741525,Alexandra Martin-Geary,0.9,high,local:be8913602ffa88b2,Aberrant splicing prediction during human organ development,2025.0,2025-01-01,Alexandra Martin-Geary,,,high,0.88,Bundled staff-profile publication; high person-level OpenAlex match; publication has DOI or year evidence.,,,,,,Preprint,0,,,,,https://www.ndph.ox.ac.uk/publications/2249142,,,,Preprint,,,,,,,1,1,[],{},staff_recent_publications_json
331,Alexandra Martin-Geary,A5081741525,https://openalex.org/A5081741525,Alexandra Martin-Geary,0.9,high,local:379c7a47624d444c,The role of untranslated region variants in Mendelian disease: a review.,2025.0,2025-01-01,Alexandra Martin-Geary,,,high,0.88,Bundled staff-profile publication; high person-level OpenAlex match; publication has DOI or year evidence.,,,,,,Journal article,0,,,,,https://www.ndph.ox.ac.uk/publications/2134315,,,Eur J Hum Genet,Journal article,,,,,,,1,1,[],{},staff_recent_publications_json
331,Alexandra Martin-Geary,A5081741525,https://openalex.org/A5081741525,Alexandra Martin-Geary,0.9,high,local:b05bf645186457c7,Systematic identification of disease-causing promoter and untranslated region variants in 8040 undiagnosed individuals with rare disease.,2025.0,2025-01-01,Alexandra Martin-Geary,,,high,0.88,Bundled staff-profile publication; high person-level OpenAlex match; publication has DOI or year evidence.,,,,,,Journal article,0,,,,,https://www.ndph.ox.ac.uk/publications/2118388,,,Genome Med,Journal article,,,,,,,1,1,[],{},staff_recent_publications_json
331,Alexandra Martin-Geary,A5081741525,https://openalex.org/A5081741525,Alexandra Martin-Geary,0.9,high,local:51f56faacdb9bde1,Noncoding variants are a rare cause of recessive developmental disorders in trans with coding variants.,2024.0,2024-01-01,Alexandra Martin-Geary,,,high,0.88,Bundled staff-profile publication; high person-level OpenAlex match; publication has DOI or year evidence.,,,,,,Journal article,0,,,,,https://www.ndph.ox.ac.uk/publications/2026393,,,Genet Med,Journal article,,,,,,,1,1,[],{},staff_recent_publications_json
331,Alexandra Martin-Geary,A5081741525,https://openalex.org/A5081741525,Alexandra Martin-Geary,0.9,high,local:5305d5022a00688e,De novo variants in the RNU4-2 snRNA cause a frequent neurodevelopmental syndrome.,2024.0,2024-01-01,Alexandra Martin-Geary,,,high,0.88,Bundled staff-profile publication; high person-level OpenAlex match; publication has DOI or year evidence.,,,,,,Journal article,0,,,,,https://www.ndph.ox.ac.uk/publications/2014462,,,Nature,Journal article,,,,,,,1,1,[],{},staff_recent_publications_json
333,Ben Maylor,A5047423438,https://openalex.org/A5047423438,Ben Maylor,0.9,high,local:b77b8e8e711066d8,Substituting sitting with standing and walking in free-living conditions improves daily glucose concentrations in South Asian adults living with overweight/obesity.,2025.0,2025-01-01,Ben Maylor,,,high,0.88,Bundled staff-profile publication; high person-level OpenAlex match; publication has DOI or year evidence.,,,,,,Journal article,0,,,,,https://www.ndph.ox.ac.uk/publications/2277180,,,Eur J Appl Physiol,Journal article,,,,,,,1,1,[],{},staff_recent_publications_json
333,Ben Maylor,A5047423438,https://openalex.org/A5047423438,Ben Maylor,0.9,high,local:f059357c6c081e96,Predictive performance of wearable sensors for mortality risk in older adults: a model development and validation study,2025.0,2025-01-01,Ben Maylor,,,high,0.88,Bundled staff-profile publication; high person-level OpenAlex match; publication has DOI or year evidence.,,,,,,Preprint,0,,,,,https://www.ndph.ox.ac.uk/publications/2117472,,,,Preprint,,,,,,,1,1,[],{},staff_recent_publications_json
333,Ben Maylor,A5047423438,https://openalex.org/A5047423438,Ben Maylor,0.9,high,local:87ac65c3f2fe7e5e,"Quantifying the relative intensity of free-living physical activity: differences across age, association with mortality and clinical interpretation-an observational study.",2025.0,2025-01-01,Ben Maylor,,,high,0.88,Bundled staff-profile publication; high person-level OpenAlex match; publication has DOI or year evidence.,,,,,,Journal article,0,,,,,https://www.ndph.ox.ac.uk/publications/2092118,,,Br J Sports Med,Journal article,,,,,,,1,1,[],{},staff_recent_publications_json
333,Ben Maylor,A5047423438,https://openalex.org/A5047423438,Ben Maylor,0.9,high,local:2e329ab82674da6f,Research-Grade Accelerometers to Assess Intervention Effectiveness and Commercial Wearables as a Self-Monitoring Tool: Are the Two Aligned on Moderate to Vigorous Physical Activity?,2024.0,2024-01-01,Ben Maylor,,,high,0.88,Bundled staff-profile publication; high person-level OpenAlex match; publication has DOI or year evidence.,,,,,,Journal article,0,,,,,https://www.ndph.ox.ac.uk/publications/2063597,,,Journal for the Measurement of Physical Behaviour,Journal article,,,,,,,1,1,[],{},staff_recent_publications_json
333,Ben Maylor,A5047423438,https://openalex.org/A5047423438,Ben Maylor,0.9,high,local:7a1b4330451c9261,The Effect of Vehicle Motion (Cab Vibration) on Accelerometer Cut-Point Determined Moderate-to-Vigorous Physical Activity in Heavy Goods Vehicle Drivers,2024.0,2024-01-01,Ben Maylor,,,high,0.88,Bundled staff-profile publication; high person-level OpenAlex match; publication has DOI or year evidence.,,,,,,Journal article,0,,,,,https://www.ndph.ox.ac.uk/publications/2073925,,,Journal for the Measurement of Physical Behaviour,Journal article,,,,,,,1,1,[],{},staff_recent_publications_json
335,Fred McElwee,,,Fred McElwee,0.45,low,local:f8061920d6cd2fb0,Alternative Payment Models for Innovative Medicines: A Framework for Effective Implementation.,2025.0,2025-01-01,Fred McElwee,,,low,0.48,Bundled staff-profile publication with weak or missing person/paper evidence.,,,,,,Journal article,0,,,,,https://www.ndph.ox.ac.uk/publications/2101906,,,Appl Health Econ Health Policy,Journal article,,,,,,,1,1,[],{},staff_recent_publications_json
335,Fred McElwee,,,Fred McElwee,0.45,low,local:6bfc9ac32d12a364,"The Value of Flexible Vaccine Manufacturing Capacity: Value Drivers, Estimation Methods, and Approaches to Value Recognition in Health Technology Assessment.",2024.0,2024-01-01,Fred McElwee,,,low,0.48,Bundled staff-profile publication with weak or missing person/paper evidence.,,,,,,Journal article,0,,,,,https://www.ndph.ox.ac.uk/publications/2007771,,,Pharmacoeconomics,Journal article,,,,,,,1,1,[],{},staff_recent_publications_json
335,Fred McElwee,,,Fred McElwee,0.45,low,local:ddd245ccd9c3ab62,HPR116 Is Payment Innovation Keeping Up With Therapy Innovation? A New Taxonomy of Innovative Payment Solutions to Aid Effective Implementation,2023.0,2023-01-01,Fred McElwee,,,low,0.48,Bundled staff-profile publication with weak or missing person/paper evidence.,,,,,,Journal article,0,,,,,https://www.ndph.ox.ac.uk/publications/2010298,,,Value in Health,Journal article,,,,,,,1,1,[],{},staff_recent_publications_json
336,Paul McGale,A5091277996,https://openalex.org/A5091277996,Paul McGale,0.9,high,local:3e9f39a8d9309d9c,Radiotherapy to regional nodes in early breast cancer: an individual patient data meta-analysis of 14 324 women in 16 trials.,2023.0,2023-01-01,Paul McGale,,,high,0.88,Bundled staff-profile publication; high person-level OpenAlex match; publication has DOI or year evidence.,,,,,,Journal article,0,,,,,https://www.ndph.ox.ac.uk/publications/1339482,,,Lancet,Journal article,,,,,,,1,1,[],{},staff_recent_publications_json
336,Paul McGale,A5091277996,https://openalex.org/A5091277996,Paul McGale,0.9,high,local:f30a84e86e6390de,Authors' reply to Oke and Welch.,2023.0,2023-01-01,Paul McGale,,,high,0.88,Bundled staff-profile publication; high person-level OpenAlex match; publication has DOI or year evidence.,,,,,,Journal article,0,,,,,https://www.ndph.ox.ac.uk/publications/1529230,,,BMJ,Journal article,,,,,,,1,1,[],{},staff_recent_publications_json
336,Paul McGale,A5091277996,https://openalex.org/A5091277996,Paul McGale,0.9,high,local:6287ac3354c21037,Ki67 and breast cancer mortality in women with invasive breast cancer.,2023.0,2023-01-01,Paul McGale,,,high,0.88,Bundled staff-profile publication; high person-level OpenAlex match; publication has DOI or year evidence.,,,,,,Journal article,0,,,,,https://www.ndph.ox.ac.uk/publications/1510271,,,JNCI Cancer Spectr,Journal article,,,,,,,1,1,[],{},staff_recent_publications_json
336,Paul McGale,A5091277996,https://openalex.org/A5091277996,Paul McGale,0.9,high,local:7701064929810c37,"Breast cancer mortality in 500 000 women with early invasive breast cancer diagnosed in England, 1993-2015: population based observational cohort study.",2023.0,2023-01-01,Paul McGale,,,high,0.88,Bundled staff-profile publication; high person-level OpenAlex match; publication has DOI or year evidence.,,,,,,Journal article,0,,,,,https://www.ndph.ox.ac.uk/publications/1339124,,,BMJ,Journal article,,,,,,,1,1,[],{},staff_recent_publications_json
336,Paul McGale,A5091277996,https://openalex.org/A5091277996,Paul McGale,0.9,high,local:9f5412f61ac8b0fd,Anthracycline-containing and taxane-containing chemotherapy for early-stage operable breast cancer: a patient-level meta-analysis of 100 000 women from 86 randomised trials.,2023.0,2023-01-01,Paul McGale,,,high,0.88,Bundled staff-profile publication; high person-level OpenAlex match; publication has DOI or year evidence.,,,,,,Journal article,0,,,,,https://www.ndph.ox.ac.uk/publications/1326541,,,Lancet,Journal article,,,,,,,1,1,[],{},staff_recent_publications_json
337,Jenny McLeish,A5068409310,https://openalex.org/A5068409310,Jenny McLeish,0.9,high,local:583c6f237d7f9489,Differences between neonatal units with high and low rates of breast milk feeding for very preterm babies at discharge: a qualitative study of staff experiences.,2024.0,2024-01-01,Jenny McLeish,,,high,0.88,Bundled staff-profile publication; high person-level OpenAlex match; publication has DOI or year evidence.,,,,,,Journal article,0,,,,,https://www.ndph.ox.ac.uk/publications/2071618,,,BMC Pregnancy Childbirth,Journal article,,,,,,,1,1,[],{},staff_recent_publications_json
337,Jenny McLeish,A5068409310,https://openalex.org/A5068409310,Jenny McLeish,0.9,high,local:1ac2d0dcffb1a6fc,Breastfeeding support during the Covid-19 pandemic in England: analysis of a national survey,2024.0,2024-01-01,Jenny McLeish,,,high,0.88,Bundled staff-profile publication; high person-level OpenAlex match; publication has DOI or year evidence.,,,,,,Journal article,0,,,,,https://www.ndph.ox.ac.uk/publications/2058492,,,BMC Public Health,Journal article,,,,,,,1,1,[],{},staff_recent_publications_json
337,Jenny McLeish,A5068409310,https://openalex.org/A5068409310,Jenny McLeish,0.9,high,local:6e2beeca82b651d6,What supports mothers of very preterm babies to start and continue breast milk feeding neonatal units? A qualitative COM-B analysis of mothers' experiences.,2024.0,2024-01-01,Jenny McLeish,,,high,0.88,Bundled staff-profile publication; high person-level OpenAlex match; publication has DOI or year evidence.,,,,,,Journal article,0,,,,,https://www.ndph.ox.ac.uk/publications/2055234,,,BMC Pregnancy Childbirth,Journal article,,,,,,,1,1,[],{},staff_recent_publications_json
337,Jenny McLeish,A5068409310,https://openalex.org/A5068409310,Jenny McLeish,0.9,high,local:1f2115ec8a77c9c6,Differences between neonatal units with high and low rates of breast milk feeding for very preterm babies at discharge: a qualitative study of staff experiences,2024.0,2024-01-01,Jenny McLeish,,,high,0.88,Bundled staff-profile publication; high person-level OpenAlex match; publication has DOI or year evidence.,,,,,,Preprint,0,,,,,https://www.ndph.ox.ac.uk/publications/2094380,,,,Preprint,,,,,,,1,1,[],{},staff_recent_publications_json
337,Jenny McLeish,A5068409310,https://openalex.org/A5068409310,Jenny McLeish,0.9,high,local:f91679addaf70120,What supports mothers of very preterm babies to start and continue breast milk feeding neonatal units? A qualitative COM-B analysis of mothers’ experiences,2024.0,2024-01-01,Jenny McLeish,,,high,0.88,Bundled staff-profile publication; high person-level OpenAlex match; publication has DOI or year evidence.,,,,,,Preprint,0,,,,,https://www.ndph.ox.ac.uk/publications/2094379,,,,Preprint,,,,,,,1,1,[],{},staff_recent_publications_json
340,Borislava Mihaylova,A5075617051,https://openalex.org/A5075617051,Borislava Mihaylova,0.9,high,local:4973f6bf7402f608,Cost-effectiveness of CA125- and age-informed risk-based triage for ovarian cancer detection in primary care.,2025.0,2025-01-01,Borislava Mihaylova,,,high,0.88,Bundled staff-profile publication; high person-level OpenAlex match; publication has DOI or year evidence.,,,,,,Journal article,0,,,,,https://www.ndph.ox.ac.uk/publications/2290620,,,Br J Cancer,Journal article,,,,,,,1,1,[],{},staff_recent_publications_json
340,Borislava Mihaylova,A5075617051,https://openalex.org/A5075617051,Borislava Mihaylova,0.9,high,local:1ce5eb732ff4f6c7,Randomised controlled trial to measure effectiveness and cost-effectiveness of a digital social intervention promoted by primary care clinicians to adults with asthma to improve asthma control: protocol.,2025.0,2025-01-01,Borislava Mihaylova,,,high,0.88,Bundled staff-profile publication; high person-level OpenAlex match; publication has DOI or year evidence.,,,,,,Journal article,0,,,,,https://www.ndph.ox.ac.uk/publications/2287822,,,BMJ Open,Journal article,,,,,,,1,1,[],{},staff_recent_publications_json
340,Borislava Mihaylova,A5075617051,https://openalex.org/A5075617051,Borislava Mihaylova,0.9,high,local:4c10cd9940e9753a,Health-related quality of life after emergency abdominal surgery.,2025.0,2025-01-01,Borislava Mihaylova,,,high,0.88,Bundled staff-profile publication; high person-level OpenAlex match; publication has DOI or year evidence.,,,,,,Journal article,0,,,,,https://www.ndph.ox.ac.uk/publications/2285582,,,World J Emerg Surg,Journal article,,,,,,,1,1,[],{},staff_recent_publications_json
340,Borislava Mihaylova,A5075617051,https://openalex.org/A5075617051,Borislava Mihaylova,0.9,high,local:e521eb2bd9aa2d6e,2025 Focused Update of the 2019 ESC/EAS Guidelines for the management of dyslipidaemias.,2025.0,2025-01-01,Borislava Mihaylova,,,high,0.88,Bundled staff-profile publication; high person-level OpenAlex match; publication has DOI or year evidence.,,,,,,Journal article,0,,,,,https://www.ndph.ox.ac.uk/publications/2286026,,,Eur Heart J,Journal article,,,,,,,1,1,[],{},staff_recent_publications_json
340,Borislava Mihaylova,A5075617051,https://openalex.org/A5075617051,Borislava Mihaylova,0.9,high,local:db6517066a63f68c,Quality of life of primary caregivers by severity and control of children's asthma: a systematic review and meta-analysis.,2025.0,2025-01-01,Borislava Mihaylova,,,high,0.88,Bundled staff-profile publication; high person-level OpenAlex match; publication has DOI or year evidence.,,,,,,Journal article,0,,,,,https://www.ndph.ox.ac.uk/publications/2287154,,,Qual Life Res,Journal article,,,,,,,1,1,[],{},staff_recent_publications_json
342,Melinda Mills,A5018053342,https://openalex.org/A5018053342,Melinda Mills,0.9,high,local:2d457bfbb54b2c80,Socio-economic status is a social construct with heritable components and genetic consequences.,2025.0,2025-01-01,Melinda Mills,,,high,0.88,Bundled staff-profile publication; high person-level OpenAlex match; publication has DOI or year evidence.,,,,,,Journal article,0,,,,,https://www.ndph.ox.ac.uk/publications/2101526,,,Nat Hum Behav,Journal article,,,,,,,1,1,[],{},staff_recent_publications_json
342,Melinda Mills,A5018053342,https://openalex.org/A5018053342,Melinda Mills,0.9,high,local:2e2adf18d4cd20e3,"Author Correction: Genetics of female and male reproductive traits and their relationship with health, longevity and consequences for offspring.",2025.0,2025-01-01,Melinda Mills,,,high,0.88,Bundled staff-profile publication; high person-level OpenAlex match; publication has DOI or year evidence.,,,,,,Journal article,0,,,,,https://www.ndph.ox.ac.uk/publications/2074925,,,Nat Aging,Journal article,,,,,,,1,1,[],{},staff_recent_publications_json
342,Melinda Mills,A5018053342,https://openalex.org/A5018053342,Melinda Mills,0.9,high,local:8f117af62bb29bb7,"Polygenic prediction of occupational status GWAS elucidates genetic and environmental interplay in intergenerational transmission, careers and health in UK Biobank.",2024.0,2024-01-01,Melinda Mills,,,high,0.88,Bundled staff-profile publication; high person-level OpenAlex match; publication has DOI or year evidence.,,,,,,Journal article,0,,,,,https://www.ndph.ox.ac.uk/publications/2072513,,,Nat Hum Behav,Journal article,,,,,,,1,1,[],{},staff_recent_publications_json
342,Melinda Mills,A5018053342,https://openalex.org/A5018053342,Melinda Mills,0.9,high,local:b069968e4c7cdbb8,"Genetics of female and male reproductive traits and their relationship with health, longevity and consequences for offspring",2024.0,2024-01-01,Melinda Mills,,,high,0.88,Bundled staff-profile publication; high person-level OpenAlex match; publication has DOI or year evidence.,,,,,,Journal article,0,,,,,https://www.ndph.ox.ac.uk/publications/2070772,,,Nature Aging,Journal article,,,,,,,1,1,[],{},staff_recent_publications_json
342,Melinda Mills,A5018053342,https://openalex.org/A5018053342,Melinda Mills,0.9,high,local:d6ae39279819061f,COVID-19 testing and reporting behaviours in England across different sociodemographic groups: a population-based study using testing data and data from community prevalence surveillance surveys.,2024.0,2024-01-01,Melinda Mills,,,high,0.88,Bundled staff-profile publication; high person-level OpenAlex match; publication has DOI or year evidence.,,,,,,Journal article,0,,,,,https://www.ndph.ox.ac.uk/publications/2044349,,,Lancet Digit Health,Journal article,,,,,,,1,1,[],{},staff_recent_publications_json
343,Iona Millwood,A5057853321,https://openalex.org/A5057853321,Iona Millwood,0.9,high,local:5b7c8e25019b49e3,Patterns and correlates of visual impairment and ocular hypertension among older adults in the general Chinese population: results from the CKB Biobank.,2025.0,2025-01-01,Iona Millwood,,,high,0.88,Bundled staff-profile publication; high person-level OpenAlex match; publication has DOI or year evidence.,,,,,,Journal article,0,,,,,https://www.ndph.ox.ac.uk/publications/2283151,,,Br J Ophthalmol,Journal article,,,,,,,1,1,[],{},staff_recent_publications_json
343,Iona Millwood,A5057853321,https://openalex.org/A5057853321,Iona Millwood,0.9,high,local:587732b35aea63ae,Genetic Risk and Prognosis of the First Incident Stroke Survivors: Findings from China Kadoorie Biobank and UK Biobank.,2025.0,2025-01-01,Iona Millwood,,,high,0.88,Bundled staff-profile publication; high person-level OpenAlex match; publication has DOI or year evidence.,,,,,,Journal article,0,,,,,https://www.ndph.ox.ac.uk/publications/2133120,,,Neurology,Journal article,,,,,,,1,1,[],{},staff_recent_publications_json
343,Iona Millwood,A5057853321,https://openalex.org/A5057853321,Iona Millwood,0.9,high,local:6e03f02ba41bfd01,GDF15 and its receptors as pathways mediating smoking related weight change.,2025.0,2025-01-01,Iona Millwood,,,high,0.88,Bundled staff-profile publication; high person-level OpenAlex match; publication has DOI or year evidence.,,,,,,Journal article,0,,,,,https://www.ndph.ox.ac.uk/publications/2128942,,,EBioMedicine,Journal article,,,,,,,1,1,[],{},staff_recent_publications_json
343,Iona Millwood,A5057853321,https://openalex.org/A5057853321,Iona Millwood,0.9,high,local:ea289e92bdd44b10,Proteome-Wide Genetic Study in East Asians and Europeans Identified Multiple Therapeutic Targets for Ischemic Stroke.,2025.0,2025-01-01,Iona Millwood,,,high,0.88,Bundled staff-profile publication; high person-level OpenAlex match; publication has DOI or year evidence.,,,,,,Journal article,0,,,,,https://www.ndph.ox.ac.uk/publications/2120784,,,Stroke,Journal article,,,,,,,1,1,[],{},staff_recent_publications_json
343,Iona Millwood,A5057853321,https://openalex.org/A5057853321,Iona Millwood,0.9,high,local:1144abc8441628c6,Causal Relevance of Lp(a) for Coronary Heart Disease and Stroke Types in East Asian and European Ancestry Populations: A Mendelian Randomization Study.,2025.0,2025-01-01,Iona Millwood,,,high,0.88,Bundled staff-profile publication; high person-level OpenAlex match; publication has DOI or year evidence.,,,,,,Journal article,0,,,,,https://www.ndph.ox.ac.uk/publications/2098981,,,Circulation,Journal article,,,,,,,1,1,[],{},staff_recent_publications_json
345,Stewart Moffat,A5028059579,https://openalex.org/A5028059579,Stewart Moffat,0.9,high,local:0d881538995ef8b6,The authors reply.,2023.0,2023-01-01,Stewart Moffat,,,high,0.88,Bundled staff-profile publication; high person-level OpenAlex match; publication has DOI or year evidence.,,,,,,Journal article,0,,,,,https://www.ndph.ox.ac.uk/publications/1479489,,,Kidney Int,Journal article,,,,,,,1,1,[],{},staff_recent_publications_json
349,Liz Morrell,A5035385617,https://openalex.org/A5035385617,Liz Morrell,0.9,high,local:30cc42542eac2e57,Diagnosing Burkitt Lymphoma in Sub-Saharan Africa by Sequencing of Circulating Tumour DNA: a Comparative Microcosting Study,2025.0,2025-01-01,Liz Morrell,,,high,0.88,Bundled staff-profile publication; high person-level OpenAlex match; publication has DOI or year evidence.,,,,,,Journal article,0,,,,,https://www.ndph.ox.ac.uk/publications/2092625,,,Value in Health Regional Issues,Journal article,,,,,,,1,1,[],{},staff_recent_publications_json
349,Liz Morrell,A5035385617,https://openalex.org/A5035385617,Liz Morrell,0.9,high,local:e60e7ed82ab0c17f,Rituximab for children with EBV-positive Burkitt lymphoma in East Africa.,2025.0,2025-01-01,Liz Morrell,,,high,0.88,Bundled staff-profile publication; high person-level OpenAlex match; publication has DOI or year evidence.,,,,,,Journal article,0,,,,,https://www.ndph.ox.ac.uk/publications/2092162,,,Blood Adv,Journal article,,,,,,,1,1,[],{},staff_recent_publications_json
349,Liz Morrell,A5035385617,https://openalex.org/A5035385617,Liz Morrell,0.9,high,local:e1a940d9f251618e,"How, why and when are delayed (back-up) antibiotic prescriptions used in primary care? A realist review integrating concepts of uncertainty in healthcare",2024.0,2024-01-01,Liz Morrell,,,high,0.88,Bundled staff-profile publication; high person-level OpenAlex match; publication has DOI or year evidence.,,,,,,Journal article,0,,,,,https://www.ndph.ox.ac.uk/publications/2039048,,,BMC Public Health,Journal article,,,,,,,1,1,[],{},staff_recent_publications_json
349,Liz Morrell,A5035385617,https://openalex.org/A5035385617,Liz Morrell,0.9,high,local:b4ee13dc905f8451,Overcoming challenges in the economic evaluation of interventions to optimise antibiotic use.,2024.0,2024-01-01,Liz Morrell,,,high,0.88,Bundled staff-profile publication; high person-level OpenAlex match; publication has DOI or year evidence.,,,,,,Journal article,0,,,,,https://www.ndph.ox.ac.uk/publications/1994383,,,Commun Med (Lond),Journal article,,,,,,,1,1,[],{},staff_recent_publications_json
349,Liz Morrell,A5035385617,https://openalex.org/A5035385617,Liz Morrell,0.9,high,local:2fd08baaf727bd4d,Improving the uptake and SusTainability of Effective interventions to promote Prudent antibiotic Use and Primary care (STEPUP): discrete choice experiments,2023.0,2023-01-01,Liz Morrell,,,high,0.88,Bundled staff-profile publication; high person-level OpenAlex match; publication has DOI or year evidence.,,,,,,Dataset,0,,,,,https://www.ndph.ox.ac.uk/publications/1514093,,,,Dataset,,,,,,,1,1,[],{},staff_recent_publications_json
350,Eva Morris,A5036270196,https://openalex.org/A5036270196,Eva Morris,0.9,high,local:a9b60037f1273f14,"Trends and variation in the incidence of hip fracture in England before, during, and after the COVID-19 pandemic (2014-2024): a population-based observational study.",2025.0,2025-01-01,Eva Morris,,,high,0.88,Bundled staff-profile publication; high person-level OpenAlex match; publication has DOI or year evidence.,,,,,,Journal article,0,,,,,https://www.ndph.ox.ac.uk/publications/2280294,,,Lancet Reg Health Eur,Journal article,,,,,,,1,1,[],{},staff_recent_publications_json
350,Eva Morris,A5036270196,https://openalex.org/A5036270196,Eva Morris,0.9,high,local:0abdffb98dd155ac,Cancer inequalities in the United Kingdom and the data used to measure them: a scoping review.,2025.0,2025-01-01,Eva Morris,,,high,0.88,Bundled staff-profile publication; high person-level OpenAlex match; publication has DOI or year evidence.,,,,,,Journal article,0,,,,,https://www.ndph.ox.ac.uk/publications/2093526,,,Lancet Reg Health Eur,Journal article,,,,,,,1,1,[],{},staff_recent_publications_json
350,Eva Morris,A5036270196,https://openalex.org/A5036270196,Eva Morris,0.9,high,local:e233f574774832b0,"Age-related differences in staging, treatment and net survival in relation to frailty in adults with colon cancer in England: an analysis of the COloRECTal cancer data repository (CORECT-R) resource.",2025.0,2025-01-01,Eva Morris,,,high,0.88,Bundled staff-profile publication; high person-level OpenAlex match; publication has DOI or year evidence.,,,,,,Journal article,0,,,,,https://www.ndph.ox.ac.uk/publications/2091167,,,Age Ageing,Journal article,,,,,,,1,1,[],{},staff_recent_publications_json
350,Eva Morris,A5036270196,https://openalex.org/A5036270196,Eva Morris,0.9,high,local:bcb604e94e15187d,Long-term outcomes of bilateral salpingo-oophorectomy in women with personal history of breast cancer.,2025.0,2025-01-01,Eva Morris,,,high,0.88,Bundled staff-profile publication; high person-level OpenAlex match; publication has DOI or year evidence.,,,,,,Journal article,0,,,,,https://www.ndph.ox.ac.uk/publications/2094061,,,BMJ Oncol,Journal article,,,,,,,1,1,[],{},staff_recent_publications_json
350,Eva Morris,A5036270196,https://openalex.org/A5036270196,Eva Morris,0.9,high,local:e0fd2bcdad303918,Lynch syndrome diagnostic testing pathways in endometrial cancers: a nationwide English registry-based study.,2024.0,2024-01-01,Eva Morris,,,high,0.88,Bundled staff-profile publication; high person-level OpenAlex match; publication has DOI or year evidence.,,,,,,Journal article,0,,,,,https://www.ndph.ox.ac.uk/publications/2041583,,,J Med Genet,Journal article,,,,,,,1,1,[],{},staff_recent_publications_json
352,Sam Morris,A5001463630,https://openalex.org/A5001463630,Sam Morris,0.72,medium,local:fcdcdf500e39d9d5,The Contribution of Gametic Phase Disequilibrium to the Heritability of Complex Traits,2025.0,2025-01-01,Sam Morris,,,medium,0.7,Bundled staff-profile publication; person-level match is credible but paper-level OpenAlex affiliation evidence is not available in the snapshot cache.,,,,,,Journal article,0,,,,,https://www.ndph.ox.ac.uk/publications/2120086,,,Stroke,Journal article,,,,,,,1,1,[],{},staff_recent_publications_json
355,Federico Murgia,A5030256981,https://openalex.org/A5030256981,Federico Murgia,0.9,high,local:e65c1a1e13f67c3d,Mechanistic Pathways Underlying Genetic Predisposition to Atrial Fibrillation Are Associated With Different Cardiac Phenotypes and Cardioembolic Stroke Risk.,2025.0,2025-01-01,Federico Murgia,,,high,0.88,Bundled staff-profile publication; high person-level OpenAlex match; publication has DOI or year evidence.,,,,,,Journal article,0,,,,,https://www.ndph.ox.ac.uk/publications/2131361,,,Circ Genom Precis Med,Journal article,,,,,,,1,1,[],{},staff_recent_publications_json
355,Federico Murgia,A5030256981,https://openalex.org/A5030256981,Federico Murgia,0.9,high,local:8774725266ce6e69,Discrete mechanistic pathways underlying genetic predisposition to atrial fibrillation are associated with different intermediate cardiac phenotypes and risk of cardioembolic stroke,2024.0,2024-01-01,Federico Murgia,,,high,0.88,Bundled staff-profile publication; high person-level OpenAlex match; publication has DOI or year evidence.,,,,,,Preprint,0,,,,,https://www.ndph.ox.ac.uk/publications/2016627,,,,Preprint,,,,,,,1,1,[],{},staff_recent_publications_json
355,Federico Murgia,A5030256981,https://openalex.org/A5030256981,Federico Murgia,0.9,high,local:ffaa13ed3b838561,Discovery and systematic characterization of risk variants and genes for coronary artery disease in over a million participants.,2022.0,2022-01-01,Federico Murgia,,,high,0.88,Bundled staff-profile publication; high person-level OpenAlex match; publication has DOI or year evidence.,,,,,,Journal article,0,,,,,https://www.ndph.ox.ac.uk/publications/1312193,,,Nat Genet,Journal article,,,,,,,1,1,[],{},staff_recent_publications_json
355,Federico Murgia,A5030256981,https://openalex.org/A5030256981,Federico Murgia,0.9,high,local:7b585dc2fdf8e170,"Determining the Relationship Between Blood Pressure, Kidney Function, and Chronic Kidney Disease: Insights From Genetic Epidemiology.",2022.0,2022-01-01,Federico Murgia,,,high,0.88,Bundled staff-profile publication; high person-level OpenAlex match; publication has DOI or year evidence.,,,,,,Journal article,0,,,,,https://www.ndph.ox.ac.uk/publications/1274494,,,Hypertension,Journal article,,,,,,,1,1,[],{},staff_recent_publications_json
355,Federico Murgia,A5030256981,https://openalex.org/A5030256981,Federico Murgia,0.9,high,local:1d3c88a89f962a18,"Are polygenic risk scores for systolic blood pressure and LDL-cholesterol associated with treatment effectiveness, and clinical outcomes among those on treatment?",2021.0,2021-01-01,Federico Murgia,,,high,0.88,Bundled staff-profile publication; high person-level OpenAlex match; publication has DOI or year evidence.,,,,,,Journal article,0,,,,,https://www.ndph.ox.ac.uk/publications/1222777,,,Eur J Prev Cardiol,Journal article,,,,,,,1,1,[],{},staff_recent_publications_json
357,David Murray,A5105508316,https://openalex.org/A5105508316,David Murray,0.72,medium,local:613d0ad9ca635c21,Timing of Stoma Closure in Neonates: the ToSCiN mixed-methods study.,2024.0,2024-01-01,David Murray,,,medium,0.7,Bundled staff-profile publication; person-level match is credible but paper-level OpenAlex affiliation evidence is not available in the snapshot cache.,,,,,,Journal article,0,,,,,https://www.ndph.ox.ac.uk/publications/2054951,,,Health Technol Assess,Journal article,,,,,,,1,1,[],{},staff_recent_publications_json
357,David Murray,A5105508316,https://openalex.org/A5105508316,David Murray,0.72,medium,local:3b7d05b953c1f258,"Immunomodulatory therapy in children with paediatric inflammatory multisystem syndrome temporally associated with SARS-CoV-2 (PIMS-TS, MIS-C; RECOVERY): a randomised, controlled, open-label, platform trial.",2024.0,2024-01-01,David Murray,,,medium,0.7,Bundled staff-profile publication; person-level match is credible but paper-level OpenAlex affiliation evidence is not available in the snapshot cache.,,,,,,Journal article,0,,,,,https://www.ndph.ox.ac.uk/publications/1611469,,,Lancet Child Adolesc Health,Journal article,,,,,,,1,1,[],{},staff_recent_publications_json
357,David Murray,A5105508316,https://openalex.org/A5105508316,David Murray,0.72,medium,local:954b548b677be1be,Techniques to increase lumbar puncture success in newborn babies: the NeoCLEAR RCT.,2023.0,2023-01-01,David Murray,,,medium,0.7,Bundled staff-profile publication; person-level match is credible but paper-level OpenAlex affiliation evidence is not available in the snapshot cache.,,,,,,Journal article,0,,,,,https://www.ndph.ox.ac.uk/publications/1591751,,,Health Technol Assess,Journal article,,,,,,,1,1,[],{},staff_recent_publications_json
357,David Murray,A5105508316,https://openalex.org/A5105508316,David Murray,0.72,medium,local:7d3ba5eef1eb0366,Frenotomy with breastfeeding support versus breastfeeding support alone for infants with tongue-tie and breastfeeding difficulties: the FROSTTIE RCT.,2023.0,2023-01-01,David Murray,,,medium,0.7,Bundled staff-profile publication; person-level match is credible but paper-level OpenAlex affiliation evidence is not available in the snapshot cache.,,,,,,Journal article,0,,,,,https://www.ndph.ox.ac.uk/publications/1521745,,,Health Technol Assess,Journal article,,,,,,,1,1,[],{},staff_recent_publications_json
357,David Murray,A5105508316,https://openalex.org/A5105508316,David Murray,0.72,medium,local:bfc8b448ccf34716,Mixed-methods feasibility study to inform a randomised controlled trial of proton pump inhibitors to reduce strictures following neonatal surgery for oesophageal atresia.,2023.0,2023-01-01,David Murray,,,medium,0.7,Bundled staff-profile publication; person-level match is credible but paper-level OpenAlex affiliation evidence is not available in the snapshot cache.,,,,,,Journal article,0,,,,,https://www.ndph.ox.ac.uk/publications/1331770,,,BMJ Open,Journal article,,,,,,,1,1,[],{},staff_recent_publications_json
358,Rima Mustafa,A5047193909,https://openalex.org/A5047193909,Rima Mustafa,0.9,high,local:73dfcca7b1a301e7,Genome-wide association study and multi-ancestry meta-analysis identify common variants associated with carotid artery intima-media thickness,2025.0,2025-01-01,Rima Mustafa,,,high,0.88,Bundled staff-profile publication; high person-level OpenAlex match; publication has DOI or year evidence.,,,,,,Preprint,0,,,,,https://www.ndph.ox.ac.uk/publications/2119900,,,,Preprint,,,,,,,1,1,[],{},staff_recent_publications_json
358,Rima Mustafa,A5047193909,https://openalex.org/A5047193909,Rima Mustafa,0.9,high,local:65588e2634109a3d,A comprehensive study of genetic regulation and disease associations of plasma circulatory microRNAs using population-level data.,2024.0,2024-01-01,Rima Mustafa,,,high,0.88,Bundled staff-profile publication; high person-level OpenAlex match; publication has DOI or year evidence.,,,,,,Journal article,0,,,,,https://www.ndph.ox.ac.uk/publications/2042815,,,Genome Biol,Journal article,,,,,,,1,1,[],{},staff_recent_publications_json
358,Rima Mustafa,A5047193909,https://openalex.org/A5047193909,Rima Mustafa,0.9,high,local:3d0a9a819a0e5cf4,Expression quantitative trait locus mapping of extracellular microRNAs in human plasma,2024.0,2024-01-01,Rima Mustafa,,,high,0.88,Bundled staff-profile publication; high person-level OpenAlex match; publication has DOI or year evidence.,,,,,,Journal article,0,,,,,https://www.ndph.ox.ac.uk/publications/2037821,,,iScience,Journal article,,,,,,,1,1,[],{},staff_recent_publications_json
358,Rima Mustafa,A5047193909,https://openalex.org/A5047193909,Rima Mustafa,0.9,high,local:0fd98f983f3abcd6,On Biases in a UK Biobank-based Retinal Image Classification Model.,2024.0,2024-01-01,Rima Mustafa,,,high,0.88,Bundled staff-profile publication; high person-level OpenAlex match; publication has DOI or year evidence.,,,,,,Journal article,0,,,,,https://www.ndph.ox.ac.uk/publications/2030608,,,CoRR,Journal article,,,,,,,1,1,[],{},staff_recent_publications_json
358,Rima Mustafa,A5047193909,https://openalex.org/A5047193909,Rima Mustafa,0.9,high,local:423babcd0775c21f,Phenome-wide association study on miRNA-related sequence variants: the UK Biobank.,2023.0,2023-01-01,Rima Mustafa,,,high,0.88,Bundled staff-profile publication; high person-level OpenAlex match; publication has DOI or year evidence.,,,,,,Journal article,0,,,,,https://www.ndph.ox.ac.uk/publications/1570265,,,Hum Genomics,Journal article,,,,,,,1,1,[],{},staff_recent_publications_json
360,Manisha Nair,A5006994700,https://openalex.org/A5006994700,Manisha Nair,0.9,high,local:9f2f4d690229cd20,Facilitators and barriers to implementing and sustaining facility-based stillbirth reviews in India: a qualitative study.,2025.0,2025-01-01,Manisha Nair,,,high,0.88,Bundled staff-profile publication; high person-level OpenAlex match; publication has DOI or year evidence.,,,,,,Journal article,0,,,,,https://www.ndph.ox.ac.uk/publications/2277400,,,BMC Pregnancy Childbirth,Journal article,,,,,,,1,1,[],{},staff_recent_publications_json
360,Manisha Nair,A5006994700,https://openalex.org/A5006994700,Manisha Nair,0.9,high,local:84d690fecba91626,Maternal Anaemia and Congenital Heart Disease in Offspring: A Case-Control Study Using Linked Electronic Health Records in the United Kingdom.,2025.0,2025-01-01,Manisha Nair,,,high,0.88,Bundled staff-profile publication; high person-level OpenAlex match; publication has DOI or year evidence.,,,,,,Journal article,0,,,,,https://www.ndph.ox.ac.uk/publications/2094892,,,BJOG,Journal article,,,,,,,1,1,[],{},staff_recent_publications_json
360,Manisha Nair,A5006994700,https://openalex.org/A5006994700,Manisha Nair,0.9,high,local:e88750e103c1e623,Response to Letter to the Editor Re: Does induction or augmentation of labor increase the risk of postpartum hemorrhage in pregnant women with anemia? A multicenter prospective cohort study in India.,2025.0,2025-01-01,Manisha Nair,,,high,0.88,Bundled staff-profile publication; high person-level OpenAlex match; publication has DOI or year evidence.,,,,,,Journal article,0,,,,,https://www.ndph.ox.ac.uk/publications/2102183,,,Int J Gynaecol Obstet,Journal article,,,,,,,1,1,[],{},staff_recent_publications_json
360,Manisha Nair,A5006994700,https://openalex.org/A5006994700,Manisha Nair,0.9,high,local:3f2a43c8a9179c2a,Maternal anaemia during pregnancy is associated with an increase in the risk of offspring congenital heart disease: a case-control study using linked electronic health records in England,2024.0,2024-01-01,Manisha Nair,,,high,0.88,Bundled staff-profile publication; high person-level OpenAlex match; publication has DOI or year evidence.,,,,,,Preprint,0,,,,,https://www.ndph.ox.ac.uk/publications/2068893,,,,Preprint,,,,,,,1,1,[],{},staff_recent_publications_json
360,Manisha Nair,A5006994700,https://openalex.org/A5006994700,Manisha Nair,0.9,high,local:f2ea4935c96fec8c,Risk factors for labour induction and augmentation: a multicentre prospective cohort study in India.,2024.0,2024-01-01,Manisha Nair,,,high,0.88,Bundled staff-profile publication; high person-level OpenAlex match; publication has DOI or year evidence.,,,,,,Journal article,0,,,,,https://www.ndph.ox.ac.uk/publications/1992973,,,Lancet Reg Health Southeast Asia,Journal article,,,,,,,1,1,[],{},staff_recent_publications_json
361,Mariko Nakahara,A5020279774,https://openalex.org/A5020279774,Mariko Nakahara,0.72,medium,local:d7ebf25cf6f5ea74,Characteristics and outcomes of neonates hospitalised with SARS-CoV-2 infection in the UK by variant: a prospective national cohort study.,2024.0,2024-01-01,Mariko Nakahara,,,medium,0.7,Bundled staff-profile publication; person-level match is credible but paper-level OpenAlex affiliation evidence is not available in the snapshot cache.,,,,,,Journal article,0,,,,,https://www.ndph.ox.ac.uk/publications/1560133,,,Arch Dis Child Fetal Neonatal Ed,Journal article,,,,,,,1,1,[],{},staff_recent_publications_json
365,Thomas Nichols,A5056453682,https://openalex.org/A5056453682,Thomas Nichols,0.9,high,local:89ccc159ea98cc09,"Alcohol Use and Risk of Dementia in Diverse Populations: Evidence from Cohort, Case-control and Mendelian randomization Approaches",2025.0,2025-01-01,Thomas Nichols,,,high,0.88,Bundled staff-profile publication; high person-level OpenAlex match; publication has DOI or year evidence.,,,,,,Journal article,0,,,,,https://www.ndph.ox.ac.uk/publications/2267310,,,BMJ Evidence-Based Medicine,Journal article,,,,,,,1,1,[],{},staff_recent_publications_json
365,Thomas Nichols,A5056453682,https://openalex.org/A5056453682,Thomas Nichols,0.9,high,local:8778ada74f1e9f06,AI-driven reclassification of multiple sclerosis progression.,2025.0,2025-01-01,Thomas Nichols,,,high,0.88,Bundled staff-profile publication; high person-level OpenAlex match; publication has DOI or year evidence.,,,,,,Journal article,0,,,,,https://www.ndph.ox.ac.uk/publications/2283231,,,Nat Med,Journal article,,,,,,,1,1,[],{},staff_recent_publications_json
365,Thomas Nichols,A5056453682,https://openalex.org/A5056453682,Thomas Nichols,0.9,high,local:66f96e5b787f872e,"Risk and protective factors of healthy cognitive
 ageing across diverse global cohorts and causal
 effect of education",,,Thomas Nichols,,,medium,0.7,Bundled staff-profile publication; person-level match is credible but paper-level OpenAlex affiliation evidence is not available in the snapshot cache.,,,,,,Risk and protective factors of healthy cognitive,0,,,,,https://www.ndph.ox.ac.uk/publications/2268905,,,,Risk and protective factors of healthy cognitive,,,,,,,1,1,[],{},staff_recent_publications_json
365,Thomas Nichols,A5056453682,https://openalex.org/A5056453682,Thomas Nichols,0.9,high,local:b1a3433187c7bb35,Brain Perfusion Imaging of a Large Population: Arterial Spin Labelling MRI in UK Biobank,2025.0,2025-01-01,Thomas Nichols,,,high,0.88,Bundled staff-profile publication; high person-level OpenAlex match; publication has DOI or year evidence.,,,,,,Preprint,0,,,,,https://www.ndph.ox.ac.uk/publications/2250724,,,,Preprint,,,,,,,1,1,[],{},staff_recent_publications_json
365,Thomas Nichols,A5056453682,https://openalex.org/A5056453682,Thomas Nichols,0.9,high,local:e004263eb13d8036,Longer scans boost prediction and cut costs in brain-wide association studies.,2025.0,2025-01-01,Thomas Nichols,,,high,0.88,Bundled staff-profile publication; high person-level OpenAlex match; publication has DOI or year evidence.,,,,,,Journal article,0,,,,,https://www.ndph.ox.ac.uk/publications/2247085,,,Nature,Journal article,,,,,,,1,1,[],{},staff_recent_publications_json
369,Rebecca Njuguna,A5049402932,https://openalex.org/A5049402932,Rebecca Njuguna,0.9,high,local:0a9e0a56fed74d59,Does the Risk Premium Differ Between Women Engaging in Commercial and Transactional Sex? Evidence From Urban Cameroon.,2025.0,2025-01-01,Rebecca Njuguna,,,high,0.88,Bundled staff-profile publication; high person-level OpenAlex match; publication has DOI or year evidence.,,,,,,Journal article,0,,,,,https://www.ndph.ox.ac.uk/publications/2130170,,,Health Econ,Journal article,,,,,,,1,1,[],{},staff_recent_publications_json
369,Rebecca Njuguna,A5049402932,https://openalex.org/A5049402932,Rebecca Njuguna,0.9,high,local:96e40549f36a8050,Catastrophic expenditure associated with childhood hospitalisation for acute illness in Kenya and Uganda: a cross-sectional study.,2025.0,2025-01-01,Rebecca Njuguna,,,high,0.88,Bundled staff-profile publication; high person-level OpenAlex match; publication has DOI or year evidence.,,,,,,Journal article,0,,,,,https://www.ndph.ox.ac.uk/publications/2079610,,,BMJ Public Health,Journal article,,,,,,,1,1,[],{},staff_recent_publications_json
369,Rebecca Njuguna,A5049402932,https://openalex.org/A5049402932,Rebecca Njuguna,0.9,high,local:fb97306dc3326940,Examining the influence of health sector coordination on the efficiency of county health systems in Kenya.,2023.0,2023-01-01,Rebecca Njuguna,,,high,0.88,Bundled staff-profile publication; high person-level OpenAlex match; publication has DOI or year evidence.,,,,,,Journal article,0,,,,,https://www.ndph.ox.ac.uk/publications/1337423,,,BMC Health Serv Res,Journal article,,,,,,,1,1,[],{},staff_recent_publications_json
369,Rebecca Njuguna,A5049402932,https://openalex.org/A5049402932,Rebecca Njuguna,0.9,high,local:695db6867a07667b,Examining the influence of budget execution processes on the efficiency of county health systems in Kenya.,2023.0,2023-01-01,Rebecca Njuguna,,,high,0.88,Bundled staff-profile publication; high person-level OpenAlex match; publication has DOI or year evidence.,,,,,,Journal article,0,,,,,https://www.ndph.ox.ac.uk/publications/1305145,,,Health Policy Plan,Journal article,,,,,,,1,1,[],{},staff_recent_publications_json
369,Rebecca Njuguna,A5049402932,https://openalex.org/A5049402932,Rebecca Njuguna,0.9,high,local:25ba538967b5cba1,Correction to: Examining the influence of budget execution processes on the efficiency of county health systems in Kenya.,2023.0,2023-01-01,Rebecca Njuguna,,,high,0.88,Bundled staff-profile publication; high person-level OpenAlex match; publication has DOI or year evidence.,,,,,,Journal article,0,,,,,https://www.ndph.ox.ac.uk/publications/1329355,,,Health Policy Plan,Journal article,,,,,,,1,1,[],{},staff_recent_publications_json
370,Maria Nowicka,A5043366249,https://openalex.org/A5043366249,Maria Nowicka,0.9,high,local:f1a33d79479f1c44,Differential impact of self and environmental antigens on the ontogeny and maintenance of CD4+ T cell memory.,2019.0,2019-01-01,Maria Nowicka,,,high,0.88,Bundled staff-profile publication; high person-level OpenAlex match; publication has DOI or year evidence.,,,,,,Journal article,0,,,,,https://www.ndph.ox.ac.uk/publications/1079911,,,Elife,Journal article,,,,,,,1,1,[],{},staff_recent_publications_json
371,Georgios Ntentas,A5022064712,https://openalex.org/A5022064712,Georgios Ntentas,0.9,high,local:fd09d094a7efa726,"Estimated Doses to the Heart, Lungs and Oesophagus and Risks From Typical UK Radiotherapy for Early Breast Cancer During 2015-2023.",2024.0,2024-01-01,Georgios Ntentas,,,high,0.88,Bundled staff-profile publication; high person-level OpenAlex match; publication has DOI or year evidence.,,,,,,Journal article,0,,,,,https://www.ndph.ox.ac.uk/publications/1995633,,,Clin Oncol (R Coll Radiol),Journal article,,,,,,,1,1,[],{},staff_recent_publications_json
371,Georgios Ntentas,A5022064712,https://openalex.org/A5022064712,Georgios Ntentas,0.9,high,local:1c72c6b1bb1a3b31,Individualised Estimation of Quality-adjusted Survival Benefit and Cost-effectiveness of Proton Beam Therapy in Intermediate-stage Hodgkin Lymphoma.,2023.0,2023-01-01,Georgios Ntentas,,,high,0.88,Bundled staff-profile publication; high person-level OpenAlex match; publication has DOI or year evidence.,,,,,,Journal article,0,,,,,https://www.ndph.ox.ac.uk/publications/1324945,,,Clin Oncol (R Coll Radiol),Journal article,,,,,,,1,1,[],{},staff_recent_publications_json
371,Georgios Ntentas,A5022064712,https://openalex.org/A5022064712,Georgios Ntentas,0.9,high,local:12a3a5f63dd5c194,Proton Therapy in Supradiaphragmatic Lymphoma: Predicting Treatment-Related Mortality to Help Optimize Patient Selection.,2022.0,2022-01-01,Georgios Ntentas,,,high,0.88,Bundled staff-profile publication; high person-level OpenAlex match; publication has DOI or year evidence.,,,,,,Journal article,0,,,,,https://www.ndph.ox.ac.uk/publications/1210112,,,Int J Radiat Oncol Biol Phys,Journal article,,,,,,,1,1,[],{},staff_recent_publications_json
371,Georgios Ntentas,A5022064712,https://openalex.org/A5022064712,Georgios Ntentas,0.9,high,local:ef165b36f28549c8,Informing radiotherapy decisions in stage I/IIa Hodgkin lymphoma: modeling life expectancy using radiation dosimetry.,2022.0,2022-01-01,Georgios Ntentas,,,high,0.88,Bundled staff-profile publication; high person-level OpenAlex match; publication has DOI or year evidence.,,,,,,Journal article,0,,,,,https://www.ndph.ox.ac.uk/publications/1222679,,,Blood Adv,Journal article,,,,,,,1,1,[],{},staff_recent_publications_json
371,Georgios Ntentas,A5022064712,https://openalex.org/A5022064712,Georgios Ntentas,0.9,high,local:fd6beb2c46f8713d,Predicted Risks of Cardiovascular Disease Following Chemotherapy and Radiotherapy in the UK NCRI RAPID Trial of Positron Emission Tomography-Directed Therapy for Early-Stage Hodgkin Lymphoma.,2021.0,2021-01-01,Georgios Ntentas,,,high,0.88,Bundled staff-profile publication; high person-level OpenAlex match; publication has DOI or year evidence.,,,,,,Journal article,0,,,,,https://www.ndph.ox.ac.uk/publications/1191481,,,J Clin Oncol,Journal article,,,,,,,1,1,[],{},staff_recent_publications_json
372,Michelle Nunn,A5029521639,https://openalex.org/A5029521639,Michelle Nunn,0.72,medium,local:caf519acbc3b4d11,"Clinical trial results in context: comparison of baseline characteristics and outcomes of 38,510 RECOVERY trial participants versus a reference population of 346,271 people hospitalised with COVID-19 in England.",2024.0,2024-01-01,Michelle Nunn,,,medium,0.7,Bundled staff-profile publication; person-level match is credible but paper-level OpenAlex affiliation evidence is not available in the snapshot cache.,,,,,,Journal article,0,,,,,https://www.ndph.ox.ac.uk/publications/2010200,,,Trials,Journal article,,,,,,,1,1,[],{},staff_recent_publications_json
372,Michelle Nunn,A5029521639,https://openalex.org/A5029521639,Michelle Nunn,0.72,medium,local:430e2d7c40a71531,Mission Impossible! Retaining old randomised clinical trial data: the ISIS-2 Legacy Database experience,2022.0,2022-01-01,Michelle Nunn,,,medium,0.7,Bundled staff-profile publication; person-level match is credible but paper-level OpenAlex affiliation evidence is not available in the snapshot cache.,,,,,,Poster,0,,,,,https://www.ndph.ox.ac.uk/publications/1327409,,,,Poster,,,,,,,1,1,[],{},staff_recent_publications_json
372,Michelle Nunn,A5029521639,https://openalex.org/A5029521639,Michelle Nunn,0.72,medium,local:166a1c7f22a863e5,Weight loss in a cardiovascular trial population identifies people at future risk of dementia.,2022.0,2022-01-01,Michelle Nunn,,,medium,0.7,Bundled staff-profile publication; person-level match is credible but paper-level OpenAlex affiliation evidence is not available in the snapshot cache.,,,,,,Journal article,0,,,,,https://www.ndph.ox.ac.uk/publications/1277885,,,Alzheimers Dement (Amst),Journal article,,,,,,,1,1,[],{},staff_recent_publications_json
373,Chidiebere Nwolise,A5089467755,https://openalex.org/A5089467755,Chidiebere Nwolise,0.9,high,local:b4789f65ffe9b194,Implementation of RESTORE2 in Care Homes in England: A Mixed Methods Evaluation,2024.0,2024-01-01,Chidiebere Nwolise,,,high,0.88,Bundled staff-profile publication; high person-level OpenAlex match; publication has DOI or year evidence.,,,,,,Journal article,0,,,,,https://www.ndph.ox.ac.uk/publications/2008251,,,Journal of Long-Term Care,Journal article,,,,,,,1,1,[],{},staff_recent_publications_json
373,Chidiebere Nwolise,A5089467755,https://openalex.org/A5089467755,Chidiebere Nwolise,0.9,high,local:db4cb5a0aebb8c50,Implementation of RESTORE2 in Care Homes in England: A Mixed Methods Evaluation,2024.0,2024-01-01,Chidiebere Nwolise,,,high,0.88,Bundled staff-profile publication; high person-level OpenAlex match; publication has DOI or year evidence.,,,,,,Journal article,0,,,,,https://www.ndph.ox.ac.uk/publications/2008252,,,Journal of Long-Term Care,Journal article,,,,,,,1,1,[],{},staff_recent_publications_json
373,Chidiebere Nwolise,A5089467755,https://openalex.org/A5089467755,Chidiebere Nwolise,0.9,high,local:8692104df98e2cdd,Care planning interventions for care home residents: A scoping review,2023.0,2023-01-01,Chidiebere Nwolise,,,high,0.88,Bundled staff-profile publication; high person-level OpenAlex match; publication has DOI or year evidence.,,,,,,Journal article,0,,,,,https://www.ndph.ox.ac.uk/publications/1560088,,,Journal of Long-Term Care,Journal article,,,,,,,1,1,[],{},staff_recent_publications_json
373,Chidiebere Nwolise,A5089467755,https://openalex.org/A5089467755,Chidiebere Nwolise,0.9,high,local:f6a38790ce798b41,DS09 (P50) Exploring Unmet Needs and Attitudes to Skin Self-examination in melanoma survivors: EUNASS study,2023.0,2023-01-01,Chidiebere Nwolise,,,high,0.88,Bundled staff-profile publication; high person-level OpenAlex match; publication has DOI or year evidence.,,,,,,Conference paper,0,,,,,https://www.ndph.ox.ac.uk/publications/1521477,,,BRITISH JOURNAL OF DERMATOLOGY,Conference paper,,,,,,,1,1,[],{},staff_recent_publications_json
373,Chidiebere Nwolise,A5089467755,https://openalex.org/A5089467755,Chidiebere Nwolise,0.9,high,local:36bf584c8a0c3bbc,Exploring unmet needs and attitudes to skin self-examination in melanoma survivors: EUNASS study,2023.0,2023-01-01,Chidiebere Nwolise,,,high,0.88,Bundled staff-profile publication; high person-level OpenAlex match; publication has DOI or year evidence.,,,,,,Conference paper,0,,,,,https://www.ndph.ox.ac.uk/publications/1521478,,,BRITISH JOURNAL OF DERMATOLOGY,Conference paper,,,,,,,1,1,[],{},staff_recent_publications_json
377,Chibuzor Ogamba,A5084134825,https://openalex.org/A5084134825,Chibuzor Ogamba,0.9,high,local:3326a0d994563b34,Factors associated with health-related quality of life and financial toxicity among gynecological cancer patients in Southern Nigeria,2025.0,2025-01-01,Chibuzor Ogamba,,,high,0.88,Bundled staff-profile publication; high person-level OpenAlex match; publication has DOI or year evidence.,,,,,,Journal article,0,,,,,https://www.ndph.ox.ac.uk/publications/2263144,,,Scientific Reports,Journal article,,,,,,,1,1,[],{},staff_recent_publications_json
377,Chibuzor Ogamba,A5084134825,https://openalex.org/A5084134825,Chibuzor Ogamba,0.9,high,local:b41c8ef76f28db7d,Development and implementation of a 3d-HDR brachytherapy program for cervical cancer in a sub-Saharan African centre.,2024.0,2024-01-01,Chibuzor Ogamba,,,high,0.88,Bundled staff-profile publication; high person-level OpenAlex match; publication has DOI or year evidence.,,,,,,Journal article,0,,,,,https://www.ndph.ox.ac.uk/publications/2074763,,,Brachytherapy,Journal article,,,,,,,1,1,[],{},staff_recent_publications_json
377,Chibuzor Ogamba,A5084134825,https://openalex.org/A5084134825,Chibuzor Ogamba,0.9,high,local:8cb9a9d1c1f36b91,Identifying proteomic risk factors for cancer using prospective and exome analyses of 1463 circulating proteins and risk of 19 cancers in the UK Biobank.,2024.0,2024-01-01,Chibuzor Ogamba,,,high,0.88,Bundled staff-profile publication; high person-level OpenAlex match; publication has DOI or year evidence.,,,,,,Journal article,0,,,,,https://www.ndph.ox.ac.uk/publications/1996630,,,Nat Commun,Journal article,,,,,,,1,1,[],{},staff_recent_publications_json
377,Chibuzor Ogamba,A5084134825,https://openalex.org/A5084134825,Chibuzor Ogamba,0.9,high,local:40cd6851a6860aa1,"Perceptions of Nigerian medical students regarding their preparedness for precision medicine: a cross-sectional survey in Lagos, Nigeria.",2023.0,2023-01-01,Chibuzor Ogamba,,,high,0.88,Bundled staff-profile publication; high person-level OpenAlex match; publication has DOI or year evidence.,,,,,,Journal article,0,,,,,https://www.ndph.ox.ac.uk/publications/1570662,,,BMC Med Educ,Journal article,,,,,,,1,1,[],{},staff_recent_publications_json
377,Chibuzor Ogamba,A5084134825,https://openalex.org/A5084134825,Chibuzor Ogamba,0.9,high,local:184c0bba80df4aa9,"Preparedness of Nigerian Medical Students for an Era of Precision Medicine – A Cross-sectional Survey in Lagos, Nigeria.",2023.0,2023-01-01,Chibuzor Ogamba,,,high,0.88,Bundled staff-profile publication; high person-level OpenAlex match; publication has DOI or year evidence.,,,,,,Preprint,0,,,,,https://www.ndph.ox.ac.uk/publications/1607179,,,,Preprint,,,,,,,1,1,[],{},staff_recent_publications_json
378,Emre Oguzman,A5107045806,https://openalex.org/A5107045806,Emre Oguzman,0.9,high,local:0abdffb98dd155ac,Cancer inequalities in the United Kingdom and the data used to measure them: a scoping review.,2025.0,2025-01-01,Emre Oguzman,,,high,0.88,Bundled staff-profile publication; high person-level OpenAlex match; publication has DOI or year evidence.,,,,,,Journal article,0,,,,,https://www.ndph.ox.ac.uk/publications/2093526,,,Lancet Reg Health Eur,Journal article,,,,,,,1,1,[],{},staff_recent_publications_json
378,Emre Oguzman,A5107045806,https://openalex.org/A5107045806,Emre Oguzman,0.9,high,local:ab9f8794cfa16395,Qualitative study of UK health and care professionals to determine resources and processes that can support actions to improve quality of data used to address and monitor health inequalities,2024.0,2024-01-01,Emre Oguzman,,,high,0.88,Bundled staff-profile publication; high person-level OpenAlex match; publication has DOI or year evidence.,,,,,,Journal article,0,,,,,https://www.ndph.ox.ac.uk/publications/2098089,,,BMJ Open,Journal article,,,,,,,1,1,[],{},staff_recent_publications_json
381,Wemimo Omiyale,A5034880165,https://openalex.org/A5034880165,Wemimo Omiyale,0.9,high,local:db80297f61b23569,Comparison of body composition measures assessed by bioelectrical impedance analysis versus dual-energy X-ray absorptiometry in the United Kingdom Biobank.,2024.0,2024-01-01,Wemimo Omiyale,,,high,0.88,Bundled staff-profile publication; high person-level OpenAlex match; publication has DOI or year evidence.,,,,,,Journal article,0,,,,,https://www.ndph.ox.ac.uk/publications/2011338,,,Clin Nutr ESPEN,Journal article,,,,,,,1,1,[],{},staff_recent_publications_json
381,Wemimo Omiyale,A5034880165,https://openalex.org/A5034880165,Wemimo Omiyale,0.9,high,local:48bbae0c045225a2,Waist-to-height ratio and body fat percentage as risk factors for ischemic cardiovascular disease: a prospective cohort study from UK Biobank.,2024.0,2024-01-01,Wemimo Omiyale,,,high,0.88,Bundled staff-profile publication; high person-level OpenAlex match; publication has DOI or year evidence.,,,,,,Journal article,0,,,,,https://www.ndph.ox.ac.uk/publications/1996474,,,Am J Clin Nutr,Journal article,,,,,,,1,1,[],{},staff_recent_publications_json
382,Tin Orešković,A5068841264,https://openalex.org/A5068841264,Tin Orešković,0.9,high,local:e89e7f6e9e3beaa7,Cytisine Versus Varenicline for Smoking Cessation in a Primary Care Setting: A Randomized Non-inferiority Trial.,2023.0,2023-01-01,Tin Orešković,,,high,0.88,Bundled staff-profile publication; high person-level OpenAlex match; publication has DOI or year evidence.,,,,,,Journal article,0,,,,,https://www.ndph.ox.ac.uk/publications/2079362,,,Nicotine Tob Res,Journal article,,,,,,,1,1,[],{},staff_recent_publications_json
382,Tin Orešković,A5068841264,https://openalex.org/A5068841264,Tin Orešković,0.9,high,local:4d66505a1b42c956,The predictive validity of a Brain Care Score for dementia and stroke: data from the UK Biobank cohort.,2023.0,2023-01-01,Tin Orešković,,,high,0.88,Bundled staff-profile publication; high person-level OpenAlex match; publication has DOI or year evidence.,,,,,,Journal article,0,,,,,https://www.ndph.ox.ac.uk/publications/1585900,,,Front Neurol,Journal article,,,,,,,1,1,[],{},staff_recent_publications_json
382,Tin Orešković,A5068841264,https://openalex.org/A5068841264,Tin Orešković,0.9,high,local:1b4fccc88465b8a9,Violations of independence: ethnicity and COVID-19 in Brazil,2020.0,2020-01-01,Tin Orešković,,,high,0.88,Bundled staff-profile publication; high person-level OpenAlex match; publication has DOI or year evidence.,,,,,,Journal article,0,,,,,https://www.ndph.ox.ac.uk/publications/2079366,,,The Lancet Global Health,Journal article,,,,,,,1,1,[],{},staff_recent_publications_json
383,Hongchao Pan,A5101820011,https://openalex.org/A5101820011,Hongchao Pan,0.9,high,local:9f5412f61ac8b0fd,Anthracycline-containing and taxane-containing chemotherapy for early-stage operable breast cancer: a patient-level meta-analysis of 100 000 women from 86 randomised trials.,2023.0,2023-01-01,Hongchao Pan,,,high,0.88,Bundled staff-profile publication; high person-level OpenAlex match; publication has DOI or year evidence.,,,,,,Journal article,0,,,,,https://www.ndph.ox.ac.uk/publications/1326541,,,Lancet,Journal article,,,,,,,1,1,[],{},staff_recent_publications_json
383,Hongchao Pan,A5101820011,https://openalex.org/A5101820011,Hongchao Pan,0.9,high,local:97cc204406f7fe10,Remdesivir and three other drugs for hospitalised patients with COVID-19: final results of the WHO Solidarity randomised trial and updated meta-analyses,2022.0,2022-01-01,Hongchao Pan,,,high,0.88,Bundled staff-profile publication; high person-level OpenAlex match; publication has DOI or year evidence.,,,,,,Journal article,0,,,,,https://www.ndph.ox.ac.uk/publications/1326749,,,The Lancet,Journal article,,,,,,,1,1,[],{},staff_recent_publications_json
383,Hongchao Pan,A5101820011,https://openalex.org/A5101820011,Hongchao Pan,0.9,high,local:16db2ce7b150e5cd,Repurposed Antiviral Drugs for Covid-19 - Interim WHO Solidarity Trial Results.,2020.0,2020-01-01,Hongchao Pan,,,high,0.88,Bundled staff-profile publication; high person-level OpenAlex match; publication has DOI or year evidence.,,,,,,Journal article,0,,,,,https://www.ndph.ox.ac.uk/publications/1148299,,,N Engl J Med,Journal article,,,,,,,1,1,[],{},staff_recent_publications_json
383,Hongchao Pan,A5101820011,https://openalex.org/A5101820011,Hongchao Pan,0.9,high,local:4802d21a47ff3c24,Repurposed antiviral drugs for COVID-19 –interim WHO SOLIDARITY trial results,2020.0,2020-01-01,Hongchao Pan,,,high,0.88,Bundled staff-profile publication; high person-level OpenAlex match; publication has DOI or year evidence.,,,,,,Journal article,0,,,,,https://www.ndph.ox.ac.uk/publications/1145969,,,MedRxiv,Journal article,,,,,,,1,1,[],{},staff_recent_publications_json
383,Hongchao Pan,A5101820011,https://openalex.org/A5101820011,Hongchao Pan,0.9,high,local:7054b08a26b6a22c,Smoking and risk of Parkinson's disease: 65 year follow-up of the British Doctors study,2020.0,2020-01-01,Hongchao Pan,,,high,0.88,Bundled staff-profile publication; high person-level OpenAlex match; publication has DOI or year evidence.,,,,,,Journal article,0,,,,,https://www.ndph.ox.ac.uk/publications/1096846,,,Neurology,Journal article,,,,,,,1,1,[],{},staff_recent_publications_json
385,Keren Papier,A5090570599,https://openalex.org/A5090570599,Keren Papier,0.9,high,local:2b2514010d1d7471,Correction to: Methods and participant characteristics in the Cancer risk in vegetarians consortium: a cross-sectional analysis across 11 prospective studies.,2025.0,2025-01-01,Keren Papier,,,high,0.88,Bundled staff-profile publication; high person-level OpenAlex match; publication has DOI or year evidence.,,,,,,Journal article,0,,,,,https://www.ndph.ox.ac.uk/publications/2129704,,,BMC Public Health,Journal article,,,,,,,1,1,[],{},staff_recent_publications_json
385,Keren Papier,A5090570599,https://openalex.org/A5090570599,Keren Papier,0.9,high,local:2c25e8ff729d910d,Higher adherence to the EAT-Lancet reference diet is inversely associated with mortality in a UK population of cancer survivors.,2025.0,2025-01-01,Keren Papier,,,high,0.88,Bundled staff-profile publication; high person-level OpenAlex match; publication has DOI or year evidence.,,,,,,Journal article,0,,,,,https://www.ndph.ox.ac.uk/publications/2124457,,,BMC Med,Journal article,,,,,,,1,1,[],{},staff_recent_publications_json
385,Keren Papier,A5090570599,https://openalex.org/A5090570599,Keren Papier,0.9,high,local:47a8fcd0d39ac449,Sex differences in cancer incidence: prospective analyses in the UK Biobank.,2025.0,2025-01-01,Keren Papier,,,high,0.88,Bundled staff-profile publication; high person-level OpenAlex match; publication has DOI or year evidence.,,,,,,Journal article,0,,,,,https://www.ndph.ox.ac.uk/publications/2123279,,,Br J Cancer,Journal article,,,,,,,1,1,[],{},staff_recent_publications_json
385,Keren Papier,A5090570599,https://openalex.org/A5090570599,Keren Papier,0.9,high,local:919acd6244e09c63,"Whole diets, whole health.",2025.0,2025-01-01,Keren Papier,,,high,0.88,Bundled staff-profile publication; high person-level OpenAlex match; publication has DOI or year evidence.,,,,,,Journal article,0,,,,,https://www.ndph.ox.ac.uk/publications/2117637,,,Nat Med,Journal article,,,,,,,1,1,[],{},staff_recent_publications_json
385,Keren Papier,A5090570599,https://openalex.org/A5090570599,Keren Papier,0.9,high,local:614ed622dba9828e,"Amount and intensity of daily total physical activity, step count and risk of incident cancer in the UK Biobank.",2025.0,2025-01-01,Keren Papier,,,high,0.88,Bundled staff-profile publication; high person-level OpenAlex match; publication has DOI or year evidence.,,,,,,Journal article,0,,,,,https://www.ndph.ox.ac.uk/publications/2101867,,,Br J Sports Med,Journal article,,,,,,,1,1,[],{},staff_recent_publications_json
386,Bartek Papiez,A5074555156,https://openalex.org/A5074555156,Bartek Papiez,0.9,high,local:0f191ae25358ed37,Exploring the Effectiveness of Deep Features from Domain-Specific Foundation Models in Retinal Image Synthesis,2026.0,2026-01-01,Bartek Papiez,,,high,0.88,Bundled staff-profile publication; high person-level OpenAlex match; publication has DOI or year evidence.,,,,,,Chapter,0,,,,,https://www.ndph.ox.ac.uk/publications/2247031,,,Lecture Notes in Computer Science,Chapter,,,,,,,1,1,[],{},staff_recent_publications_json
386,Bartek Papiez,A5074555156,https://openalex.org/A5074555156,Bartek Papiez,0.9,high,local:5f6cbcc5464d040f,A Naive Trick to Accelerate Training of LNCC-Based Deep Image Registration Models,2025.0,2025-01-01,Bartek Papiez,,,high,0.88,Bundled staff-profile publication; high person-level OpenAlex match; publication has DOI or year evidence.,,,,,,Preprint,0,,,,,https://www.ndph.ox.ac.uk/publications/2094490,,,,Preprint,,,,,,,1,1,[],{},staff_recent_publications_json
386,Bartek Papiez,A5074555156,https://openalex.org/A5074555156,Bartek Papiez,0.9,high,local:3ebb1b4a1a830d46,"Cancer Prevention, Detection, and Intervention - Third MICCAI Workshop, CaPTion 2024, Held in Conjunction with MICCAI 2024, Marrakesh, Morocco, October 6, 2024, Proceedings",2025.0,2025-01-01,Bartek Papiez,,,high,0.88,Bundled staff-profile publication; high person-level OpenAlex match; publication has DOI or year evidence.,,,,,,Conference paper,0,,,,,https://www.ndph.ox.ac.uk/publications/2052390,,,CaPTion@MICCAI,Conference paper,,,,,,,1,1,[],{},staff_recent_publications_json
386,Bartek Papiez,A5074555156,https://openalex.org/A5074555156,Bartek Papiez,0.9,high,local:f85af5d80cf8da85,DiffuSeg: Domain-driven Diffusion for Medical Image Segmentation,2025.0,2025-01-01,Bartek Papiez,,,high,0.88,Bundled staff-profile publication; high person-level OpenAlex match; publication has DOI or year evidence.,,,,,,Journal article,0,,,,,https://www.ndph.ox.ac.uk/publications/2078774,,,IEEE Journal of Biomedical and Health Informatics,Journal article,,,,,,,1,1,[],{},staff_recent_publications_json
386,Bartek Papiez,A5074555156,https://openalex.org/A5074555156,Bartek Papiez,0.9,high,local:28276f9b32f54d9e,Preface,2025.0,2025-01-01,Bartek Papiez,,,high,0.88,Bundled staff-profile publication; high person-level OpenAlex match; publication has DOI or year evidence.,,,,,,Journal article,0,,,,,https://www.ndph.ox.ac.uk/publications/2056694,,,Lecture Notes in Computer Science (including subseries Lecture Notes in Artificial Intelligence and Lecture Notes in Bioinformatics),Journal article,,,,,,,1,1,[],{},staff_recent_publications_json
387,Sarah Parish,A5072077709,https://openalex.org/A5072077709,Sarah Parish,0.9,high,local:1144abc8441628c6,Causal Relevance of Lp(a) for Coronary Heart Disease and Stroke Types in East Asian and European Ancestry Populations: A Mendelian Randomization Study.,2025.0,2025-01-01,Sarah Parish,,,high,0.88,Bundled staff-profile publication; high person-level OpenAlex match; publication has DOI or year evidence.,,,,,,Journal article,0,,,,,https://www.ndph.ox.ac.uk/publications/2098981,,,Circulation,Journal article,,,,,,,1,1,[],{},staff_recent_publications_json
387,Sarah Parish,A5072077709,https://openalex.org/A5072077709,Sarah Parish,0.9,high,local:c1963daa793d6285,Balancing the risk of major bleeding against vascular disease risk in people without atherosclerotic disease.,2025.0,2025-01-01,Sarah Parish,,,high,0.88,Bundled staff-profile publication; high person-level OpenAlex match; publication has DOI or year evidence.,,,,,,Journal article,0,,,,,https://www.ndph.ox.ac.uk/publications/2092650,,,Heart,Journal article,,,,,,,1,1,[],{},staff_recent_publications_json
387,Sarah Parish,A5072077709,https://openalex.org/A5072077709,Sarah Parish,0.9,high,local:6e1e94f255ef00e9,Effects of aspirin and omega-3 fatty acids on age-related macular degeneration in ASCEND-Eye: a randomised placebo-controlled trial in a population with diabetes.,2025.0,2025-01-01,Sarah Parish,,,high,0.88,Bundled staff-profile publication; high person-level OpenAlex match; publication has DOI or year evidence.,,,,,,Journal article,0,,,,,https://www.ndph.ox.ac.uk/publications/2077095,,,BMJ Open,Journal article,,,,,,,1,1,[],{},staff_recent_publications_json
387,Sarah Parish,A5072077709,https://openalex.org/A5072077709,Sarah Parish,0.9,high,local:d9398cf3c8ac6c10,"Role of primary and secondary care data in atrial fibrillation ascertainment: impact on risk factor associations, patient management, and mortality in UK Biobank.",2025.0,2025-01-01,Sarah Parish,,,high,0.88,Bundled staff-profile publication; high person-level OpenAlex match; publication has DOI or year evidence.,,,,,,Journal article,0,,,,,https://www.ndph.ox.ac.uk/publications/2084149,,,Europace,Journal article,,,,,,,1,1,[],{},staff_recent_publications_json
387,Sarah Parish,A5072077709,https://openalex.org/A5072077709,Sarah Parish,0.9,high,local:4e936b8f3ea9d929,Effects of aspirin and omega-3 fatty acids on composite and subdomain scores from the NEI-VFQ-25 questionnaire: the ASCEND-Eye randomized controlled trial.,2024.0,2024-01-01,Sarah Parish,,,high,0.88,Bundled staff-profile publication; high person-level OpenAlex match; publication has DOI or year evidence.,,,,,,Journal article,0,,,,,https://www.ndph.ox.ac.uk/publications/2041444,,,BMC Ophthalmol,Journal article,,,,,,,1,1,[],{},staff_recent_publications_json
388,Melody Parker,A5104684075,https://openalex.org/A5104684075,Melody Parker,0.72,medium,local:9c57f5894fc11846,Evaluation of the accuracy of bacterial genome reconstruction with Oxford Nanopore R10.4.1 long-read-only sequencing,2024.0,2024-01-01,Melody Parker,,,medium,0.7,Bundled staff-profile publication; person-level match is credible but paper-level OpenAlex affiliation evidence is not available in the snapshot cache.,,,,,,Journal article,0,,,,,https://www.ndph.ox.ac.uk/publications/1990953,,,Microbial Genomics,Journal article,,,,,,,1,1,[],{},staff_recent_publications_json
389,Michael Parker,A5069971095,https://openalex.org/A5069971095,Michael Parker,0.9,high,local:0d86c4e7ba7ea46f,Self-rated benefits and knowledge gain from e-learning: the longitudinal use of an online learning experience at an international medical school,2025.0,2025-01-01,Michael Parker,,,high,0.88,Bundled staff-profile publication; high person-level OpenAlex match; publication has DOI or year evidence.,,,,,,Journal article,0,,,,,https://www.ndph.ox.ac.uk/publications/2095139,,,BMC Medical Education,Journal article,,,,,,,1,1,[],{},staff_recent_publications_json
389,Michael Parker,A5069971095,https://openalex.org/A5069971095,Michael Parker,0.9,high,local:427c3f8fe25eb99b,Life from death: ethical implications of uterus transplantation from deceased donors in global health.,2025.0,2025-01-01,Michael Parker,,,high,0.88,Bundled staff-profile publication; high person-level OpenAlex match; publication has DOI or year evidence.,,,,,,Journal article,0,,,,,https://www.ndph.ox.ac.uk/publications/2131426,,,BMJ Glob Health,Journal article,,,,,,,1,1,[],{},staff_recent_publications_json
389,Michael Parker,A5069971095,https://openalex.org/A5069971095,Michael Parker,0.9,high,local:094c732ff08de1fc,Determining a role for Patient and Public Involvement and Engagement (PPIE) in genomic data governance for cancer care,2025.0,2025-01-01,Michael Parker,,,high,0.88,Bundled staff-profile publication; high person-level OpenAlex match; publication has DOI or year evidence.,,,,,,Journal article,0,,,,,https://www.ndph.ox.ac.uk/publications/2125590,,,European Journal of Human Genetics,Journal article,,,,,,,1,1,[],{},staff_recent_publications_json
389,Michael Parker,A5069971095,https://openalex.org/A5069971095,Michael Parker,0.9,high,local:846a30bd7591f186,Author Correction: Call for a fairer approach to authorship in publishing biomedical research.,2025.0,2025-01-01,Michael Parker,,,high,0.88,Bundled staff-profile publication; high person-level OpenAlex match; publication has DOI or year evidence.,,,,,,Journal article,0,,,,,https://www.ndph.ox.ac.uk/publications/2121381,,,Commun Med (Lond),Journal article,,,,,,,1,1,[],{},staff_recent_publications_json
389,Michael Parker,A5069971095,https://openalex.org/A5069971095,Michael Parker,0.9,high,local:2d869ed39ebad2d3,The value of large-scale programmes in human genomics.,2025.0,2025-01-01,Michael Parker,,,high,0.88,Bundled staff-profile publication; high person-level OpenAlex match; publication has DOI or year evidence.,,,,,,Journal article,0,,,,,https://www.ndph.ox.ac.uk/publications/2117295,,,Eur J Hum Genet,Journal article,,,,,,,1,1,[],{},staff_recent_publications_json
390,Max Parkin,A5094720978,https://openalex.org/A5094720978,Max Parkin,0.45,low,local:e30515bed772c53e,"Cardiac mortality after radiotherapy, chemotherapy and endocrine therapy for breast cancer: Cohort study of 2 million women from 57 cancer registries in 22 countries.",2020.0,2020-01-01,Max Parkin,,,low,0.48,Bundled staff-profile publication with weak or missing person/paper evidence.,,,,,,Journal article,0,,,,,https://www.ndph.ox.ac.uk/publications/1085369,,,Int J Cancer,Journal article,,,,,,,1,1,[],{},staff_recent_publications_json
390,Max Parkin,A5094720978,https://openalex.org/A5094720978,Max Parkin,0.45,low,local:9e6bb9233f77496c,Temporal trends in food group availability and cancer incidence in Africa: an ecological analysis.,2019.0,2019-01-01,Max Parkin,,,low,0.48,Bundled staff-profile publication with weak or missing person/paper evidence.,,,,,,Journal article,0,,,,,https://www.ndph.ox.ac.uk/publications/1054707,,,Public Health Nutr,Journal article,,,,,,,1,1,[],{},staff_recent_publications_json
390,Max Parkin,A5094720978,https://openalex.org/A5094720978,Max Parkin,0.45,low,local:c010bee00d7b46b4,Cancers related to lifestyle and environmental factors in France in 2015.,2018.0,2018-01-01,Max Parkin,,,low,0.48,Bundled staff-profile publication with weak or missing person/paper evidence.,,,,,,Journal article,0,,,,,https://www.ndph.ox.ac.uk/publications/946086,,,Eur J Cancer,Journal article,,,,,,,1,1,[],{},staff_recent_publications_json
390,Max Parkin,A5094720978,https://openalex.org/A5094720978,Max Parkin,0.45,low,local:07515ee1151fb5dc,Tumor size and stage of breast cancer in Côte d'Ivoire and Republic of Congo - Results from population-based cancer registries.,2015.0,2015-01-01,Max Parkin,,,low,0.48,Bundled staff-profile publication with weak or missing person/paper evidence.,,,,,,Journal article,0,,,,,https://www.ndph.ox.ac.uk/publications/560735,,,Breast,Journal article,,,,,,,1,1,[],{},staff_recent_publications_json
390,Max Parkin,A5094720978,https://openalex.org/A5094720978,Max Parkin,0.45,low,local:78308aa1430cb06d,"Incidence of cancer in Nairobi, Kenya (2004-2008).",2015.0,2015-01-01,Max Parkin,,,low,0.48,Bundled staff-profile publication with weak or missing person/paper evidence.,,,,,,Journal article,0,,,,,https://www.ndph.ox.ac.uk/publications/531681,,,Int J Cancer,Journal article,,,,,,,1,1,[],{},staff_recent_publications_json
396,Samantha Pendleton,A5041246774,https://openalex.org/A5041246774,Samantha Pendleton,0.72,medium,local:4bc043308d48af90,Prognostic factors for worsening and improvement in multiple sclerosis using a multi-state model,2024.0,2024-01-01,Samantha Pendleton,,,medium,0.7,Bundled staff-profile publication; person-level match is credible but paper-level OpenAlex affiliation evidence is not available in the snapshot cache.,,,,,,Journal article,0,,,,,https://www.ndph.ox.ac.uk/publications/2030307,,,Multiple Sclerosis,Journal article,,,,,,,1,1,[],{},staff_recent_publications_json
398,Michele Peters,A5009107752,https://openalex.org/A5009107752,Michele Peters,0.9,high,local:25367836759a13c1,What do people do in the aftermath of healthcare-related harm? A qualitative study on experiences and factors influencing decision-making.,2025.0,2025-01-01,Michele Peters,,,high,0.88,Bundled staff-profile publication; high person-level OpenAlex match; publication has DOI or year evidence.,,,,,,Journal article,0,,,,,https://www.ndph.ox.ac.uk/publications/2127755,,,BMJ Qual Saf,Journal article,,,,,,,1,1,[],{},staff_recent_publications_json
398,Michele Peters,A5009107752,https://openalex.org/A5009107752,Michele Peters,0.9,high,local:af9596922808b9f3,Investigating Person‐Centred Care Planning in Care Homes Across England: An Exploratory Study of Practices and Contextual Factors,2025.0,2025-01-01,Michele Peters,,,high,0.88,Bundled staff-profile publication; high person-level OpenAlex match; publication has DOI or year evidence.,,,,,,Journal article,0,,,,,https://www.ndph.ox.ac.uk/publications/2109910,,,Journal of Advanced Nursing,Journal article,,,,,,,1,1,[],{},staff_recent_publications_json
398,Michele Peters,A5009107752,https://openalex.org/A5009107752,Michele Peters,0.9,high,local:ecc26767ceb7763a,"Patient-reported harm from NHS treatment or care, or the lack of access to care: a cross-sectional survey of general population prevalence, impact and responses.",2025.0,2025-01-01,Michele Peters,,,high,0.88,Bundled staff-profile publication; high person-level OpenAlex match; publication has DOI or year evidence.,,,,,,Journal article,0,,,,,https://www.ndph.ox.ac.uk/publications/2117175,,,BMJ Qual Saf,Journal article,,,,,,,1,1,[],{},staff_recent_publications_json
398,Michele Peters,A5009107752,https://openalex.org/A5009107752,Michele Peters,0.9,high,local:56c46a93ada4e787,New Ways of Working to Manage and Improve Quality in Integrated Care Systems in England,2025.0,2025-01-01,Michele Peters,,,high,0.88,Bundled staff-profile publication; high person-level OpenAlex match; publication has DOI or year evidence.,,,,,,Journal article,0,,,,,https://www.ndph.ox.ac.uk/publications/2081187,,,International Journal of Health Policy and Management,Journal article,,,,,,,1,1,[],{},staff_recent_publications_json
398,Michele Peters,A5009107752,https://openalex.org/A5009107752,Michele Peters,0.9,high,local:14c55d6c0b988497,Perceptions of Cardiovascular Healthcare Professionals Regarding Clinical Trials: A Survey-Based Study from the Middle East.,2025.0,2025-01-01,Michele Peters,,,high,0.88,Bundled staff-profile publication; high person-level OpenAlex match; publication has DOI or year evidence.,,,,,,Journal article,0,,,,,https://www.ndph.ox.ac.uk/publications/2081736,,,Glob Heart,Journal article,,,,,,,1,1,[],{},staff_recent_publications_json
399,Leon Peto,A5054745997,https://openalex.org/A5054745997,Leon Peto,0.9,high,local:7340bc89eded548b,"Sotrovimab versus usual care in patients admitted to hospital with COVID-19 (RECOVERY): a randomised, controlled, open-label, platform trial.",2026.0,2026-01-01,Leon Peto,,,high,0.88,Bundled staff-profile publication; high person-level OpenAlex match; publication has DOI or year evidence.,,,,,,Journal article,0,,,,,https://www.ndph.ox.ac.uk/publications/2127471,,,Lancet Infect Dis,Journal article,,,,,,,1,1,[],{},staff_recent_publications_json
399,Leon Peto,A5054745997,https://openalex.org/A5054745997,Leon Peto,0.9,high,local:534fbe870a1cf7ea,"Molnupiravir or nirmatrelvir-ritonavir plus usual care versus usual care alone in patients admitted to hospital with COVID-19 (RECOVERY): a randomised, controlled, open-label, platform trial.",2025.0,2025-01-01,Leon Peto,,,high,0.88,Bundled staff-profile publication; high person-level OpenAlex match; publication has DOI or year evidence.,,,,,,Journal article,0,,,,,https://www.ndph.ox.ac.uk/publications/2123601,,,Lancet Infect Dis,Journal article,,,,,,,1,1,[],{},staff_recent_publications_json
399,Leon Peto,A5054745997,https://openalex.org/A5054745997,Leon Peto,0.9,high,local:9115750582ad4771,The impact of different antimicrobial exposures on the gut microbiome in the ARMORD observational study,2025.0,2025-01-01,Leon Peto,,,high,0.88,Bundled staff-profile publication; high person-level OpenAlex match; publication has DOI or year evidence.,,,,,,Preprint,0,,,,,https://www.ndph.ox.ac.uk/publications/2242938,,,,Preprint,,,,,,,1,1,[],{},staff_recent_publications_json
399,Leon Peto,A5054745997,https://openalex.org/A5054745997,Leon Peto,0.9,high,local:9b525ef6b32a390f,"Higher dose corticosteroids in hospitalised COVID-19 patients requiring ventilatory support (RECOVERY): a randomised, controlled, open-label, platform trial.",2025.0,2025-01-01,Leon Peto,,,high,0.88,Bundled staff-profile publication; high person-level OpenAlex match; publication has DOI or year evidence.,,,,,,Journal article,0,,,,,https://www.ndph.ox.ac.uk/publications/2078464,,,EClinicalMedicine,Journal article,,,,,,,1,1,[],{},staff_recent_publications_json
399,Leon Peto,A5054745997,https://openalex.org/A5054745997,Leon Peto,0.9,high,local:940ece6d9ee94804,"Sotrovimab versus usual care in patients admitted to hospital with COVID-19: a randomised, controlled, open-label, platform trial (RECOVERY)",2025.0,2025-01-01,Leon Peto,,,high,0.88,Bundled staff-profile publication; high person-level OpenAlex match; publication has DOI or year evidence.,,,,,,Preprint,0,,,,,https://www.ndph.ox.ac.uk/publications/2081566,,,,Preprint,,,,,,,1,1,[],{},staff_recent_publications_json
400,Richard Peto,A5041941850,https://openalex.org/A5041941850,Richard Peto,0.72,medium,local:8e5ecaf3abbde096,A Mendelian randomization study of the effect of body mass index on 52 causes of death among 125 000 Mexican adults with admixed ancestry.,2025.0,2025-01-01,Richard Peto,,,medium,0.7,Bundled staff-profile publication; person-level match is credible but paper-level OpenAlex affiliation evidence is not available in the snapshot cache.,,,,,,Journal article,0,,,,,https://www.ndph.ox.ac.uk/publications/2127954,,,Int J Epidemiol,Journal article,,,,,,,1,1,[],{},staff_recent_publications_json
400,Richard Peto,A5041941850,https://openalex.org/A5041941850,Richard Peto,0.72,medium,local:41aaa27ffe654da7,Halving premature death and improving quality of life at all ages,2024.0,2024-01-01,Richard Peto,,,medium,0.7,Bundled staff-profile publication; person-level match is credible but paper-level OpenAlex affiliation evidence is not available in the snapshot cache.,,,,,,Journal article,0,,,,,https://www.ndph.ox.ac.uk/publications/2058579,,,The Lancet,Journal article,,,,,,,1,1,[],{},staff_recent_publications_json
400,Richard Peto,A5041941850,https://openalex.org/A5041941850,Richard Peto,0.72,medium,local:e3b14aeacc6d0cac,"Infectious pathogens and risk of esophageal, gastric and duodenal cancers and ulcers in China: A case-cohort study.",2024.0,2024-01-01,Richard Peto,,,medium,0.7,Bundled staff-profile publication; person-level match is credible but paper-level OpenAlex affiliation evidence is not available in the snapshot cache.,,,,,,Journal article,0,,,,,https://www.ndph.ox.ac.uk/publications/1585621,,,Int J Cancer,Journal article,,,,,,,1,1,[],{},staff_recent_publications_json
400,Richard Peto,A5041941850,https://openalex.org/A5041941850,Richard Peto,0.72,medium,local:aa63d6ad9a61dd4c,Conventional and genetic associations of adiposity with 1463 proteins in relatively lean Chinese adults.,2023.0,2023-01-01,Richard Peto,,,medium,0.7,Bundled staff-profile publication; person-level match is credible but paper-level OpenAlex affiliation evidence is not available in the snapshot cache.,,,,,,Journal article,0,,,,,https://www.ndph.ox.ac.uk/publications/1522649,,,Eur J Epidemiol,Journal article,,,,,,,1,1,[],{},staff_recent_publications_json
400,Richard Peto,A5041941850,https://openalex.org/A5041941850,Richard Peto,0.72,medium,local:ac1aa0a77aa794d0,The relative and attributable risks of cardia and non-cardia gastric cancer associated with Helicobacter pylori infection in China: a case-cohort study.,2021.0,2021-01-01,Richard Peto,,,medium,0.7,Bundled staff-profile publication; person-level match is credible but paper-level OpenAlex affiliation evidence is not available in the snapshot cache.,,,,,,Journal article,0,,,,,https://www.ndph.ox.ac.uk/publications/1186290,,,Lancet Public Health,Journal article,,,,,,,1,1,[],{},staff_recent_publications_json
405,Kirstin Pirie,A5050331471,https://openalex.org/A5050331471,Kirstin Pirie,0.9,high,local:47a8fcd0d39ac449,Sex differences in cancer incidence: prospective analyses in the UK Biobank.,2025.0,2025-01-01,Kirstin Pirie,,,high,0.88,Bundled staff-profile publication; high person-level OpenAlex match; publication has DOI or year evidence.,,,,,,Journal article,0,,,,,https://www.ndph.ox.ac.uk/publications/2123279,,,Br J Cancer,Journal article,,,,,,,1,1,[],{},staff_recent_publications_json
405,Kirstin Pirie,A5050331471,https://openalex.org/A5050331471,Kirstin Pirie,0.9,high,local:6025408ccaed17a5,Sex differences in cancer incidence: Prospective analyses in the UK Biobank,2024.0,2024-01-01,Kirstin Pirie,,,high,0.88,Bundled staff-profile publication; high person-level OpenAlex match; publication has DOI or year evidence.,,,,,,Journal article,0,,,,,https://www.ndph.ox.ac.uk/publications/1944655,,,CANCER RESEARCH,Journal article,,,,,,,1,1,[],{},staff_recent_publications_json
405,Kirstin Pirie,A5050331471,https://openalex.org/A5050331471,Kirstin Pirie,0.9,high,local:a79277e108441cf0,Combined and progestagen-only hormonal contraceptives and breast cancer risk: A UK nested case-control study and meta-analysis,2023.0,2023-01-01,Kirstin Pirie,,,high,0.88,Bundled staff-profile publication; high person-level OpenAlex match; publication has DOI or year evidence.,,,,,,Journal article,0,,,,,https://www.ndph.ox.ac.uk/publications/1333816,,,PLoS medicine,Journal article,,,,,,,1,1,[],{},staff_recent_publications_json
405,Kirstin Pirie,A5050331471,https://openalex.org/A5050331471,Kirstin Pirie,0.9,high,local:caa71a1c86fd5616,"Response to Moskowitz and Birnbaum, Taylor, Baldwin, et al.",2022.0,2022-01-01,Kirstin Pirie,,,high,0.88,Bundled staff-profile publication; high person-level OpenAlex match; publication has DOI or year evidence.,,,,,,Other,0,,,,,https://www.ndph.ox.ac.uk/publications/1265214,,,J Natl Cancer Inst,Other,,,,,,,1,1,[],{},staff_recent_publications_json
405,Kirstin Pirie,A5050331471,https://openalex.org/A5050331471,Kirstin Pirie,0.9,high,local:180172549bbe05b0,Cellular Telephone Use and the Risk of Brain Tumors: Update of the UK Million Women Study.,2022.0,2022-01-01,Kirstin Pirie,,,high,0.88,Bundled staff-profile publication; high person-level OpenAlex match; publication has DOI or year evidence.,,,,,,Journal article,0,,,,,https://www.ndph.ox.ac.uk/publications/1250692,,,J Natl Cancer Inst,Journal article,,,,,,,1,1,[],{},staff_recent_publications_json
408,Vittoria Porta,A5009324408,https://openalex.org/A5009324408,Vittoria Porta,0.72,medium,local:76c29ac37b51269e,Coercing for public health: reflections on the role of coercion in public health emergencies.,2025.0,2025-01-01,Vittoria Porta,,,medium,0.7,Bundled staff-profile publication; person-level match is credible but paper-level OpenAlex affiliation evidence is not available in the snapshot cache.,,,,,,Journal article,0,,,,,https://www.ndph.ox.ac.uk/publications/2118775,,,Monash Bioeth Rev,Journal article,,,,,,,1,1,[],{},staff_recent_publications_json
408,Vittoria Porta,A5009324408,https://openalex.org/A5009324408,Vittoria Porta,0.72,medium,local:3fbcc1dcb8497b35,A qualitative comparison of data infrastructures for COVID-19 health-related data: lessons for the European Health Data Space,2025.0,2025-01-01,Vittoria Porta,,,medium,0.7,Bundled staff-profile publication; person-level match is credible but paper-level OpenAlex affiliation evidence is not available in the snapshot cache.,,,,,,Journal article,0,,,,,https://www.ndph.ox.ac.uk/publications/2117661,,,Policy Studies,Journal article,,,,,,,1,1,[],{},staff_recent_publications_json
408,Vittoria Porta,A5009324408,https://openalex.org/A5009324408,Vittoria Porta,0.72,medium,local:566acddd586520e7,The social and socio-political embeddedness of COVID-19 vaccination decision-making: A five-country qualitative interview study from Europe,2023.0,2023-01-01,Vittoria Porta,,,medium,0.7,Bundled staff-profile publication; person-level match is credible but paper-level OpenAlex affiliation evidence is not available in the snapshot cache.,,,,,,Journal article,0,,,,,https://www.ndph.ox.ac.uk/publications/2119643,,,Vaccine,Journal article,,,,,,,1,1,[],{},staff_recent_publications_json
409,Laura Portas,A5012437755,https://openalex.org/A5012437755,Laura Portas,0.9,high,local:2c880eda89e73d85,"Lung development genes, adult lung function and cardiovascular comorbidities.",2025.0,2025-01-01,Laura Portas,,,high,0.88,Bundled staff-profile publication; high person-level OpenAlex match; publication has DOI or year evidence.,,,,,,Journal article,0,,,,,https://www.ndph.ox.ac.uk/publications/2127472,,,Thorax,Journal article,,,,,,,1,1,[],{},staff_recent_publications_json
409,Laura Portas,A5012437755,https://openalex.org/A5012437755,Laura Portas,0.9,high,local:5e07a707764a1030,Association of Daily Steps with Incident Non-Alcoholic Fatty Liver Disease: Evidence from the UK Biobank Cohort.,2025.0,2025-01-01,Laura Portas,,,high,0.88,Bundled staff-profile publication; high person-level OpenAlex match; publication has DOI or year evidence.,,,,,,Journal article,0,,,,,https://www.ndph.ox.ac.uk/publications/2120168,,,Med Sci Sports Exerc,Journal article,,,,,,,1,1,[],{},staff_recent_publications_json
409,Laura Portas,A5012437755,https://openalex.org/A5012437755,Laura Portas,0.9,high,local:9375d422f0143934,Joint association of genetic risk and accelerometer-based step count with cardiovascular disease: a UK-Biobank cohort study,2025.0,2025-01-01,Laura Portas,,,high,0.88,Bundled staff-profile publication; high person-level OpenAlex match; publication has DOI or year evidence.,,,,,,Preprint,0,,,,,https://www.ndph.ox.ac.uk/publications/2084205,,,,Preprint,,,,,,,1,1,[],{},staff_recent_publications_json
409,Laura Portas,A5012437755,https://openalex.org/A5012437755,Laura Portas,0.9,high,local:bb08b254ea1b35d6,Vascular and inflammatory biomarkers of cardiovascular events in non-steroidal anti-inflammatory drug users.,2024.0,2024-01-01,Laura Portas,,,high,0.88,Bundled staff-profile publication; high person-level OpenAlex match; publication has DOI or year evidence.,,,,,,Journal article,0,,,,,https://www.ndph.ox.ac.uk/publications/2062855,,,Eur Heart J Open,Journal article,,,,,,,1,1,[],{},staff_recent_publications_json
409,Laura Portas,A5012437755,https://openalex.org/A5012437755,Laura Portas,0.9,high,local:f660cbb42147e5aa,Association of daily steps with incident non-alcoholic fatty liver disease: Evidence from the UK Biobank cohort,2024.0,2024-01-01,Laura Portas,,,high,0.88,Bundled staff-profile publication; high person-level OpenAlex match; publication has DOI or year evidence.,,,,,,Preprint,0,,,,,https://www.ndph.ox.ac.uk/publications/1998005,,,,Preprint,,,,,,,1,1,[],{},staff_recent_publications_json
410,Alfred Pozarickij,A5044296926,https://openalex.org/A5044296926,Alfred Pozarickij,0.9,high,local:5b7c8e25019b49e3,Patterns and correlates of visual impairment and ocular hypertension among older adults in the general Chinese population: results from the CKB Biobank.,2025.0,2025-01-01,Alfred Pozarickij,,,high,0.88,Bundled staff-profile publication; high person-level OpenAlex match; publication has DOI or year evidence.,,,,,,Journal article,0,,,,,https://www.ndph.ox.ac.uk/publications/2283151,,,Br J Ophthalmol,Journal article,,,,,,,1,1,[],{},staff_recent_publications_json
410,Alfred Pozarickij,A5044296926,https://openalex.org/A5044296926,Alfred Pozarickij,0.9,high,local:2c880eda89e73d85,"Lung development genes, adult lung function and cardiovascular comorbidities.",2025.0,2025-01-01,Alfred Pozarickij,,,high,0.88,Bundled staff-profile publication; high person-level OpenAlex match; publication has DOI or year evidence.,,,,,,Journal article,0,,,,,https://www.ndph.ox.ac.uk/publications/2127472,,,Thorax,Journal article,,,,,,,1,1,[],{},staff_recent_publications_json
410,Alfred Pozarickij,A5044296926,https://openalex.org/A5044296926,Alfred Pozarickij,0.9,high,local:ea289e92bdd44b10,Proteome-Wide Genetic Study in East Asians and Europeans Identified Multiple Therapeutic Targets for Ischemic Stroke.,2025.0,2025-01-01,Alfred Pozarickij,,,high,0.88,Bundled staff-profile publication; high person-level OpenAlex match; publication has DOI or year evidence.,,,,,,Journal article,0,,,,,https://www.ndph.ox.ac.uk/publications/2120784,,,Stroke,Journal article,,,,,,,1,1,[],{},staff_recent_publications_json
410,Alfred Pozarickij,A5044296926,https://openalex.org/A5044296926,Alfred Pozarickij,0.9,high,local:b8eb85b8c7e50c2a,"Hyperuricemia, gout and the associated comorbidities in  China: findings from a prospective study of 0.5 million adults",2025.0,2025-01-01,Alfred Pozarickij,,,high,0.88,Bundled staff-profile publication; high person-level OpenAlex match; publication has DOI or year evidence.,,,,,,Journal article,0,,,,,https://www.ndph.ox.ac.uk/publications/2119445,,,The Lancet Regional Health - Western Pacific,Journal article,,,,,,,1,1,[],{},staff_recent_publications_json
410,Alfred Pozarickij,A5044296926,https://openalex.org/A5044296926,Alfred Pozarickij,0.9,high,local:a51bed48445e6fb4,"Associations Between Snoring, Body Mass Index and Coronary Artery Diseases: Observational and Mendelian Randomization Study in Asia.",2025.0,2025-01-01,Alfred Pozarickij,,,high,0.88,Bundled staff-profile publication; high person-level OpenAlex match; publication has DOI or year evidence.,,,,,,Journal article,0,,,,,https://www.ndph.ox.ac.uk/publications/2084218,,,Respirology,Journal article,,,,,,,1,1,[],{},staff_recent_publications_json
411,David Preiss,A5039985378,https://openalex.org/A5039985378,David Preiss,0.9,high,local:78e5ba79cfdd0c6d,Fenofibrate and progression of retinopathy in adults with diabetes: the randomised placebo-controlled LENS trial,2025.0,2025-01-01,David Preiss,,,high,0.88,Bundled staff-profile publication; high person-level OpenAlex match; publication has DOI or year evidence.,,,,,,Journal article,0,,,,,https://www.ndph.ox.ac.uk/publications/2284746,,,NIHR Journals Library,Journal article,,,,,,,1,1,[],{},staff_recent_publications_json
411,David Preiss,A5039985378,https://openalex.org/A5039985378,David Preiss,0.9,high,local:3164004cbcf62ced,The use of fenofibrate in diabetic retinopathy: narrative review,2025.0,2025-01-01,David Preiss,,,high,0.88,Bundled staff-profile publication; high person-level OpenAlex match; publication has DOI or year evidence.,,,,,,Journal article,0,,,,,https://www.ndph.ox.ac.uk/publications/2241015,,,Journal of Diabetes and its Complications,Journal article,,,,,,,1,1,[],{},staff_recent_publications_json
411,David Preiss,A5039985378,https://openalex.org/A5039985378,David Preiss,0.9,high,local:2b6ad60e825d7eb4,Cost-effectiveness of fenofibrate versus standard care for reducing the progression of diabetic retinopathy: An economic evaluation based on data from the LENS trial.,2025.0,2025-01-01,David Preiss,,,high,0.88,Bundled staff-profile publication; high person-level OpenAlex match; publication has DOI or year evidence.,,,,,,Journal article,0,,,,,https://www.ndph.ox.ac.uk/publications/2128101,,,Diabet Med,Journal article,,,,,,,1,1,[],{},staff_recent_publications_json
411,David Preiss,A5039985378,https://openalex.org/A5039985378,David Preiss,0.9,high,local:0a1e47cc4f53ad91,Effects of empagliflozin on quality of life and healthcare use and costs in chronic kidney disease: a health economic analysis of the EMPA-KIDNEY trial.,2025.0,2025-01-01,David Preiss,,,high,0.88,Bundled staff-profile publication; high person-level OpenAlex match; publication has DOI or year evidence.,,,,,,Journal article,0,,,,,https://www.ndph.ox.ac.uk/publications/2130860,,,EClinicalMedicine,Journal article,,,,,,,1,1,[],{},staff_recent_publications_json
411,David Preiss,A5039985378,https://openalex.org/A5039985378,David Preiss,0.9,high,local:d820af133cf19016,Using a Markov Model and Real-World Evidence to Identify the Most Cost-Effective Cholesterol Treatment Escalation Threshold for the Secondary Prevention of Cardiovascular Disease.,2025.0,2025-01-01,David Preiss,,,high,0.88,Bundled staff-profile publication; high person-level OpenAlex match; publication has DOI or year evidence.,,,,,,Journal article,0,,,,,https://www.ndph.ox.ac.uk/publications/2126942,,,Appl Health Econ Health Policy,Journal article,,,,,,,1,1,[],{},staff_recent_publications_json
411,David Preiss,A5039985378,https://openalex.org/A5039985378,David Preiss,0.9,high,local:5e07a707764a1030,Association of Daily Steps with Incident Non-Alcoholic Fatty Liver Disease: Evidence from the UK Biobank Cohort.,2025.0,2025-01-01,David Preiss,,,high,0.88,Bundled staff-profile publication; high person-level OpenAlex match; publication has DOI or year evidence.,,,,,,Journal article,0,,,,,https://www.ndph.ox.ac.uk/publications/2120168,,,Med Sci Sports Exerc,Journal article,,,,,,,1,1,[],{},staff_recent_publications_json
411,David Preiss,A5039985378,https://openalex.org/A5039985378,David Preiss,0.9,high,local:b0189d6ce54d9360,Empagliflozin lowers serum uric acid in chronic kidney disease: exploratory analyses from the EMPA-KIDNEY trial.,2025.0,2025-01-01,David Preiss,,,high,0.88,Bundled staff-profile publication; high person-level OpenAlex match; publication has DOI or year evidence.,,,,,,Journal article,0,,,,,https://www.ndph.ox.ac.uk/publications/2020812,,,Nephrol Dial Transplant,Journal article,,,,,,,1,1,[],{},staff_recent_publications_json
411,David Preiss,A5039985378,https://openalex.org/A5039985378,David Preiss,0.9,high,local:406f43beebb1965d,Quality of care for secondary cardiovascular disease prevention in 2009-2017: population-wide cohort study of antiplatelet therapy use in Scotland.,2024.0,2024-01-01,David Preiss,,,high,0.88,Bundled staff-profile publication; high person-level OpenAlex match; publication has DOI or year evidence.,,,,,,Journal article,0,,,,,https://www.ndph.ox.ac.uk/publications/1519202,,,BMJ Qual Saf,Journal article,,,,,,,1,1,[],{},staff_recent_publications_json
411,David Preiss,A5039985378,https://openalex.org/A5039985378,David Preiss,0.9,high,local:35b719f006184b80,"Design, recruitment and baseline characteristics of the LENS trial.",2024.0,2024-01-01,David Preiss,,,high,0.88,Bundled staff-profile publication; high person-level OpenAlex match; publication has DOI or year evidence.,,,,,,Journal article,0,,,,,https://www.ndph.ox.ac.uk/publications/1614614,,,Diabet Med,Journal article,,,,,,,1,1,[],{},staff_recent_publications_json
411,David Preiss,A5039985378,https://openalex.org/A5039985378,David Preiss,0.9,high,local:ee42c628819d90ba,"Frailty, Multimorbidity, and Polypharmacy: Exploratory Analyses of the Effects of Empagliflozin from the EMPA-KIDNEY Trial.",2024.0,2024-01-01,David Preiss,,,high,0.88,Bundled staff-profile publication; high person-level OpenAlex match; publication has DOI or year evidence.,,,,,,Journal article,0,,,,,https://www.ndph.ox.ac.uk/publications/2102226,,,Clin J Am Soc Nephrol,Journal article,,,,,,,1,1,[],{},staff_recent_publications_json
412,Jake Probert,A5031303256,https://openalex.org/A5031303256,Jake Probert,0.9,high,local:d388cac6b2d97bd0,Identification of recurrences in women diagnosed with early invasive breast cancer using routinely collected data in England.,2025.0,2025-01-01,Jake Probert,,,high,0.88,Bundled staff-profile publication; high person-level OpenAlex match; publication has DOI or year evidence.,,,,,,Journal article,0,,,,,https://www.ndph.ox.ac.uk/publications/2127307,,,BJC Rep,Journal article,,,,,,,1,1,[],{},staff_recent_publications_json
412,Jake Probert,A5031303256,https://openalex.org/A5031303256,Jake Probert,0.9,high,local:ca78e501063d116f,Inequalities in geographic barriers and patient representation in lymphoma clinical trials across England.,2025.0,2025-01-01,Jake Probert,,,high,0.88,Bundled staff-profile publication; high person-level OpenAlex match; publication has DOI or year evidence.,,,,,,Journal article,0,,,,,https://www.ndph.ox.ac.uk/publications/2068850,,,Br J Haematol,Journal article,,,,,,,1,1,[],{},staff_recent_publications_json
412,Jake Probert,A5031303256,https://openalex.org/A5031303256,Jake Probert,0.9,high,local:ed32e8b006cad278,Proton Beam Therapy for Early Breast Cancer: A Systematic Review and Meta-analysis of Clinical Outcomes.,2023.0,2023-01-01,Jake Probert,,,high,0.88,Bundled staff-profile publication; high person-level OpenAlex match; publication has DOI or year evidence.,,,,,,Journal article,0,,,,,https://www.ndph.ox.ac.uk/publications/1328556,,,Int J Radiat Oncol Biol Phys,Journal article,,,,,,,1,1,[],{},staff_recent_publications_json
412,Jake Probert,A5031303256,https://openalex.org/A5031303256,Jake Probert,0.9,high,local:6287ac3354c21037,Ki67 and breast cancer mortality in women with invasive breast cancer.,2023.0,2023-01-01,Jake Probert,,,high,0.88,Bundled staff-profile publication; high person-level OpenAlex match; publication has DOI or year evidence.,,,,,,Journal article,0,,,,,https://www.ndph.ox.ac.uk/publications/1510271,,,JNCI Cancer Spectr,Journal article,,,,,,,1,1,[],{},staff_recent_publications_json
412,Jake Probert,A5031303256,https://openalex.org/A5031303256,Jake Probert,0.9,high,local:98c5963733f3c003,Ki67 and breast cancer mortality in women with invasive breast cancer,2023.0,2023-01-01,Jake Probert,,,high,0.88,Bundled staff-profile publication; high person-level OpenAlex match; publication has DOI or year evidence.,,,,,,Journal article,0,,,,,https://www.ndph.ox.ac.uk/publications/1545547,,,JNCI Cancer Spectrum,Journal article,,,,,,,1,1,[],{},staff_recent_publications_json
415,Nabila Puspakesuma,A5087990214,https://openalex.org/A5087990214,Nabila Puspakesuma,0.72,medium,local:c6ded2712a1bbb70,Indonesian Stakeholders’ Perspectives on Warning Signs and Beliefs about Suicide,2024.0,2024-01-01,Nabila Puspakesuma,,,medium,0.7,Bundled staff-profile publication; person-level match is credible but paper-level OpenAlex affiliation evidence is not available in the snapshot cache.,,,,,,Journal article,0,,,,,https://www.ndph.ox.ac.uk/publications/1988261,,,Behavioral Sciences,Journal article,,,,,,,1,1,[],{},staff_recent_publications_json
415,Nabila Puspakesuma,A5087990214,https://openalex.org/A5087990214,Nabila Puspakesuma,0.72,medium,local:1204a88d7b37c77d,Suicide first aid guidelines for Indonesia: a Delphi consensus study,2022.0,2022-01-01,Nabila Puspakesuma,,,medium,0.7,Bundled staff-profile publication; person-level match is credible but paper-level OpenAlex affiliation evidence is not available in the snapshot cache.,,,,,,Journal article,0,,,,,https://www.ndph.ox.ac.uk/publications/1315384,,,Journal of Mental Health,Journal article,,,,,,,1,1,[],{},staff_recent_publications_json
417,Phuong Quan,A5071910067,https://openalex.org/A5071910067,Phuong Quan,0.9,high,local:53697f0073680da4,"Case ascertainment of a potential centrally-implemented, automated system for national surveillance of healthcare-associated infections in England 2016-2023",2025.0,2025-01-01,Phuong Quan,,,high,0.88,Bundled staff-profile publication; high person-level OpenAlex match; publication has DOI or year evidence.,,,,,,Journal article,0,,,,,https://www.ndph.ox.ac.uk/publications/2125807,,,Eurosurveillance,Journal article,,,,,,,1,1,[],{},staff_recent_publications_json
417,Phuong Quan,A5071910067,https://openalex.org/A5071910067,Phuong Quan,0.9,high,local:d9008aec921880bd,An Electronic Health Record-Wide Association Study to identify populations at increased risk ofE. colibloodstream infections,2025.0,2025-01-01,Phuong Quan,,,high,0.88,Bundled staff-profile publication; high person-level OpenAlex match; publication has DOI or year evidence.,,,,,,Preprint,0,,,,,https://www.ndph.ox.ac.uk/publications/2125778,,,,Preprint,,,,,,,1,1,[],{},staff_recent_publications_json
417,Phuong Quan,A5071910067,https://openalex.org/A5071910067,Phuong Quan,0.9,high,local:c1e85c1e02450594,Timeliness of a potential automated system for national surveillance of healthcare-associated infections in England.,2025.0,2025-01-01,Phuong Quan,,,high,0.88,Bundled staff-profile publication; high person-level OpenAlex match; publication has DOI or year evidence.,,,,,,Journal article,0,,,,,https://www.ndph.ox.ac.uk/publications/2119703,,,J Hosp Infect,Journal article,,,,,,,1,1,[],{},staff_recent_publications_json
417,Phuong Quan,A5071910067,https://openalex.org/A5071910067,Phuong Quan,0.9,high,local:fd84c48b62190ebd,Timeliness of a potential automated system for national surveillance of healthcare-associated infections in England,2025.0,2025-01-01,Phuong Quan,,,high,0.88,Bundled staff-profile publication; high person-level OpenAlex match; publication has DOI or year evidence.,,,,,,Preprint,0,,,,,https://www.ndph.ox.ac.uk/publications/2117145,,,,Preprint,,,,,,,1,1,[],{},staff_recent_publications_json
417,Phuong Quan,A5071910067,https://openalex.org/A5071910067,Phuong Quan,0.9,high,local:6d01f9557d5820b8,The effect of population selection criteria on model estimates and data missingness in electronic health record studies,2025.0,2025-01-01,Phuong Quan,,,high,0.88,Bundled staff-profile publication; high person-level OpenAlex match; publication has DOI or year evidence.,,,,,,Preprint,0,,,,,https://www.ndph.ox.ac.uk/publications/2090767,,,,Preprint,,,,,,,1,1,[],{},staff_recent_publications_json
418,Maria Quigley,A5062551275,https://openalex.org/A5062551275,Maria Quigley,0.9,high,local:b6a1bc3615b9b927,Suicidal ideation in the postpartum period: A population-based study of prevalence and risk factors using data from two national maternity surveys in England.,2025.0,2025-01-01,Maria Quigley,,,high,0.88,Bundled staff-profile publication; high person-level OpenAlex match; publication has DOI or year evidence.,,,,,,Journal article,0,,,,,https://www.ndph.ox.ac.uk/publications/2131704,,,J Affect Disord,Journal article,,,,,,,1,1,[],{},staff_recent_publications_json
418,Maria Quigley,A5062551275,https://openalex.org/A5062551275,Maria Quigley,0.9,high,local:86ca6f3722c9e85b,Pre-pregnancy care in general practice in England: cross-sectional observational study using administrative routine health data.,2025.0,2025-01-01,Maria Quigley,,,high,0.88,Bundled staff-profile publication; high person-level OpenAlex match; publication has DOI or year evidence.,,,,,,Journal article,0,,,,,https://www.ndph.ox.ac.uk/publications/2092809,,,BMC Public Health,Journal article,,,,,,,1,1,[],{},staff_recent_publications_json
418,Maria Quigley,A5062551275,https://openalex.org/A5062551275,Maria Quigley,0.9,high,local:f21e8dff15e6f9a1,Is maternal Body Mass Index associated with offspring infection-related hospital admissions? Findings from the Born in Bradford cohort study linked to hospital admission data,2025.0,2025-01-01,Maria Quigley,,,high,0.88,Bundled staff-profile publication; high person-level OpenAlex match; publication has DOI or year evidence.,,,,,,Journal article,0,,,,,https://www.ndph.ox.ac.uk/publications/2093740,,,BMJ Medicine,Journal article,,,,,,,1,1,[],{},staff_recent_publications_json
418,Maria Quigley,A5062551275,https://openalex.org/A5062551275,Maria Quigley,0.9,high,local:e971dae5151165bf,Inequalities in childbirth experiences:  A population-based cross-sectional survey in England during the Covid-19 pandemic,2025.0,2025-01-01,Maria Quigley,,,high,0.88,Bundled staff-profile publication; high person-level OpenAlex match; publication has DOI or year evidence.,,,,,,Journal article,0,,,,,https://www.ndph.ox.ac.uk/publications/2093595,,,NIHR Open Research,Journal article,,,,,,,1,1,[],{},staff_recent_publications_json
418,Maria Quigley,A5062551275,https://openalex.org/A5062551275,Maria Quigley,0.9,high,local:0161877bee76545e,Data Note: Addressing uncertainty in identifying pregnancies in the English CPRD GOLD Pregnancy Register: a methodological study using a worked example,2025.0,2025-01-01,Maria Quigley,,,high,0.88,Bundled staff-profile publication; high person-level OpenAlex match; publication has DOI or year evidence.,,,,,,Journal article,0,,,,,https://www.ndph.ox.ac.uk/publications/2077151,,,International Journal of Population Data Science,Journal article,,,,,,,1,1,[],{},staff_recent_publications_json
420,Elise Racine,A5019164869,https://openalex.org/A5019164869,Elise Racine,0.9,high,local:fb38919e268d8cb8,Finding Consensus on Trust in AI in Health Care: Recommendations From a Panel of International Experts.,2025.0,2025-01-01,Elise Racine,,,high,0.88,Bundled staff-profile publication; high person-level OpenAlex match; publication has DOI or year evidence.,,,,,,Journal article,0,,,,,https://www.ndph.ox.ac.uk/publications/2091576,,,J Med Internet Res,Journal article,,,,,,,1,1,[],{},staff_recent_publications_json
420,Elise Racine,A5019164869,https://openalex.org/A5019164869,Elise Racine,0.9,high,local:61b6af4ceec5dfc2,Que(e)rying artificial intelligence use for infectious disease surveillance: The need for a reparative algorithmic praxis,2025.0,2025-01-01,Elise Racine,,,high,0.88,Bundled staff-profile publication; high person-level OpenAlex match; publication has DOI or year evidence.,,,,,,Journal article,0,,,,,https://www.ndph.ox.ac.uk/publications/2098781,,,Big Data and Society,Journal article,,,,,,,1,1,[],{},staff_recent_publications_json
420,Elise Racine,A5019164869,https://openalex.org/A5019164869,Elise Racine,0.9,high,local:129f8b4f1dd99e58,The Far-reaching Implications of China’s AI-powered Surveillance State Post-COVID,2023.0,2023-01-01,Elise Racine,,,high,0.88,Bundled staff-profile publication; high person-level OpenAlex match; publication has DOI or year evidence.,,,,,,Journal article,0,,,,,https://www.ndph.ox.ac.uk/publications/1544554,,,Surveillance and Society,Journal article,,,,,,,1,1,[],{},staff_recent_publications_json
420,Elise Racine,A5019164869,https://openalex.org/A5019164869,Elise Racine,0.9,high,local:a2e9b0781b4c14fd,Sexuality and gender within Afghanistan's bacha bereesh population,2023.0,2023-01-01,Elise Racine,,,high,0.88,Bundled staff-profile publication; high person-level OpenAlex match; publication has DOI or year evidence.,,,,,,Journal article,0,,,,,https://www.ndph.ox.ac.uk/publications/1331458,,,Equality,Journal article,,,,,,,1,1,[],{},staff_recent_publications_json
420,Elise Racine,A5019164869,https://openalex.org/A5019164869,Elise Racine,0.9,high,local:86c5b626d5237daa,Understanding COVID-19 certificates in the context of recent health securitisation trends: What narratives have framed pandemic-related technologies and who do they leave out?,2023.0,2023-01-01,Elise Racine,,,high,0.88,Bundled staff-profile publication; high person-level OpenAlex match; publication has DOI or year evidence.,,,,,,Internet publication,0,,,,,https://www.ndph.ox.ac.uk/publications/1332003,,,,Internet publication,,,,,,,1,1,[],{},staff_recent_publications_json
422,Charles Rahal,A5075497327,https://openalex.org/A5075497327,Charles Rahal,0.9,high,local:cfc087ebd258877d,On the Unknowable Limits to Prediction,2025.0,2025-01-01,Charles Rahal,,,high,0.88,Bundled staff-profile publication; high person-level OpenAlex match; publication has DOI or year evidence.,,,,,,Journal article,0,,,,,https://www.ndph.ox.ac.uk/publications/2084959,,,Nature Computational Science,Journal article,,,,,,,1,1,[],{},staff_recent_publications_json
422,Charles Rahal,A5075497327,https://openalex.org/A5075497327,Charles Rahal,0.9,high,local:1ec233404054dd4d,Capitalizing on a crisis: a computational analysis of all five million British firms during the Covid-19 pandemic.,2025.0,2025-01-01,Charles Rahal,,,high,0.88,Bundled staff-profile publication; high person-level OpenAlex match; publication has DOI or year evidence.,,,,,,Journal article,0,,,,,https://www.ndph.ox.ac.uk/publications/2085751,,,J Comput Soc Sci,Journal article,,,,,,,1,1,[],{},staff_recent_publications_json
422,Charles Rahal,A5075497327,https://openalex.org/A5075497327,Charles Rahal,0.9,high,local:95f6b5043190cb6c,"The Role of the Third Sector in Public Health Service Provision: Evidence from 25,338 heterogeneous procurement datasets",2024.0,2024-01-01,Charles Rahal,,,high,0.88,Bundled staff-profile publication; high person-level OpenAlex match; publication has DOI or year evidence.,,,,,,Journal article,0,,,,,https://www.ndph.ox.ac.uk/publications/2025236,,,Journal of the Royal Statistical Society: Series A (Statistics in Society),Journal article,,,,,,,1,1,[],{},staff_recent_publications_json
422,Charles Rahal,A5075497327,https://openalex.org/A5075497327,Charles Rahal,0.9,high,local:4efd199d8f0de98b,"Voting Patterns, Mortality, and Health Inequalities in England",2024.0,2024-01-01,Charles Rahal,,,high,0.88,Bundled staff-profile publication; high person-level OpenAlex match; publication has DOI or year evidence.,,,,,,Preprint,0,,,,,https://www.ndph.ox.ac.uk/publications/2010731,,,,Preprint,,,,,,,1,1,[],{},staff_recent_publications_json
422,Charles Rahal,A5075497327,https://openalex.org/A5075497327,Charles Rahal,0.9,high,local:7a1260e628949675,The InterModel Vigorish as a Lens for Understanding (and Quantifying) the Value of Item Response Models for Dichotomously Coded Items.,2024.0,2024-01-01,Charles Rahal,,,high,0.88,Bundled staff-profile publication; high person-level OpenAlex match; publication has DOI or year evidence.,,,,,,Journal article,0,,,,,https://www.ndph.ox.ac.uk/publications/2005440,,,Psychometrika,Journal article,,,,,,,1,1,[],{},staff_recent_publications_json
424,Rema Ramakrishnan,A5050806006,https://openalex.org/A5050806006,Rema Ramakrishnan,0.9,high,local:a261d1f80781aae1,Ethnic Disparities in Severe Maternal Morbidity and the Contribution of Deprivation: A Population-Based Causal Analysis.,2025.0,2025-01-01,Rema Ramakrishnan,,,high,0.88,Bundled staff-profile publication; high person-level OpenAlex match; publication has DOI or year evidence.,,,,,,Journal article,0,,,,,https://www.ndph.ox.ac.uk/publications/2128188,,,BJOG,Journal article,,,,,,,1,1,[],{},staff_recent_publications_json
424,Rema Ramakrishnan,A5050806006,https://openalex.org/A5050806006,Rema Ramakrishnan,0.9,high,local:313002bc8202cea1,"Incidence, outcomes and management of spontaneous haemoperitoneum in pregnancy: a UK population-based study",2025.0,2025-01-01,Rema Ramakrishnan,,,high,0.88,Bundled staff-profile publication; high person-level OpenAlex match; publication has DOI or year evidence.,,,,,,Journal article,0,,,,,https://www.ndph.ox.ac.uk/publications/2122413,,,NIHR Open Research,Journal article,,,,,,,1,1,[],{},staff_recent_publications_json
424,Rema Ramakrishnan,A5050806006,https://openalex.org/A5050806006,Rema Ramakrishnan,0.9,high,local:83cccefe47400a26,Association between socioeconomic disadvantage and severe maternal morbidity and mortality in high-income countries: a systematic review.,2025.0,2025-01-01,Rema Ramakrishnan,,,high,0.88,Bundled staff-profile publication; high person-level OpenAlex match; publication has DOI or year evidence.,,,,,,Journal article,0,,,,,https://www.ndph.ox.ac.uk/publications/2062221,,,J Epidemiol Community Health,Journal article,,,,,,,1,1,[],{},staff_recent_publications_json
424,Rema Ramakrishnan,A5050806006,https://openalex.org/A5050806006,Rema Ramakrishnan,0.9,high,local:4f633e1853505732,Maternal postpartum six-week check and short-term health outcomes for women with hypertensive disorders in pregnancy: an observational study using the Clinical Practice Research Datalink (CPRD),2025.0,2025-01-01,Rema Ramakrishnan,,,high,0.88,Bundled staff-profile publication; high person-level OpenAlex match; publication has DOI or year evidence.,,,,,,Journal article,0,,,,,https://www.ndph.ox.ac.uk/publications/2080369,,,Acta Obstetricia et Gynecologica Scandinavica,Journal article,,,,,,,1,1,[],{},staff_recent_publications_json
424,Rema Ramakrishnan,A5050806006,https://openalex.org/A5050806006,Rema Ramakrishnan,0.9,high,local:757e6909bf0f317a,"Incidence, outcomes and management of spontaneous haemoperitoneum in pregnancy: a UK population-based study.",2025.0,2025-01-01,Rema Ramakrishnan,,,high,0.88,Bundled staff-profile publication; high person-level OpenAlex match; publication has DOI or year evidence.,,,,,,Journal article,0,,,,,https://www.ndph.ox.ac.uk/publications/2131712,,,NIHR Open Res,Journal article,,,,,,,1,1,[],{},staff_recent_publications_json
425,Johanna Rankin Ramroth,A5056997479,https://openalex.org/A5056997479,Johanna Rankin Ramroth,0.9,high,local:7d92c0c0dae52b33,Cardiovascular disease incidence rates: a study using routinely collected health data.,2023.0,2023-01-01,Johanna Rankin Ramroth,,,high,0.88,Bundled staff-profile publication; high person-level OpenAlex match; publication has DOI or year evidence.,,,,,,Journal article,0,,,,,https://www.ndph.ox.ac.uk/publications/1573461,,,Cardiooncology,Journal article,,,,,,,1,1,[],{},staff_recent_publications_json
425,Johanna Rankin Ramroth,A5056997479,https://openalex.org/A5056997479,Johanna Rankin Ramroth,0.9,high,local:fd6beb2c46f8713d,Predicted Risks of Cardiovascular Disease Following Chemotherapy and Radiotherapy in the UK NCRI RAPID Trial of Positron Emission Tomography-Directed Therapy for Early-Stage Hodgkin Lymphoma.,2021.0,2021-01-01,Johanna Rankin Ramroth,,,high,0.88,Bundled staff-profile publication; high person-level OpenAlex match; publication has DOI or year evidence.,,,,,,Journal article,0,,,,,https://www.ndph.ox.ac.uk/publications/1191481,,,J Clin Oncol,Journal article,,,,,,,1,1,[],{},staff_recent_publications_json
425,Johanna Rankin Ramroth,A5056997479,https://openalex.org/A5056997479,Johanna Rankin Ramroth,0.9,high,local:977eb7c8df500c76,An Excess Mortality Risk Analysis of Proton Beam versus Optimal Photon Radiotherapy for Mediastinal Hodgkin Lymphoma: Who May Benefit Most?,2020.0,2020-01-01,Johanna Rankin Ramroth,,,high,0.88,Bundled staff-profile publication; high person-level OpenAlex match; publication has DOI or year evidence.,,,,,,Conference paper,0,,,,,https://www.ndph.ox.ac.uk/publications/1153939,,,INTERNATIONAL JOURNAL OF RADIATION ONCOLOGY BIOLOGY PHYSICS,Conference paper,,,,,,,1,1,[],{},staff_recent_publications_json
426,Mike Rayner,A5102793561,https://openalex.org/A5102793561,Mike Rayner,0.9,high,local:6860fa29c04c81da,Modifying the Health Star Rating nutrient profiling algorithm to account for ultra-processing.,2024.0,2024-01-01,Mike Rayner,,,high,0.88,Bundled staff-profile publication; high person-level OpenAlex match; publication has DOI or year evidence.,,,,,,Journal article,0,,,,,https://www.ndph.ox.ac.uk/publications/2013865,,,Nutr Diet,Journal article,,,,,,,1,1,[],{},staff_recent_publications_json
426,Mike Rayner,A5102793561,https://openalex.org/A5102793561,Mike Rayner,0.9,high,local:9f334c5b0ac627f8,Estimated changes in free sugar consumption one year after the UK soft drinks industry levy came into force: controlled interrupted time series analysis of the National Diet and Nutrition Survey (2011-2019).,2024.0,2024-01-01,Mike Rayner,,,high,0.88,Bundled staff-profile publication; high person-level OpenAlex match; publication has DOI or year evidence.,,,,,,Journal article,0,,,,,https://www.ndph.ox.ac.uk/publications/2016102,,,J Epidemiol Community Health,Journal article,,,,,,,1,1,[],{},staff_recent_publications_json
426,Mike Rayner,A5102793561,https://openalex.org/A5102793561,Mike Rayner,0.9,high,local:f5a638c906712678,Parliamentary reaction to the announcement and implementation of the UK Soft Drinks Industry Levy: applied thematic analysis of 2016-2020 parliamentary debates.,2024.0,2024-01-01,Mike Rayner,,,high,0.88,Bundled staff-profile publication; high person-level OpenAlex match; publication has DOI or year evidence.,,,,,,Journal article,0,,,,,https://www.ndph.ox.ac.uk/publications/1600659,,,Public Health Nutr,Journal article,,,,,,,1,1,[],{},staff_recent_publications_json
426,Mike Rayner,A5102793561,https://openalex.org/A5102793561,Mike Rayner,0.9,high,local:f194fca201dc3631,Effects of environmental impact labels on the sustainability of food purchases: A randomised controlled trial in an experimental online supermarket.,2024.0,2024-01-01,Mike Rayner,,,high,0.88,Bundled staff-profile publication; high person-level OpenAlex match; publication has DOI or year evidence.,,,,,,Journal article,0,,,,,https://www.ndph.ox.ac.uk/publications/2025338,,,PLoS One,Journal article,,,,,,,1,1,[],{},staff_recent_publications_json
426,Mike Rayner,A5102793561,https://openalex.org/A5102793561,Mike Rayner,0.9,high,local:a1b25d4c3a504a6f,Nutrient profile models for front-of-pack nutrition labelling: a systematic review,2024.0,2024-01-01,Mike Rayner,,,high,0.88,Bundled staff-profile publication; high person-level OpenAlex match; publication has DOI or year evidence.,,,,,,Journal article,0,,,,,https://www.ndph.ox.ac.uk/publications/2069320,,,LANCET,Journal article,,,,,,,1,1,[],{},staff_recent_publications_json
428,Gill Reeves,A5108761036,https://openalex.org/A5108761036,Gill Reeves,0.9,high,local:bb766cda0f50686c,"Oral contraceptive use and risk of liver cancer: a population-based study, systematic review, and meta-analysis.",2025.0,2025-01-01,Gill Reeves,,,high,0.88,Bundled staff-profile publication; high person-level OpenAlex match; publication has DOI or year evidence.,,,,,,Journal article,0,,,,,https://www.ndph.ox.ac.uk/publications/2134428,,,Lancet Oncol,Journal article,,,,,,,1,1,[],{},staff_recent_publications_json
428,Gill Reeves,A5108761036,https://openalex.org/A5108761036,Gill Reeves,0.9,high,local:2b2514010d1d7471,Correction to: Methods and participant characteristics in the Cancer risk in vegetarians consortium: a cross-sectional analysis across 11 prospective studies.,2025.0,2025-01-01,Gill Reeves,,,high,0.88,Bundled staff-profile publication; high person-level OpenAlex match; publication has DOI or year evidence.,,,,,,Journal article,0,,,,,https://www.ndph.ox.ac.uk/publications/2129704,,,BMC Public Health,Journal article,,,,,,,1,1,[],{},staff_recent_publications_json
428,Gill Reeves,A5108761036,https://openalex.org/A5108761036,Gill Reeves,0.9,high,local:52798cae6e181a66,Invitation for FOBt screening and colorectal cancer mortality: A prospective analysis in the Million Women Study cohort.,2025.0,2025-01-01,Gill Reeves,,,high,0.88,Bundled staff-profile publication; high person-level OpenAlex match; publication has DOI or year evidence.,,,,,,Journal article,0,,,,,https://www.ndph.ox.ac.uk/publications/2117117,,,Int J Cancer,Journal article,,,,,,,1,1,[],{},staff_recent_publications_json
428,Gill Reeves,A5108761036,https://openalex.org/A5108761036,Gill Reeves,0.9,high,local:58a98e46be3154a9,"Diet-wide analyses for risk of colorectal cancer: prospective study of 12,251 incident cases among 542,778 women in the UK.",2025.0,2025-01-01,Gill Reeves,,,high,0.88,Bundled staff-profile publication; high person-level OpenAlex match; publication has DOI or year evidence.,,,,,,Journal article,0,,,,,https://www.ndph.ox.ac.uk/publications/2076770,,,Nat Commun,Journal article,,,,,,,1,1,[],{},staff_recent_publications_json
428,Gill Reeves,A5108761036,https://openalex.org/A5108761036,Gill Reeves,0.9,high,local:a42a75d20e35adcb,Response: Rheumatoid arthritis and cancer risk in the Million Women Study.,2024.0,2024-01-01,Gill Reeves,,,high,0.88,Bundled staff-profile publication; high person-level OpenAlex match; publication has DOI or year evidence.,,,,,,Other,0,,,,,https://www.ndph.ox.ac.uk/publications/2055484,,,Int J Epidemiol,Other,,,,,,,1,1,[],{},staff_recent_publications_json
429,Sadie Regmi,A5035496083,https://openalex.org/A5035496083,Sadie Regmi,0.9,high,local:76c29ac37b51269e,Coercing for public health: reflections on the role of coercion in public health emergencies.,2025.0,2025-01-01,Sadie Regmi,,,high,0.88,Bundled staff-profile publication; high person-level OpenAlex match; publication has DOI or year evidence.,,,,,,Journal article,0,,,,,https://www.ndph.ox.ac.uk/publications/2118775,,,Monash Bioeth Rev,Journal article,,,,,,,1,1,[],{},staff_recent_publications_json
429,Sadie Regmi,A5035496083,https://openalex.org/A5035496083,Sadie Regmi,0.9,high,local:0f44b3178277a641,Addressing challenges for clinical research responses to emerging epidemics and pandemics: a scoping review.,2020.0,2020-01-01,Sadie Regmi,,,high,0.88,Bundled staff-profile publication; high person-level OpenAlex match; publication has DOI or year evidence.,,,,,,Journal article,0,,,,,https://www.ndph.ox.ac.uk/publications/1115004,,,BMC Med,Journal article,,,,,,,1,1,[],{},staff_recent_publications_json
429,Sadie Regmi,A5035496083,https://openalex.org/A5035496083,Sadie Regmi,0.9,high,local:bda600b35b28f181,"Addressing political, economic, administrative, regulatory, logistical, ethical, and social challenges to clinical research responses to emerging epidemics and pandemics: a systematic review",2019.0,2019-01-01,Sadie Regmi,,,high,0.88,Bundled staff-profile publication; high person-level OpenAlex match; publication has DOI or year evidence.,,,,,,Conference paper,0,,,,,https://www.ndph.ox.ac.uk/publications/1079593,,,LANCET,Conference paper,,,,,,,1,1,[],{},staff_recent_publications_json
429,Sadie Regmi,A5035496083,https://openalex.org/A5035496083,Sadie Regmi,0.9,high,local:9e903bfe21e38cbe,Recovery from delirium and psychotic manifestations following treatment of anaemia with off-label rituximab in active cold haemagglutinin disease.,2016.0,2016-01-01,Sadie Regmi,,,high,0.88,Bundled staff-profile publication; high person-level OpenAlex match; publication has DOI or year evidence.,,,,,,Journal article,0,,,,,https://www.ndph.ox.ac.uk/publications/1209916,,,BMJ case reports,Journal article,,,,,,,1,1,[],{},staff_recent_publications_json
429,Sadie Regmi,A5035496083,https://openalex.org/A5035496083,Sadie Regmi,0.9,high,local:2c998339a329e59e,Understanding the mechanisms and drivers of antimicrobial resistance.,2016.0,2016-01-01,Sadie Regmi,,,high,0.88,Bundled staff-profile publication; high person-level OpenAlex match; publication has DOI or year evidence.,,,,,,Journal article,0,,,,,https://www.ndph.ox.ac.uk/publications/588857,,,Lancet,Journal article,,,,,,,1,1,[],{},staff_recent_publications_json
430,Christina Reith,A5071903285,https://openalex.org/A5071903285,Christina Reith,0.9,high,local:29ddeefcf782557c,Effects of statin therapy on diagnoses of new-onset diabetes and worsening glycaemia in large-scale randomised blinded statin trials: an individual participant data meta-analysis.,2024.0,2024-01-01,Christina Reith,,,high,0.88,Bundled staff-profile publication; high person-level OpenAlex match; publication has DOI or year evidence.,,,,,,Journal article,0,,,,,https://www.ndph.ox.ac.uk/publications/1929630,,,Lancet Diabetes Endocrinol,Journal article,,,,,,,1,1,[],{},staff_recent_publications_json
430,Christina Reith,A5071903285,https://openalex.org/A5071903285,Christina Reith,0.9,high,local:45321ce5cca0cdce,Lifetime effects and cost-effectiveness of standard and higher-intensity statin therapy across population categories in the UK: a microsimulation modelling study.,2024.0,2024-01-01,Christina Reith,,,high,0.88,Bundled staff-profile publication; high person-level OpenAlex match; publication has DOI or year evidence.,,,,,,Journal article,0,,,,,https://www.ndph.ox.ac.uk/publications/1650623,,,Lancet Reg Health Eur,Journal article,,,,,,,1,1,[],{},staff_recent_publications_json
430,Christina Reith,A5071903285,https://openalex.org/A5071903285,Christina Reith,0.9,high,local:9382f326f2a7f61f,Impact of outcome adjudication in kidney disease trials: observations from the Study of Heart and Renal Protection (SHARP).,2023.0,2023-01-01,Christina Reith,,,high,0.88,Bundled staff-profile publication; high person-level OpenAlex match; publication has DOI or year evidence.,,,,,,Journal article,0,,,,,https://www.ndph.ox.ac.uk/publications/1340379,,,Kidney Int Rep,Journal article,,,,,,,1,1,[],{},staff_recent_publications_json
430,Christina Reith,A5071903285,https://openalex.org/A5071903285,Christina Reith,0.9,high,local:ff8293b5e9c446de,Accelerating clinical trials: time to turn words into action.,2023.0,2023-01-01,Christina Reith,,,high,0.88,Bundled staff-profile publication; high person-level OpenAlex match; publication has DOI or year evidence.,,,,,,Other,0,,,,,https://www.ndph.ox.ac.uk/publications/1353890,,,Lancet,Other,,,,,,,1,1,[],{},staff_recent_publications_json
430,Christina Reith,A5071903285,https://openalex.org/A5071903285,Christina Reith,0.9,high,local:a91eacb5c3c2356f,Prediction Models for Individual-Level Healthcare Costs Associated with Cardiovascular Events in the UK.,2023.0,2023-01-01,Christina Reith,,,high,0.88,Bundled staff-profile publication; high person-level OpenAlex match; publication has DOI or year evidence.,,,,,,Journal article,0,,,,,https://www.ndph.ox.ac.uk/publications/1300878,,,Pharmacoeconomics,Journal article,,,,,,,1,1,[],{},staff_recent_publications_json
431,Oliver Rivero-Arias,A5014510851,https://openalex.org/A5014510851,Oliver Rivero-Arias,0.9,high,local:57023321d4d3fb33,Assessing the experimental EuroQol toddler and infant populations (EQ-TIPS) descriptive system: a protocol integrating discrete choice experiment (DCE) surveys in instrument development.,2025.0,2025-01-01,Oliver Rivero-Arias,,,high,0.88,Bundled staff-profile publication; high person-level OpenAlex match; publication has DOI or year evidence.,,,,,,Journal article,0,,,,,https://www.ndph.ox.ac.uk/publications/2243361,,,BMJ open,Journal article,,,,,,,1,1,[],{},staff_recent_publications_json
431,Oliver Rivero-Arias,A5014510851,https://openalex.org/A5014510851,Oliver Rivero-Arias,0.9,high,local:4c3b790db9c8e096,Comparisons of Preferences Towards EQ-5D-Y-3L Health States Between Adult Own and Child Perspectives.,2025.0,2025-01-01,Oliver Rivero-Arias,,,high,0.88,Bundled staff-profile publication; high person-level OpenAlex match; publication has DOI or year evidence.,,,,,,Journal article,0,,,,,https://www.ndph.ox.ac.uk/publications/2245003,,,Value Health,Journal article,,,,,,,1,1,[],{},staff_recent_publications_json
431,Oliver Rivero-Arias,A5014510851,https://openalex.org/A5014510851,Oliver Rivero-Arias,0.9,high,local:1f5fc129d5e55b80,Clinical and cost-effectiveness of detailed anomaly ultrasound screening in the first trimester: a mixed-methods study.,2025.0,2025-01-01,Oliver Rivero-Arias,,,high,0.88,Bundled staff-profile publication; high person-level OpenAlex match; publication has DOI or year evidence.,,,,,,Journal article,0,,,,,https://www.ndph.ox.ac.uk/publications/2127993,,,Health Technol Assess,Journal article,,,,,,,1,1,[],{},staff_recent_publications_json
431,Oliver Rivero-Arias,A5014510851,https://openalex.org/A5014510851,Oliver Rivero-Arias,0.9,high,local:efd8130fb41d3d27,Quantifying the impact of intervention on health outcomes: A tool for assessing incremental changes to life expectancy.,2025.0,2025-01-01,Oliver Rivero-Arias,,,high,0.88,Bundled staff-profile publication; high person-level OpenAlex match; publication has DOI or year evidence.,,,,,,Journal article,0,,,,,https://www.ndph.ox.ac.uk/publications/2119969,,,Value Health,Journal article,,,,,,,1,1,[],{},staff_recent_publications_json
431,Oliver Rivero-Arias,A5014510851,https://openalex.org/A5014510851,Oliver Rivero-Arias,0.9,high,local:2e7afcba668d6971,Optimising neonatal services for very preterm births between 27+0 and 31+6 weeks gestation in England: the OPTI-PREM mixed-methods study.,2025.0,2025-01-01,Oliver Rivero-Arias,,,high,0.88,Bundled staff-profile publication; high person-level OpenAlex match; publication has DOI or year evidence.,,,,,,Journal article,0,,,,,https://www.ndph.ox.ac.uk/publications/2119667,,,Health Soc Care Deliv Res,Journal article,,,,,,,1,1,[],{},staff_recent_publications_json
433,Jennifer Roest,A5065874740,https://openalex.org/A5065874740,Jennifer Roest,0.9,high,local:ac105bc9885165b5,The challenges and potential solutions of achieving meaningful consent amongst research participants in northern Thailand: a qualitative study.,2023.0,2023-01-01,Jennifer Roest,,,high,0.88,Bundled staff-profile publication; high person-level OpenAlex match; publication has DOI or year evidence.,,,,,,Journal article,0,,,,,https://www.ndph.ox.ac.uk/publications/1585856,,,BMC Med Ethics,Journal article,,,,,,,1,1,[],{},staff_recent_publications_json
433,Jennifer Roest,A5065874740,https://openalex.org/A5065874740,Jennifer Roest,0.9,high,local:9968a2f33e9a8242,Respecting relational agency in the context of vulnerability: What can research ethics learn from the social sciences?,2023.0,2023-01-01,Jennifer Roest,,,high,0.88,Bundled staff-profile publication; high person-level OpenAlex match; publication has DOI or year evidence.,,,,,,Journal article,0,,,,,https://www.ndph.ox.ac.uk/publications/1328695,,,Bioethics,Journal article,,,,,,,1,1,[],{},staff_recent_publications_json
433,Jennifer Roest,A5065874740,https://openalex.org/A5065874740,Jennifer Roest,0.9,high,local:bffcd7cf61883333,Culturally responsive research ethics: How the socio-ethical norms of Arr-nar/Kreng-jai inform research participation at the Thai-Myanmar border.,2023.0,2023-01-01,Jennifer Roest,,,high,0.88,Bundled staff-profile publication; high person-level OpenAlex match; publication has DOI or year evidence.,,,,,,Journal article,0,,,,,https://www.ndph.ox.ac.uk/publications/1340406,,,PLOS Glob Public Health,Journal article,,,,,,,1,1,[],{},staff_recent_publications_json
433,Jennifer Roest,A5065874740,https://openalex.org/A5065874740,Jennifer Roest,0.9,high,local:df44ad30edaa7f56,Vulnerability and agency in research participants' daily lives and the research encounter: A qualitative case study of participants taking part in scrub typhus research in northern Thailand.,2023.0,2023-01-01,Jennifer Roest,,,high,0.88,Bundled staff-profile publication; high person-level OpenAlex match; publication has DOI or year evidence.,,,,,,Journal article,0,,,,,https://www.ndph.ox.ac.uk/publications/1326320,,,PLoS One,Journal article,,,,,,,1,1,[],{},staff_recent_publications_json
433,Jennifer Roest,A5065874740,https://openalex.org/A5065874740,Jennifer Roest,0.9,high,local:1ea102a27d0856f2,"Research ethics in context: understanding the vulnerabilities, agency and resourcefulness of research participants living along the Thai-Myanmar border.",2020.0,2020-01-01,Jennifer Roest,,,high,0.88,Bundled staff-profile publication; high person-level OpenAlex match; publication has DOI or year evidence.,,,,,,Journal article,0,,,,,https://www.ndph.ox.ac.uk/publications/1144942,,,Int Health,Journal article,,,,,,,1,1,[],{},staff_recent_publications_json
434,Ines Rombach,A5087469402,https://openalex.org/A5087469402,Ines Rombach,0.9,high,local:94be61354c5a16ec,Exercise therapy with or without other physical therapy interventions versus placebo interventions for osteoarthritis –systematic review,2021.0,2021-01-01,Ines Rombach,,,high,0.88,Bundled staff-profile publication; high person-level OpenAlex match; publication has DOI or year evidence.,,,,,,Journal article,0,,,,,https://www.ndph.ox.ac.uk/publications/1186683,,,Osteoarthritis and Cartilage Open,Journal article,,,,,,,1,1,[],{},staff_recent_publications_json
434,Ines Rombach,A5087469402,https://openalex.org/A5087469402,Ines Rombach,0.9,high,local:a5c29cf9ea341a12,Study of Peri-Articular Anaesthetic for Replacement of the Knee (SPAARK): statistical analysis plan for a randomised controlled trial assessing the effectiveness of peri-articular liposomal bupivacaine plus bupivacaine hydrochloride compared with bupivacaine hydrochloride alone,2021.0,2021-01-01,Ines Rombach,,,high,0.88,Bundled staff-profile publication; high person-level OpenAlex match; publication has DOI or year evidence.,,,,,,Journal article,0,,,,,https://www.ndph.ox.ac.uk/publications/1173008,,,Trials,Journal article,,,,,,,1,1,[],{},staff_recent_publications_json
434,Ines Rombach,A5087469402,https://openalex.org/A5087469402,Ines Rombach,0.9,high,local:ddcff3e8ce031ba0,Study of Peri-Articular Anaesthetic for Replacement of the Knee (SPAARK): statistical analysis plan for a randomised controlled trial assessing the effectiveness of peri-articular liposomal bupivacaine plus bupivacaine hydrochloride compared with bupivacaine hydrochloride alone,2021.0,2021-01-01,Ines Rombach,,,high,0.88,Bundled staff-profile publication; high person-level OpenAlex match; publication has DOI or year evidence.,,,,,,Journal article,0,,,,,https://www.ndph.ox.ac.uk/publications/1173009,,,Trials,Journal article,,,,,,,1,1,[],{},staff_recent_publications_json
434,Ines Rombach,A5087469402,https://openalex.org/A5087469402,Ines Rombach,0.9,high,local:a93372e03bf613cb,Personalised high tibial osteotomy has mechanical safety equivalent to generic device in a case-control in silico clinical trial,2021.0,2021-01-01,Ines Rombach,,,high,0.88,Bundled staff-profile publication; high person-level OpenAlex match; publication has DOI or year evidence.,,,,,,Journal article,0,,,,,https://www.ndph.ox.ac.uk/publications/1172447,,,Communications medicine,Journal article,,,,,,,1,1,[],{},staff_recent_publications_json
434,Ines Rombach,A5087469402,https://openalex.org/A5087469402,Ines Rombach,0.9,high,local:83043ecbaa233e63,"Treating to target in psoriatic arthritis: assessing real-world outcomes and optimising therapeutic strategy for adults with psoriatic arthritis-study protocol for the MONITOR-PsA study, a trials within cohorts study design.",2021.0,2021-01-01,Ines Rombach,,,high,0.88,Bundled staff-profile publication; high person-level OpenAlex match; publication has DOI or year evidence.,,,,,,Journal article,0,,,,,https://www.ndph.ox.ac.uk/publications/1166223,,,Trials,Journal article,,,,,,,1,1,[],{},staff_recent_publications_json
435,Laurence Roope,A5045131736,https://openalex.org/A5045131736,Laurence Roope,0.9,high,local:0a3c7544cad3d7fe,Lottery or Triage? Multi-country survey-based experiment evidence from the COVID-19 pandemic on public preferences for allocation of scarce medical resources,2025.0,2025-01-01,Laurence Roope,,,high,0.88,Bundled staff-profile publication; high person-level OpenAlex match; publication has DOI or year evidence.,,,,,,Journal article,0,,,,,https://www.ndph.ox.ac.uk/publications/2263114,,,Medical decision making,Journal article,,,,,,,1,1,[],{},staff_recent_publications_json
435,Laurence Roope,A5045131736,https://openalex.org/A5045131736,Laurence Roope,0.9,high,local:f1001dec17a0e8cd,Accuracy of online surveys in predicting COVID-19 uptake and demand: A cohort study investigating vaccine sentiments and switching in 13 countries from 2020 to 2022.,2025.0,2025-01-01,Laurence Roope,,,high,0.88,Bundled staff-profile publication; high person-level OpenAlex match; publication has DOI or year evidence.,,,,,,Journal article,0,,,,,https://www.ndph.ox.ac.uk/publications/2242571,,,Vaccine,Journal article,,,,,,,1,1,[],{},staff_recent_publications_json
435,Laurence Roope,A5045131736,https://openalex.org/A5045131736,Laurence Roope,0.9,high,local:6b257eac2f51a2a7,Inequality in COVID-19 vaccine acceptance and uptake: A repeated cross-sectional analysis of COVID vaccine acceptance and uptake in 13 countries.,2025.0,2025-01-01,Laurence Roope,,,high,0.88,Bundled staff-profile publication; high person-level OpenAlex match; publication has DOI or year evidence.,,,,,,Journal article,0,,,,,https://www.ndph.ox.ac.uk/publications/2080428,,,Health Policy,Journal article,,,,,,,1,1,[],{},staff_recent_publications_json
435,Laurence Roope,A5045131736,https://openalex.org/A5045131736,Laurence Roope,0.9,high,local:ca78e501063d116f,Inequalities in geographic barriers and patient representation in lymphoma clinical trials across England.,2025.0,2025-01-01,Laurence Roope,,,high,0.88,Bundled staff-profile publication; high person-level OpenAlex match; publication has DOI or year evidence.,,,,,,Journal article,0,,,,,https://www.ndph.ox.ac.uk/publications/2068850,,,Br J Haematol,Journal article,,,,,,,1,1,[],{},staff_recent_publications_json
435,Laurence Roope,A5045131736,https://openalex.org/A5045131736,Laurence Roope,0.9,high,local:e1a940d9f251618e,"How, why and when are delayed (back-up) antibiotic prescriptions used in primary care? A realist review integrating concepts of uncertainty in healthcare",2024.0,2024-01-01,Laurence Roope,,,high,0.88,Bundled staff-profile publication; high person-level OpenAlex match; publication has DOI or year evidence.,,,,,,Journal article,0,,,,,https://www.ndph.ox.ac.uk/publications/2039048,,,BMC Public Health,Journal article,,,,,,,1,1,[],{},staff_recent_publications_json
435,Laurence Roope,A5045131736,https://openalex.org/A5045131736,Laurence Roope,0.9,high,local:149aadd4fd321c09,Access to healthcare services during the COVID-19 pandemic: a cross-sectional analysis of income and user-access across 16 economically diverse countries.,2024.0,2024-01-01,Laurence Roope,,,high,0.88,Bundled staff-profile publication; high person-level OpenAlex match; publication has DOI or year evidence.,,,,,,Journal article,0,,,,,https://www.ndph.ox.ac.uk/publications/2035395,,,BMC Public Health,Journal article,,,,,,,1,1,[],{},staff_recent_publications_json
435,Laurence Roope,A5045131736,https://openalex.org/A5045131736,Laurence Roope,0.9,high,local:b4ee13dc905f8451,Overcoming challenges in the economic evaluation of interventions to optimise antibiotic use.,2024.0,2024-01-01,Laurence Roope,,,high,0.88,Bundled staff-profile publication; high person-level OpenAlex match; publication has DOI or year evidence.,,,,,,Journal article,0,,,,,https://www.ndph.ox.ac.uk/publications/1994383,,,Commun Med (Lond),Journal article,,,,,,,1,1,[],{},staff_recent_publications_json
435,Laurence Roope,A5045131736,https://openalex.org/A5045131736,Laurence Roope,0.9,high,local:572720b86ce6de52,Assessing the relationship between coverage of essential health services and poverty levels in low- and middle- income countries,2024.0,2024-01-01,Laurence Roope,,,high,0.88,Bundled staff-profile publication; high person-level OpenAlex match; publication has DOI or year evidence.,,,,,,Journal article,0,,,,,https://www.ndph.ox.ac.uk/publications/1607873,,,Health Policy and Planning,Journal article,,,,,,,1,1,[],{},staff_recent_publications_json
435,Laurence Roope,A5045131736,https://openalex.org/A5045131736,Laurence Roope,0.9,high,local:ae67aee6133df42b,Author Correction: Financial incentives for COVID-19 vaccines in a rural low-resource setting: a cluster-randomized trial.,2023.0,2023-01-01,Laurence Roope,,,high,0.88,Bundled staff-profile publication; high person-level OpenAlex match; publication has DOI or year evidence.,,,,,,Journal article,0,,,,,https://www.ndph.ox.ac.uk/publications/1592134,,,Nature medicine,Journal article,,,,,,,1,1,[],{},staff_recent_publications_json
435,Laurence Roope,A5045131736,https://openalex.org/A5045131736,Laurence Roope,0.9,high,local:df66ba49a5584caa,Financial incentives for COVID-19 vaccines in a rural low-resource setting: a cluster-randomized trial.,2023.0,2023-01-01,Laurence Roope,,,high,0.88,Bundled staff-profile publication; high person-level OpenAlex match; publication has DOI or year evidence.,,,,,,Journal article,0,,,,,https://www.ndph.ox.ac.uk/publications/1553229,,,Nat Med,Journal article,,,,,,,1,1,[],{},staff_recent_publications_json
436,Stephanie Ross,A5103125515,https://openalex.org/A5103125515,Stephanie Ross,0.9,high,local:552bb8e03e0a93c8,"Body-mass index, blood pressure, diabetes and cardiovascular mortality in Cuba: prospective study of 146,556 participants.",2021.0,2021-01-01,Stephanie Ross,,,high,0.88,Bundled staff-profile publication; high person-level OpenAlex match; publication has DOI or year evidence.,,,,,,Journal article,0,,,,,https://www.ndph.ox.ac.uk/publications/1173974,,,BMC Public Health,Journal article,,,,,,,1,1,[],{},staff_recent_publications_json
436,Stephanie Ross,A5103125515,https://openalex.org/A5103125515,Stephanie Ross,0.9,high,local:20bb088dd4f7260d,Alcohol consumption and cause-specific mortality in Cuba: prospective study of 120 623 adults.,2021.0,2021-01-01,Stephanie Ross,,,high,0.88,Bundled staff-profile publication; high person-level OpenAlex match; publication has DOI or year evidence.,,,,,,Journal article,0,,,,,https://www.ndph.ox.ac.uk/publications/1145966,,,EClinicalMedicine,Journal article,,,,,,,1,1,[],{},staff_recent_publications_json
437,Rachel Rowe,A5018499621,https://openalex.org/A5018499621,Rachel Rowe,0.9,high,local:4748692f6013630a,Intermittent auscultation fetal monitoring practice in different UK birth settings: a cross-sectional survey.,2025.0,2025-01-01,Rachel Rowe,,,high,0.88,Bundled staff-profile publication; high person-level OpenAlex match; publication has DOI or year evidence.,,,,,,Journal article,0,,,,,https://www.ndph.ox.ac.uk/publications/2118734,,,BMC Pregnancy Childbirth,Journal article,,,,,,,1,1,[],{},staff_recent_publications_json
437,Rachel Rowe,A5018499621,https://openalex.org/A5018499621,Rachel Rowe,0.9,high,local:8bd9e755201121a6,"Associations between postpartum haemorrhage, postnatal mental health and longer term mental illness: a record-linked cohort study",2025.0,2025-01-01,Rachel Rowe,,,high,0.88,Bundled staff-profile publication; high person-level OpenAlex match; publication has DOI or year evidence.,,,,,,Journal article,0,,,,,https://www.ndph.ox.ac.uk/publications/2102072,,,Journal of Reproductive and Infant Psychology,Journal article,,,,,,,1,1,[],{},staff_recent_publications_json
437,Rachel Rowe,A5018499621,https://openalex.org/A5018499621,Rachel Rowe,0.9,high,local:80cfb1c5cf4cf423,Midwives' experience of managing emergencies during labour and birth in a community setting: a mixed-methods systematic review.,2025.0,2025-01-01,Rachel Rowe,,,high,0.88,Bundled staff-profile publication; high person-level OpenAlex match; publication has DOI or year evidence.,,,,,,Journal article,0,,,,,https://www.ndph.ox.ac.uk/publications/2073691,,,Women Birth,Journal article,,,,,,,1,1,[],{},staff_recent_publications_json
437,Rachel Rowe,A5018499621,https://openalex.org/A5018499621,Rachel Rowe,0.9,high,local:71c4eb527def29e2,Outcomes for women with diabetes admitted for labour care to midwifery units in the UK: a national prospective cohort study and survey of practice using the UK Midwifery Study System (UKMidSS).,2024.0,2024-01-01,Rachel Rowe,,,high,0.88,Bundled staff-profile publication; high person-level OpenAlex match; publication has DOI or year evidence.,,,,,,Journal article,0,,,,,https://www.ndph.ox.ac.uk/publications/2068206,,,BMJ Open,Journal article,,,,,,,1,1,[],{},staff_recent_publications_json
437,Rachel Rowe,A5018499621,https://openalex.org/A5018499621,Rachel Rowe,0.9,high,local:a92151360ba161ed,Women's experiences of intermittent auscultation fetal monitoring in labour: A qualitative study.,2024.0,2024-01-01,Rachel Rowe,,,high,0.88,Bundled staff-profile publication; high person-level OpenAlex match; publication has DOI or year evidence.,,,,,,Journal article,0,,,,,https://www.ndph.ox.ac.uk/publications/2023462,,,Women Birth,Journal article,,,,,,,1,1,[],{},staff_recent_publications_json
441,Kate Sahan,A5028719485,https://openalex.org/A5028719485,Kate Sahan,0.9,high,local:1e7ee3e8de7b16bc,Views and attitudes about the offer of NIPT: a qualitative study of UK healthcare professionals.,2025.0,2025-01-01,Kate Sahan,,,high,0.88,Bundled staff-profile publication; high person-level OpenAlex match; publication has DOI or year evidence.,,,,,,Journal article,0,,,,,https://www.ndph.ox.ac.uk/publications/2252312,,,BMC Med Ethics,Journal article,,,,,,,1,1,[],{},staff_recent_publications_json
441,Kate Sahan,A5028719485,https://openalex.org/A5028719485,Kate Sahan,0.9,high,local:094c732ff08de1fc,Determining a role for Patient and Public Involvement and Engagement (PPIE) in genomic data governance for cancer care,2025.0,2025-01-01,Kate Sahan,,,high,0.88,Bundled staff-profile publication; high person-level OpenAlex match; publication has DOI or year evidence.,,,,,,Journal article,0,,,,,https://www.ndph.ox.ac.uk/publications/2125590,,,European Journal of Human Genetics,Journal article,,,,,,,1,1,[],{},staff_recent_publications_json
441,Kate Sahan,A5028719485,https://openalex.org/A5028719485,Kate Sahan,0.9,high,local:3d64256290808ace,The role of the enrolling clinician in emergency research conducted under an exception from informed consent.,2025.0,2025-01-01,Kate Sahan,,,high,0.88,Bundled staff-profile publication; high person-level OpenAlex match; publication has DOI or year evidence.,,,,,,Journal article,0,,,,,https://www.ndph.ox.ac.uk/publications/2101863,,,Theor Med Bioeth,Journal article,,,,,,,1,1,[],{},staff_recent_publications_json
441,Kate Sahan,A5028719485,https://openalex.org/A5028719485,Kate Sahan,0.9,high,local:7b4f52a152991d63,Towards an understanding of the ethics of electronic consent in clinical trials.,2024.0,2024-01-01,Kate Sahan,,,high,0.88,Bundled staff-profile publication; high person-level OpenAlex match; publication has DOI or year evidence.,,,,,,Journal article,0,,,,,https://www.ndph.ox.ac.uk/publications/2022188,,,Trials,Journal article,,,,,,,1,1,[],{},staff_recent_publications_json
441,Kate Sahan,A5028719485,https://openalex.org/A5028719485,Kate Sahan,0.9,high,local:a7cc139fc44cc918,Response to commentaries: ethical preparedness in genomic medicine-how NHS clinical scientists navigate ethical issues.,2024.0,2024-01-01,Kate Sahan,,,high,0.88,Bundled staff-profile publication; high person-level OpenAlex match; publication has DOI or year evidence.,,,,,,Journal article,0,,,,,https://www.ndph.ox.ac.uk/publications/2002661,,,J Med Ethics,Journal article,,,,,,,1,1,[],{},staff_recent_publications_json
442,Natasha Sahgal,A5024122752,https://openalex.org/A5024122752,Natasha Sahgal,0.9,high,local:640cf669308f2d66,Heritable genetic variants in key cancer genes link cancer risk with anthropometric traits.,2021.0,2021-01-01,Natasha Sahgal,,,high,0.88,Bundled staff-profile publication; high person-level OpenAlex match; publication has DOI or year evidence.,,,,,,Journal article,0,,,,,https://www.ndph.ox.ac.uk/publications/1115572,,,J Med Genet,Journal article,,,,,,,1,1,[],{},staff_recent_publications_json
442,Natasha Sahgal,A5024122752,https://openalex.org/A5024122752,Natasha Sahgal,0.9,high,local:aa843185cae9aeac,"Germline and Somatic Genetic Variants in the p53 Pathway Interact to Affect Cancer Risk, Progression, and Drug Response.",2021.0,2021-01-01,Natasha Sahgal,,,high,0.88,Bundled staff-profile publication; high person-level OpenAlex match; publication has DOI or year evidence.,,,,,,Journal article,0,,,,,https://www.ndph.ox.ac.uk/publications/1161207,,,Cancer Res,Journal article,,,,,,,1,1,[],{},staff_recent_publications_json
442,Natasha Sahgal,A5024122752,https://openalex.org/A5024122752,Natasha Sahgal,0.9,high,local:3513e0b1972a945c,"Germline and somatic genetic variants in the p53 pathway interact to affect cancer risk, progression and drug response",2019.0,2019-01-01,Natasha Sahgal,,,high,0.88,Bundled staff-profile publication; high person-level OpenAlex match; publication has DOI or year evidence.,,,,,,Journal article,0,,,,,https://www.ndph.ox.ac.uk/publications/1085013,,,,Journal article,,,,,,,1,1,[],{},staff_recent_publications_json
445,Emily Sammons,A5067780482,https://openalex.org/A5067780482,Emily Sammons,0.9,high,local:2b6ad60e825d7eb4,Cost-effectiveness of fenofibrate versus standard care for reducing the progression of diabetic retinopathy: An economic evaluation based on data from the LENS trial.,2025.0,2025-01-01,Emily Sammons,,,high,0.88,Bundled staff-profile publication; high person-level OpenAlex match; publication has DOI or year evidence.,,,,,,Journal article,0,,,,,https://www.ndph.ox.ac.uk/publications/2128101,,,Diabet Med,Journal article,,,,,,,1,1,[],{},staff_recent_publications_json
445,Emily Sammons,A5067780482,https://openalex.org/A5067780482,Emily Sammons,0.9,high,local:55515e6d7754039f,Experience of linking to the NHS diabetic eye screening programme records in the ASCEND-eye randomized trial and recommendations for improvement.,2025.0,2025-01-01,Emily Sammons,,,high,0.88,Bundled staff-profile publication; high person-level OpenAlex match; publication has DOI or year evidence.,,,,,,Journal article,0,,,,,https://www.ndph.ox.ac.uk/publications/2101436,,,Contemp Clin Trials Commun,Journal article,,,,,,,1,1,[],{},staff_recent_publications_json
445,Emily Sammons,A5067780482,https://openalex.org/A5067780482,Emily Sammons,0.9,high,local:9d443db8726f42b6,The potential for improving cardio-renal outcomes in chronic kidney disease with the aldosterone synthase inhibitor vicadrostat (BI 690517): a rationale for the EASi-KIDNEY trial.,2025.0,2025-01-01,Emily Sammons,,,high,0.88,Bundled staff-profile publication; high person-level OpenAlex match; publication has DOI or year evidence.,,,,,,Journal article,0,,,,,https://www.ndph.ox.ac.uk/publications/2062626,,,Nephrol Dial Transplant,Journal article,,,,,,,1,1,[],{},staff_recent_publications_json
445,Emily Sammons,A5067780482,https://openalex.org/A5067780482,Emily Sammons,0.9,high,local:b0189d6ce54d9360,Empagliflozin lowers serum uric acid in chronic kidney disease: exploratory analyses from the EMPA-KIDNEY trial.,2025.0,2025-01-01,Emily Sammons,,,high,0.88,Bundled staff-profile publication; high person-level OpenAlex match; publication has DOI or year evidence.,,,,,,Journal article,0,,,,,https://www.ndph.ox.ac.uk/publications/2020812,,,Nephrol Dial Transplant,Journal article,,,,,,,1,1,[],{},staff_recent_publications_json
445,Emily Sammons,A5067780482,https://openalex.org/A5067780482,Emily Sammons,0.9,high,local:6e1e94f255ef00e9,Effects of aspirin and omega-3 fatty acids on age-related macular degeneration in ASCEND-Eye: a randomised placebo-controlled trial in a population with diabetes.,2025.0,2025-01-01,Emily Sammons,,,high,0.88,Bundled staff-profile publication; high person-level OpenAlex match; publication has DOI or year evidence.,,,,,,Journal article,0,,,,,https://www.ndph.ox.ac.uk/publications/2077095,,,BMJ Open,Journal article,,,,,,,1,1,[],{},staff_recent_publications_json
448,Sally Sansom,A5122213251,https://openalex.org/A5122213251,Sally Sansom,0.45,low,local:0770559d323c3100,Making progress with newborn screening,2025.0,2025-01-01,Sally Sansom,,,low,0.48,Bundled staff-profile publication with weak or missing person/paper evidence.,,,,,,Report,0,,,,,https://www.ndph.ox.ac.uk/publications/2120438,,,,Report,,,,,,,1,1,[],{},staff_recent_publications_json
448,Sally Sansom,A5122213251,https://openalex.org/A5122213251,Sally Sansom,0.45,low,local:f3e2e57e574694a3,Estimating the impact of Angelman syndrome on parental productivity in Australia using productivity-adjusted life years.,2023.0,2023-01-01,Sally Sansom,,,low,0.48,Bundled staff-profile publication with weak or missing person/paper evidence.,,,,,,Journal article,0,,,,,https://www.ndph.ox.ac.uk/publications/1994458,,,Disabil Health J,Journal article,,,,,,,1,1,[],{},staff_recent_publications_json
448,Sally Sansom,A5122213251,https://openalex.org/A5122213251,Sally Sansom,0.45,low,local:52a79cfc46bdfd0e,Disease burden and economic impact of diagnosed non-alcoholic steatohepatitis in five European countries in 2018: A cost-of-illness analysis.,2021.0,2021-01-01,Sally Sansom,,,low,0.48,Bundled staff-profile publication with weak or missing person/paper evidence.,,,,,,Journal article,0,,,,,https://www.ndph.ox.ac.uk/publications/1994460,,,Liver Int,Journal article,,,,,,,1,1,[],{},staff_recent_publications_json
448,Sally Sansom,A5122213251,https://openalex.org/A5122213251,Sally Sansom,0.45,low,local:396aa71f8df2e215,Disease burden and economic impact of diagnosed non-alcoholic steatohepatitis (NASH) in the United Kingdom (UK) in 2018.,2021.0,2021-01-01,Sally Sansom,,,low,0.48,Bundled staff-profile publication with weak or missing person/paper evidence.,,,,,,Journal article,0,,,,,https://www.ndph.ox.ac.uk/publications/1994459,,,Eur J Health Econ,Journal article,,,,,,,1,1,[],{},staff_recent_publications_json
449,Rebecca Sardell,A5112961696,https://openalex.org/A5112961696,Rebecca Sardell,0.9,high,local:b0189d6ce54d9360,Empagliflozin lowers serum uric acid in chronic kidney disease: exploratory analyses from the EMPA-KIDNEY trial.,2025.0,2025-01-01,Rebecca Sardell,,,high,0.88,Bundled staff-profile publication; high person-level OpenAlex match; publication has DOI or year evidence.,,,,,,Journal article,0,,,,,https://www.ndph.ox.ac.uk/publications/2020812,,,Nephrol Dial Transplant,Journal article,,,,,,,1,1,[],{},staff_recent_publications_json
449,Rebecca Sardell,A5112961696,https://openalex.org/A5112961696,Rebecca Sardell,0.9,high,local:f7644976cf6ffa74,"Frailty, multimorbidity and polypharmacy: exploratory analyses of the effects of empagliflozin from the EMPA-KIDNEY trial.",2024.0,2024-01-01,Rebecca Sardell,,,high,0.88,Bundled staff-profile publication; high person-level OpenAlex match; publication has DOI or year evidence.,,,,,,Journal article,0,,,,,https://www.ndph.ox.ac.uk/publications/2010170,,,Clin J Am Soc Nephrol,Journal article,,,,,,,1,1,[],{},staff_recent_publications_json
449,Rebecca Sardell,A5112961696,https://openalex.org/A5112961696,Rebecca Sardell,0.9,high,local:e583c359ecc2f2b4,Texas Has the Highest Hepatocellular Carcinoma Incidence Rates in the USA,2020.0,2020-01-01,Rebecca Sardell,,,high,0.88,Bundled staff-profile publication; high person-level OpenAlex match; publication has DOI or year evidence.,,,,,,Journal article,0,,,,,https://www.ndph.ox.ac.uk/publications/1149947,,,Dig Dis Sci,Journal article,,,,,,,1,1,[],{},staff_recent_publications_json
449,Rebecca Sardell,A5112961696,https://openalex.org/A5112961696,Rebecca Sardell,0.9,high,local:04746fbb6d2416f8,AMISH EYE STUDY: Baseline Spectral Domain Optical Coherence Tomography Characteristics of Age-Related Macular Degeneration,2019.0,2019-01-01,Rebecca Sardell,,,high,0.88,Bundled staff-profile publication; high person-level OpenAlex match; publication has DOI or year evidence.,,,,,,Journal article,0,,,,,https://www.ndph.ox.ac.uk/publications/1149948,,,Retina,Journal article,,,,,,,1,1,[],{},staff_recent_publications_json
449,Rebecca Sardell,A5112961696,https://openalex.org/A5112961696,Rebecca Sardell,0.9,high,local:029524b5322f1a9c,A large genome-wide association study of age-related macular degeneration highlights contributions of rare and common variants,2016.0,2016-01-01,Rebecca Sardell,,,high,0.88,Bundled staff-profile publication; high person-level OpenAlex match; publication has DOI or year evidence.,,,,,,Journal article,0,,,,,https://www.ndph.ox.ac.uk/publications/1149950,,,Nat Genet,Journal article,,,,,,,1,1,[],{},staff_recent_publications_json
451,Aurelia Sauerbrei,A5004426862,https://openalex.org/A5004426862,Aurelia Sauerbrei,0.9,high,local:085ec76caa780d04,"The impact of artificial intelligence on the person-centred, doctor-patient relationship: some problems and solutions.",2023.0,2023-01-01,Aurelia Sauerbrei,,,high,0.88,Bundled staff-profile publication; high person-level OpenAlex match; publication has DOI or year evidence.,,,,,,Journal article,0,,,,,https://www.ndph.ox.ac.uk/publications/1338120,,,BMC Med Inform Decis Mak,Journal article,,,,,,,1,1,[],{},staff_recent_publications_json
451,Aurelia Sauerbrei,A5004426862,https://openalex.org/A5004426862,Aurelia Sauerbrei,0.9,high,local:55f1a826d6c98b81,"""I don't think people are ready to trust these algorithms at face value"": trust and the use of machine learning algorithms in the diagnosis of rare disease.",2022.0,2022-01-01,Aurelia Sauerbrei,,,high,0.88,Bundled staff-profile publication; high person-level OpenAlex match; publication has DOI or year evidence.,,,,,,Journal article,0,,,,,https://www.ndph.ox.ac.uk/publications/1304476,,,BMC Med Ethics,Journal article,,,,,,,1,1,[],{},staff_recent_publications_json
451,Aurelia Sauerbrei,A5004426862,https://openalex.org/A5004426862,Aurelia Sauerbrei,0.9,high,local:eb62af206ea7e46b,AIgorithmic Ethics: A Technically Sweet Solution to a Non-Problem.,2022.0,2022-01-01,Aurelia Sauerbrei,,,high,0.88,Bundled staff-profile publication; high person-level OpenAlex match; publication has DOI or year evidence.,,,,,,Journal article,0,,,,,https://www.ndph.ox.ac.uk/publications/1266418,,,Am J Bioeth,Journal article,,,,,,,1,1,[],{},staff_recent_publications_json
453,Sarah Savić Kallesøe,A5059801247,https://openalex.org/A5059801247,Sarah Savić Kallesøe,0.45,low,local:a344fa314f2b5776,Canadians’ opinions towards COVID-19 data-sharing: a national cross-sectional survey,2023.0,2023-01-01,Sarah Savić Kallesøe,,,low,0.48,Bundled staff-profile publication with weak or missing person/paper evidence.,,,,,,Journal article,0,,,,,https://www.ndph.ox.ac.uk/publications/1327814,,,BMJ Open,Journal article,,,,,,,1,1,[],{},staff_recent_publications_json
453,Sarah Savić Kallesøe,A5059801247,https://openalex.org/A5059801247,Sarah Savić Kallesøe,0.45,low,local:b66daa951c676285,SARS-CoV-2 Genomic Contextual Data Harmonization: Recommendations from a Mixed Methods Analysis of COVID-19 Case Report Forms Across Canada,2022.0,2022-01-01,Sarah Savić Kallesøe,,,low,0.48,Bundled staff-profile publication with weak or missing person/paper evidence.,,,,,,Journal article,0,,,,,https://www.ndph.ox.ac.uk/publications/1479557,,,,Journal article,,,,,,,1,1,[],{},staff_recent_publications_json
453,Sarah Savić Kallesøe,A5059801247,https://openalex.org/A5059801247,Sarah Savić Kallesøe,0.45,low,local:03cdc7146bc95f8b,SARS-CoV-2 Genomic Contextual Data Harmonization: Recommendations from a Mixed Methods Analysis of COVID-19 Case Report Forms Across Canada,2022.0,2022-01-01,Sarah Savić Kallesøe,,,low,0.48,Bundled staff-profile publication with weak or missing person/paper evidence.,,,,,,Journal article,0,,,,,https://www.ndph.ox.ac.uk/publications/1324494,,,,Journal article,,,,,,,1,1,[],{},staff_recent_publications_json
453,Sarah Savić Kallesøe,A5059801247,https://openalex.org/A5059801247,Sarah Savić Kallesøe,0.45,low,local:25e7106f479c005e,Extreme events and gender-based violence: a mixed-methods systematic review,2022.0,2022-01-01,Sarah Savić Kallesøe,,,low,0.48,Bundled staff-profile publication with weak or missing person/paper evidence.,,,,,,Journal article,0,,,,,https://www.ndph.ox.ac.uk/publications/2011288,,,The Lancet Planetary Health,Journal article,,,,,,,1,1,[],{},staff_recent_publications_json
453,Sarah Savić Kallesøe,A5059801247,https://openalex.org/A5059801247,Sarah Savić Kallesøe,0.45,low,local:f24129198a33c0c3,Addressing Privacy Concerns in Sharing Viral Sequences and Minimum Contextual Data in a Public Repository During the COVID-19 Pandemic,2022.0,2022-01-01,Sarah Savić Kallesøe,,,low,0.48,Bundled staff-profile publication with weak or missing person/paper evidence.,,,,,,Journal article,0,,,,,https://www.ndph.ox.ac.uk/publications/1324493,,,Frontiers in Genetics,Journal article,,,,,,,1,1,[],{},staff_recent_publications_json
454,Lovro Savic,A5058812372,https://openalex.org/A5058812372,Lovro Savic,0.9,high,local:bb315b5a7b23d5e8,Three Harm-Based Arguments for a Moral Obligation to Vaccinate,2022.0,2022-01-01,Lovro Savic,,,high,0.88,Bundled staff-profile publication; high person-level OpenAlex match; publication has DOI or year evidence.,,,,,,Journal article,0,,,,,https://www.ndph.ox.ac.uk/publications/2134148,,,Health Care Analysis,Journal article,,,,,,,1,1,[],{},staff_recent_publications_json
454,Lovro Savic,A5058812372,https://openalex.org/A5058812372,Lovro Savic,0.9,high,local:01331697e2fdd910,Political Philosophy in a Pandemic: Routes to a More Just Future,2021.0,2021-01-01,Lovro Savic,,,high,0.88,Bundled staff-profile publication; high person-level OpenAlex match; publication has DOI or year evidence.,,,,,,Chapter,0,,,,,https://www.ndph.ox.ac.uk/publications/2134152,,,Political Philosophy in a Pandemic Routes to a More Just Future,Chapter,,,,,,,1,1,[],{},staff_recent_publications_json
454,Lovro Savic,A5058812372,https://openalex.org/A5058812372,Lovro Savic,0.9,high,local:fe2a9091d0a8c79d,The Ethics of Mindfulness-Based Interventions: A Population-Level Perspective,2021.0,2021-01-01,Lovro Savic,,,high,0.88,Bundled staff-profile publication; high person-level OpenAlex match; publication has DOI or year evidence.,,,,,,Chapter,0,,,,,https://www.ndph.ox.ac.uk/publications/2134153,,,The Oxford Handbook of Psychotherapy Ethics,Chapter,,,,,,,1,1,[],{},staff_recent_publications_json
454,Lovro Savic,A5058812372,https://openalex.org/A5058812372,Lovro Savic,0.9,high,local:77c30da90b1987a5,Does Mental Discipline Partially Restore the Responsibility of BCI Users?,2020.0,2020-01-01,Lovro Savic,,,high,0.88,Bundled staff-profile publication; high person-level OpenAlex match; publication has DOI or year evidence.,,,,,,Journal article,0,,,,,https://www.ndph.ox.ac.uk/publications/1087876,,,AJOB Neurosci,Journal article,,,,,,,1,1,[],{},staff_recent_publications_json
454,Lovro Savic,A5058812372,https://openalex.org/A5058812372,Lovro Savic,0.9,high,local:c90a6c12c15d9f5a,Against the integrative turn in bioethics: burdens of understanding,2018.0,2018-01-01,Lovro Savic,,,high,0.88,Bundled staff-profile publication; high person-level OpenAlex match; publication has DOI or year evidence.,,,,,,Journal article,0,,,,,https://www.ndph.ox.ac.uk/publications/2134149,,,Medicine,Journal article,,,,,,,1,1,[],{},staff_recent_publications_json
454,Lovro Savic,A5058812372,https://openalex.org/A5058812372,Lovro Savic,0.9,high,local:3dcb7d1c4d215a49,Precautionary Principle and the Problem of Counterproductivity,2017.0,2017-01-01,Lovro Savic,,,high,0.88,Bundled staff-profile publication; high person-level OpenAlex match; publication has DOI or year evidence.,,,,,,Journal article,0,,,,,https://www.ndph.ox.ac.uk/publications/2134150,,,The American Journal of Bioethics,Journal article,,,,,,,1,1,[],{},staff_recent_publications_json
454,Lovro Savic,A5058812372,https://openalex.org/A5058812372,Lovro Savic,0.9,high,local:41a462127dfd3fd2,Integrative Bioethics: A Conceptually Inconsistent Project,2016.0,2016-01-01,Lovro Savic,,,high,0.88,Bundled staff-profile publication; high person-level OpenAlex match; publication has DOI or year evidence.,,,,,,Journal article,0,,,,,https://www.ndph.ox.ac.uk/publications/2134147,,,Bioethics,Journal article,,,,,,,1,1,[],{},staff_recent_publications_json
454,Lovro Savic,A5058812372,https://openalex.org/A5058812372,Lovro Savic,0.9,high,local:5d340eae1fdc6112,"Gupta, Mona: Is evidence-based psychiatry ethical?",2015.0,2015-01-01,Lovro Savic,,,high,0.88,Bundled staff-profile publication; high person-level OpenAlex match; publication has DOI or year evidence.,,,,,,Journal article,0,,,,,https://www.ndph.ox.ac.uk/publications/2134154,,,Theoretical Medicine and Bioethics,Journal article,,,,,,,1,1,[],{},staff_recent_publications_json
455,Dan Schmidt Valle,A5009380499,https://openalex.org/A5009380499,Dan Schmidt Valle,0.72,medium,local:9ead69063c37b917,Patterns and Correlates of Bone Mineral Density Parameters Measured Using Calcaneus Quantitative Ultrasound in  Chinese Adults,2025.0,2025-01-01,Dan Schmidt Valle,,,medium,0.7,Bundled staff-profile publication; person-level match is credible but paper-level OpenAlex affiliation evidence is not available in the snapshot cache.,,,,,,Journal article,0,,,,,https://www.ndph.ox.ac.uk/publications/2092830,,,Nutrients,Journal article,,,,,,,1,1,[],{},staff_recent_publications_json
458,Rebecca Shakir,A5041806804,https://openalex.org/A5041806804,Rebecca Shakir,0.9,high,local:89727268cb5111f7,A ray of hope in a dire situation: Radiotherapy for progression after chimeric antigen receptor T‐cell therapy,2020.0,2020-01-01,Rebecca Shakir,,,high,0.88,Bundled staff-profile publication; high person-level OpenAlex match; publication has DOI or year evidence.,,,,,,Journal article,0,,,,,https://www.ndph.ox.ac.uk/publications/1091070,,,British Journal of Haematology,Journal article,,,,,,,1,1,[],{},staff_recent_publications_json
458,Rebecca Shakir,A5041806804,https://openalex.org/A5041806804,Rebecca Shakir,0.9,high,local:2233c9549bbbcd95,Patterns and Predictors of Relapse Following Radical Chemoradiation Therapy Delivered Using Intensity Modulated Radiation Therapy With a Simultaneous Integrated Boost in Anal Squamous Cell Carcinoma.,2020.0,2020-01-01,Rebecca Shakir,,,high,0.88,Bundled staff-profile publication; high person-level OpenAlex match; publication has DOI or year evidence.,,,,,,Conference paper,0,,,,,https://www.ndph.ox.ac.uk/publications/1041204,,,Int J Radiat Oncol Biol Phys,Conference paper,,,,,,,1,1,[],{},staff_recent_publications_json
459,Hamza Shams,A5078533870,https://openalex.org/A5078533870,Hamza Shams,0.45,low,local:c8cd8f4e2b867a5f,Vibration Analysis Approach to Model Incremental Wear and Associated Sound in Multi-Contact Sliding Friction Mechanisms,2023.0,2023-01-01,Hamza Shams,,,low,0.48,Bundled staff-profile publication with weak or missing person/paper evidence.,,,,,,Journal article,0,,,,,https://www.ndph.ox.ac.uk/publications/1536753,,,Journal of Tribology,Journal article,,,,,,,1,1,[],{},staff_recent_publications_json
459,Hamza Shams,A5078533870,https://openalex.org/A5078533870,Hamza Shams,0.45,low,local:0069d4442a028bed,Realizing surface amphiphobicity using 3D printing techniques: A critical move towards manufacturing low-cost reentrant geometries,2021.0,2021-01-01,Hamza Shams,,,low,0.48,Bundled staff-profile publication with weak or missing person/paper evidence.,,,,,,Journal article,0,,,,,https://www.ndph.ox.ac.uk/publications/1279284,,,ADDITIVE MANUFACTURING,Journal article,,,,,,,1,1,[],{},staff_recent_publications_json
459,Hamza Shams,A5078533870,https://openalex.org/A5078533870,Hamza Shams,0.45,low,local:8f7f418295e9faf1,Scalable wear resistant 3D printed slippery liquid infused porous surfaces (SLIPS),2021.0,2021-01-01,Hamza Shams,,,low,0.48,Bundled staff-profile publication with weak or missing person/paper evidence.,,,,,,Journal article,0,,,,,https://www.ndph.ox.ac.uk/publications/1315001,,,ADDITIVE MANUFACTURING,Journal article,,,,,,,1,1,[],{},staff_recent_publications_json
459,Hamza Shams,A5078533870,https://openalex.org/A5078533870,Hamza Shams,0.45,low,local:59e44aefc8a7412f,Empirical Modelling of Frictional Noise and Two-Point Contact Using Ball-On-Disc Tribometer,2020.0,2020-01-01,Hamza Shams,,,low,0.48,Bundled staff-profile publication with weak or missing person/paper evidence.,,,,,,Journal article,0,,,,,https://www.ndph.ox.ac.uk/publications/1315009,,,,Journal article,,,,,,,1,1,[],{},staff_recent_publications_json
459,Hamza Shams,A5078533870,https://openalex.org/A5078533870,Hamza Shams,0.45,low,local:f77b8f72e0032eeb,Wear behavior of 3D printed PLA surfaces for superhydrophobic interaction,2020.0,2020-01-01,Hamza Shams,,,low,0.48,Bundled staff-profile publication with weak or missing person/paper evidence.,,,,,,Journal article,0,,,,,https://www.ndph.ox.ac.uk/publications/1315008,,,,Journal article,,,,,,,1,1,[],{},staff_recent_publications_json
460,Mark Sheehan,A5058100112,https://openalex.org/A5058100112,Mark Sheehan,0.9,high,local:662731624e7b6f03,Protocol for an eDelphi study to identify consensus on policy metrics which should be included in future assessments of the England Rare Diseases Action Plans,2025.0,2025-01-01,Mark Sheehan,,,high,0.88,Bundled staff-profile publication; high person-level OpenAlex match; publication has DOI or year evidence.,,,,,,Preprint,0,,,,,https://www.ndph.ox.ac.uk/publications/2120586,,,,Preprint,,,,,,,1,1,[],{},staff_recent_publications_json
460,Mark Sheehan,A5058100112,https://openalex.org/A5058100112,Mark Sheehan,0.9,high,local:3d64256290808ace,The role of the enrolling clinician in emergency research conducted under an exception from informed consent.,2025.0,2025-01-01,Mark Sheehan,,,high,0.88,Bundled staff-profile publication; high person-level OpenAlex match; publication has DOI or year evidence.,,,,,,Journal article,0,,,,,https://www.ndph.ox.ac.uk/publications/2101863,,,Theor Med Bioeth,Journal article,,,,,,,1,1,[],{},staff_recent_publications_json
460,Mark Sheehan,A5058100112,https://openalex.org/A5058100112,Mark Sheehan,0.9,high,local:51d479ba838863c5,Environmental sustainability and the limits of healthcare resource allocation.,2025.0,2025-01-01,Mark Sheehan,,,high,0.88,Bundled staff-profile publication; high person-level OpenAlex match; publication has DOI or year evidence.,,,,,,Journal article,0,,,,,https://www.ndph.ox.ac.uk/publications/2080847,,,Bioethics,Journal article,,,,,,,1,1,[],{},staff_recent_publications_json
460,Mark Sheehan,A5058100112,https://openalex.org/A5058100112,Mark Sheehan,0.9,high,local:17c0e086b82072f2,Alterations in care for children with special healthcare needs during the early COVID-19 pandemic: ethical and policy considerations.,2024.0,2024-01-01,Mark Sheehan,,,high,0.88,Bundled staff-profile publication; high person-level OpenAlex match; publication has DOI or year evidence.,,,,,,Journal article,0,,,,,https://www.ndph.ox.ac.uk/publications/2072359,,,Monash Bioeth Rev,Journal article,,,,,,,1,1,[],{},staff_recent_publications_json
460,Mark Sheehan,A5058100112,https://openalex.org/A5058100112,Mark Sheehan,0.9,high,local:7b4f52a152991d63,Towards an understanding of the ethics of electronic consent in clinical trials.,2024.0,2024-01-01,Mark Sheehan,,,high,0.88,Bundled staff-profile publication; high person-level OpenAlex match; publication has DOI or year evidence.,,,,,,Journal article,0,,,,,https://www.ndph.ox.ac.uk/publications/2022188,,,Trials,Journal article,,,,,,,1,1,[],{},staff_recent_publications_json
462,Sasha Shepperd,A5057600712,https://openalex.org/A5057600712,Sasha Shepperd,0.9,high,local:329cc1cb1208c654,"Temporal trends in hospital-recorded pulmonary embolism in England before, during and after the COVID-19 pandemic (2008-2024): a population-based observational study.",2025.0,2025-01-01,Sasha Shepperd,,,high,0.88,Bundled staff-profile publication; high person-level OpenAlex match; publication has DOI or year evidence.,,,,,,Journal article,0,,,,,https://www.ndph.ox.ac.uk/publications/2277516,,,Lancet Reg Health Eur,Journal article,,,,,,,1,1,[],{},staff_recent_publications_json
462,Sasha Shepperd,A5057600712,https://openalex.org/A5057600712,Sasha Shepperd,0.9,high,local:20266895cc19291a,Social inequalities in the use of formal and informal home care in older women: evidence from a large UK cohort study.,2025.0,2025-01-01,Sasha Shepperd,,,high,0.88,Bundled staff-profile publication; high person-level OpenAlex match; publication has DOI or year evidence.,,,,,,Journal article,0,,,,,https://www.ndph.ox.ac.uk/publications/2298334,,,Age Ageing,Journal article,,,,,,,1,1,[],{},staff_recent_publications_json
462,Sasha Shepperd,A5057600712,https://openalex.org/A5057600712,Sasha Shepperd,0.9,high,local:a9b60037f1273f14,"Trends and variation in the incidence of hip fracture in England before, during, and after the COVID-19 pandemic (2014-2024): a population-based observational study.",2025.0,2025-01-01,Sasha Shepperd,,,high,0.88,Bundled staff-profile publication; high person-level OpenAlex match; publication has DOI or year evidence.,,,,,,Journal article,0,,,,,https://www.ndph.ox.ac.uk/publications/2280294,,,Lancet Reg Health Eur,Journal article,,,,,,,1,1,[],{},staff_recent_publications_json
462,Sasha Shepperd,A5057600712,https://openalex.org/A5057600712,Sasha Shepperd,0.9,high,local:b9de0515f386002b,"Delirium prevalence, diagnostic uncertainty and outcomes in ORCHARD-EPR: validation against prospective reference cohorts.",2025.0,2025-01-01,Sasha Shepperd,,,high,0.88,Bundled staff-profile publication; high person-level OpenAlex match; publication has DOI or year evidence.,,,,,,Journal article,0,,,,,https://www.ndph.ox.ac.uk/publications/2290429,,,Age Ageing,Journal article,,,,,,,1,1,[],{},staff_recent_publications_json
462,Sasha Shepperd,A5057600712,https://openalex.org/A5057600712,Sasha Shepperd,0.9,high,local:5bea6cbc820548e9,Implementation of Delirium Screening at Scale in Older Patients With Emergency Hospital Admission.,2025.0,2025-01-01,Sasha Shepperd,,,high,0.88,Bundled staff-profile publication; high person-level OpenAlex match; publication has DOI or year evidence.,,,,,,Journal article,0,,,,,https://www.ndph.ox.ac.uk/publications/2127347,,,JAMA Intern Med,Journal article,,,,,,,1,1,[],{},staff_recent_publications_json
462,Sasha Shepperd,A5057600712,https://openalex.org/A5057600712,Sasha Shepperd,0.9,high,local:0abdffb98dd155ac,Cancer inequalities in the United Kingdom and the data used to measure them: a scoping review.,2025.0,2025-01-01,Sasha Shepperd,,,high,0.88,Bundled staff-profile publication; high person-level OpenAlex match; publication has DOI or year evidence.,,,,,,Journal article,0,,,,,https://www.ndph.ox.ac.uk/publications/2093526,,,Lancet Reg Health Eur,Journal article,,,,,,,1,1,[],{},staff_recent_publications_json
462,Sasha Shepperd,A5057600712,https://openalex.org/A5057600712,Sasha Shepperd,0.9,high,local:c3ed12502f1d16d2,Factors that influence recruitment to COVID-19 vaccine trials: a qualitative evidence synthesis.,2024.0,2024-01-01,Sasha Shepperd,,,high,0.88,Bundled staff-profile publication; high person-level OpenAlex match; publication has DOI or year evidence.,,,,,,Journal article,0,,,,,https://www.ndph.ox.ac.uk/publications/2071621,,,Trials,Journal article,,,,,,,1,1,[],{},staff_recent_publications_json
462,Sasha Shepperd,A5057600712,https://openalex.org/A5057600712,Sasha Shepperd,0.9,high,local:70d4002050ec3342,Barriers to and enablers of the early diagnosis of breast cancer among women from ethnic minority backgrounds in the UK: protocol for a qualitative evidence synthesis.,2024.0,2024-01-01,Sasha Shepperd,,,high,0.88,Bundled staff-profile publication; high person-level OpenAlex match; publication has DOI or year evidence.,,,,,,Journal article,0,,,,,https://www.ndph.ox.ac.uk/publications/2039197,,,BMJ Open,Journal article,,,,,,,1,1,[],{},staff_recent_publications_json
462,Sasha Shepperd,A5057600712,https://openalex.org/A5057600712,Sasha Shepperd,0.9,high,local:cec8b595e2fa0e50,"Proactive integrated consultation-liaison psychiatry and time spent in hospital by older medical inpatients in England (The HOME Study): a multicentre, parallel-group, randomised controlled trial.",2024.0,2024-01-01,Sasha Shepperd,,,high,0.88,Bundled staff-profile publication; high person-level OpenAlex match; publication has DOI or year evidence.,,,,,,Journal article,0,,,,,https://www.ndph.ox.ac.uk/publications/2021317,,,Lancet Psychiatry,Journal article,,,,,,,1,1,[],{},staff_recent_publications_json
462,Sasha Shepperd,A5057600712,https://openalex.org/A5057600712,Sasha Shepperd,0.9,high,local:3a558a1673dbb70d,"Protocol for the Development and Analysis of the Oxford and Reading Cognitive Comorbidity, Frailty and Ageing Research Database-Electronic Patient Records (ORCHARD-EPR).",2024.0,2024-01-01,Sasha Shepperd,,,high,0.88,Bundled staff-profile publication; high person-level OpenAlex match; publication has DOI or year evidence.,,,,,,Journal article,0,,,,,https://www.ndph.ox.ac.uk/publications/1993809,,,BMJ Open,Journal article,,,,,,,1,1,[],{},staff_recent_publications_json
463,Paul Sherliker,A5007010631,https://openalex.org/A5007010631,Paul Sherliker,0.9,high,local:6374bb40bcf3afe0,Cohort Profile: Indian Study of Healthy Ageing (ISHA- Barshi),2024.0,2024-01-01,Paul Sherliker,,,high,0.88,Bundled staff-profile publication; high person-level OpenAlex match; publication has DOI or year evidence.,,,,,,Journal article,0,,,,,https://www.ndph.ox.ac.uk/publications/2004365,,,International Journal of Epidemiology,Journal article,,,,,,,1,1,[],{},staff_recent_publications_json
463,Paul Sherliker,A5007010631,https://openalex.org/A5007010631,Paul Sherliker,0.9,high,local:17b552dbd3302056,Detection of asymptomatic carotid stenosis in patients with lower-extremity arterial disease: development and external validations of a risk score.,2021.0,2021-01-01,Paul Sherliker,,,high,0.88,Bundled staff-profile publication; high person-level OpenAlex match; publication has DOI or year evidence.,,,,,,Journal article,0,,,,,https://www.ndph.ox.ac.uk/publications/1158783,,,Br J Surg,Journal article,,,,,,,1,1,[],{},staff_recent_publications_json
463,Paul Sherliker,A5007010631,https://openalex.org/A5007010631,Paul Sherliker,0.9,high,local:552bb8e03e0a93c8,"Body-mass index, blood pressure, diabetes and cardiovascular mortality in Cuba: prospective study of 146,556 participants.",2021.0,2021-01-01,Paul Sherliker,,,high,0.88,Bundled staff-profile publication; high person-level OpenAlex match; publication has DOI or year evidence.,,,,,,Journal article,0,,,,,https://www.ndph.ox.ac.uk/publications/1173974,,,BMC Public Health,Journal article,,,,,,,1,1,[],{},staff_recent_publications_json
463,Paul Sherliker,A5007010631,https://openalex.org/A5007010631,Paul Sherliker,0.9,high,local:56ef883f84e8f40f,Utility of risk prediction models to detect atrial fibrillation in screened participants.,2021.0,2021-01-01,Paul Sherliker,,,high,0.88,Bundled staff-profile publication; high person-level OpenAlex match; publication has DOI or year evidence.,,,,,,Journal article,0,,,,,https://www.ndph.ox.ac.uk/publications/1132162,,,Eur J Prev Cardiol,Journal article,,,,,,,1,1,[],{},staff_recent_publications_json
463,Paul Sherliker,A5007010631,https://openalex.org/A5007010631,Paul Sherliker,0.9,high,local:20bb088dd4f7260d,Alcohol consumption and cause-specific mortality in Cuba: prospective study of 120 623 adults.,2021.0,2021-01-01,Paul Sherliker,,,high,0.88,Bundled staff-profile publication; high person-level OpenAlex match; publication has DOI or year evidence.,,,,,,Journal article,0,,,,,https://www.ndph.ox.ac.uk/publications/1145966,,,EClinicalMedicine,Journal article,,,,,,,1,1,[],{},staff_recent_publications_json
466,Ayodipupo Sikiru Oguntade,A5021486976,https://openalex.org/A5021486976,Ayodipupo Sikiru Oguntade,0.9,high,local:36241f19d32ca988,Associations of general and central adiposity with hypertension and cardiovascular disease among South Asian populations: a systematic review and meta-analysis.,2023.0,2023-01-01,Ayodipupo Sikiru Oguntade,,,high,0.88,Bundled staff-profile publication; high person-level OpenAlex match; publication has DOI or year evidence.,,,,,,Journal article,0,,,,,https://www.ndph.ox.ac.uk/publications/1569962,,,BMJ Open,Journal article,,,,,,,1,1,[],{},staff_recent_publications_json
466,Ayodipupo Sikiru Oguntade,A5021486976,https://openalex.org/A5021486976,Ayodipupo Sikiru Oguntade,0.9,high,local:fcfe3c5025183192,"Body Fat Distribution, Fat-Free Mass
and Cardiovascular Function in the UK Biobank",,,Ayodipupo Sikiru Oguntade,,,medium,0.7,Bundled staff-profile publication; person-level match is credible but paper-level OpenAlex affiliation evidence is not available in the snapshot cache.,,,,,,"Body Fat Distribution, Fat-Free Mass",0,,,,,https://www.ndph.ox.ac.uk/publications/1568848,,,,"Body Fat Distribution, Fat-Free Mass",,,,,,,1,1,[],{},staff_recent_publications_json
466,Ayodipupo Sikiru Oguntade,A5021486976,https://openalex.org/A5021486976,Ayodipupo Sikiru Oguntade,0.9,high,local:8f8a6c152542f9ba,"Body fat distribution, fat-free mass and cardiovascular function in the UK Biobank",2023.0,2023-01-01,Ayodipupo Sikiru Oguntade,,,high,0.88,Bundled staff-profile publication; high person-level OpenAlex match; publication has DOI or year evidence.,,,,,,Journal article,0,,,,,https://www.ndph.ox.ac.uk/publications/1585789,,,European Heart Journal Supplements,Journal article,,,,,,,1,1,[],{},staff_recent_publications_json
466,Ayodipupo Sikiru Oguntade,A5021486976,https://openalex.org/A5021486976,Ayodipupo Sikiru Oguntade,0.9,high,local:86a9903c8652f0ff,Task sharing in the management of hypertension: highlights of the African hypertension school for nonphysicians health workers.,2023.0,2023-01-01,Ayodipupo Sikiru Oguntade,,,high,0.88,Bundled staff-profile publication; high person-level OpenAlex match; publication has DOI or year evidence.,,,,,,Journal article,0,,,,,https://www.ndph.ox.ac.uk/publications/1532734,,,J Hypertens,Journal article,,,,,,,1,1,[],{},staff_recent_publications_json
466,Ayodipupo Sikiru Oguntade,A5021486976,https://openalex.org/A5021486976,Ayodipupo Sikiru Oguntade,0.9,high,local:2d64a3a52b342c35,"The unfinished agenda of communicable diseases among children and adolescents before the COVID-19 pandemic, 1990-2019: a systematic analysis of the Global Burden of Disease Study 2019.",2023.0,2023-01-01,Ayodipupo Sikiru Oguntade,,,high,0.88,Bundled staff-profile publication; high person-level OpenAlex match; publication has DOI or year evidence.,,,,,,Journal article,0,,,,,https://www.ndph.ox.ac.uk/publications/1536884,,,Lancet,Journal article,,,,,,,1,1,[],{},staff_recent_publications_json
471,Adrian Smith,A5009944969,https://openalex.org/A5009944969,Adrian Smith,0.72,medium,local:1c71a6a4d6f4dc42,HIV testing and prevalence in fishing communities in rural Uganda: a cross-sectional study of 3197 individuals within SchistoTrack,2025.0,2025-01-01,Adrian Smith,,,medium,0.7,Bundled staff-profile publication; person-level match is credible but paper-level OpenAlex affiliation evidence is not available in the snapshot cache.,,,,,,Preprint,0,,,,,https://www.ndph.ox.ac.uk/publications/2265939,,,,Preprint,,,,,,,1,1,[],{},staff_recent_publications_json
471,Adrian Smith,A5009944969,https://openalex.org/A5009944969,Adrian Smith,0.72,medium,local:8dcb76dc8dc6d73f,"Correction: Diagnostic performance of two rapid tests for syphilis screening in people living with HIV in Cali, Colombia.",2025.0,2025-01-01,Adrian Smith,,,medium,0.7,Bundled staff-profile publication; person-level match is credible but paper-level OpenAlex affiliation evidence is not available in the snapshot cache.,,,,,,Journal article,0,,,,,https://www.ndph.ox.ac.uk/publications/2117913,,,PloS one,Journal article,,,,,,,1,1,[],{},staff_recent_publications_json
471,Adrian Smith,A5009944969,https://openalex.org/A5009944969,Adrian Smith,0.72,medium,local:5c3283758bdf3d4d,"Study on the concentration, distribution, and persistence of health spending for the contributory scheme in Colombia.",2024.0,2024-01-01,Adrian Smith,,,medium,0.7,Bundled staff-profile publication; person-level match is credible but paper-level OpenAlex affiliation evidence is not available in the snapshot cache.,,,,,,Journal article,0,,,,,https://www.ndph.ox.ac.uk/publications/2038302,,,BMC Health Serv Res,Journal article,,,,,,,1,1,[],{},staff_recent_publications_json
471,Adrian Smith,A5009944969,https://openalex.org/A5009944969,Adrian Smith,0.72,medium,local:9722e8aa11117845,Heterologous and BNT162b2 boosters are more effective than non-mRNA homologous boosters for Omicron.,2024.0,2024-01-01,Adrian Smith,,,medium,0.7,Bundled staff-profile publication; person-level match is credible but paper-level OpenAlex affiliation evidence is not available in the snapshot cache.,,,,,,Journal article,0,,,,,https://www.ndph.ox.ac.uk/publications/1993319,,,J Infect,Journal article,,,,,,,1,1,[],{},staff_recent_publications_json
471,Adrian Smith,A5009944969,https://openalex.org/A5009944969,Adrian Smith,0.72,medium,local:912985c40661be2e,"Temporal trends and transmission dynamics of pre-treatment HIV-1 drug resistance within and between risk groups in Kenya, 1986-2020.",2023.0,2023-01-01,Adrian Smith,,,medium,0.7,Bundled staff-profile publication; person-level match is credible but paper-level OpenAlex affiliation evidence is not available in the snapshot cache.,,,,,,Journal article,0,,,,,https://www.ndph.ox.ac.uk/publications/1582365,,,J Antimicrob Chemother,Journal article,,,,,,,1,1,[],{},staff_recent_publications_json
476,Karl Smith-Byrne,A5049246302,https://openalex.org/A5049246302,Karl Smith-Byrne,0.72,medium,local:d320f5a81201ba41,Perturbations in the blood metabolome up to a decade before prostate cancer diagnosis in 4387 matched case-control sets from the European Prospective Investigation into Cancer and Nutrition.,2025.0,2025-01-01,Karl Smith-Byrne,,,medium,0.7,Bundled staff-profile publication; person-level match is credible but paper-level OpenAlex affiliation evidence is not available in the snapshot cache.,,,,,,Journal article,0,,,,,https://www.ndph.ox.ac.uk/publications/2037471,,,Int J Cancer,Journal article,,,,,,,1,1,[],{},staff_recent_publications_json
476,Karl Smith-Byrne,A5049246302,https://openalex.org/A5049246302,Karl Smith-Byrne,0.72,medium,local:53fec53777f8fa20,Observational and genetic associations between cardiorespiratory fitness and cancer: a UK Biobank and international consortia study.,2024.0,2024-01-01,Karl Smith-Byrne,,,medium,0.7,Bundled staff-profile publication; person-level match is credible but paper-level OpenAlex affiliation evidence is not available in the snapshot cache.,,,,,,Journal article,0,,,,,https://www.ndph.ox.ac.uk/publications/1582215,,,Br J Cancer,Journal article,,,,,,,1,1,[],{},staff_recent_publications_json
477,Rajani Sohoni,A5040468995,https://openalex.org/A5040468995,Rajani Sohoni,0.9,high,local:e8c6f7ec35a265ba,Association between Fish Consumption and Risk of Chronic Obstructive Pulmonary Disease among Chinese Men and Women: an 11-Year Population-Based Cohort Study.,2023.0,2023-01-01,Rajani Sohoni,,,high,0.88,Bundled staff-profile publication; high person-level OpenAlex match; publication has DOI or year evidence.,,,,,,Journal article,0,,,,,https://www.ndph.ox.ac.uk/publications/1281926,,,J Nutr,Journal article,,,,,,,1,1,[],{},staff_recent_publications_json
480,Natalie Staplin,A5028314395,https://openalex.org/A5028314395,Natalie Staplin,0.9,high,local:534fbe870a1cf7ea,"Molnupiravir or nirmatrelvir-ritonavir plus usual care versus usual care alone in patients admitted to hospital with COVID-19 (RECOVERY): a randomised, controlled, open-label, platform trial.",2025.0,2025-01-01,Natalie Staplin,,,high,0.88,Bundled staff-profile publication; high person-level OpenAlex match; publication has DOI or year evidence.,,,,,,Journal article,0,,,,,https://www.ndph.ox.ac.uk/publications/2123601,,,Lancet Infect Dis,Journal article,,,,,,,1,1,[],{},staff_recent_publications_json
480,Natalie Staplin,A5028314395,https://openalex.org/A5028314395,Natalie Staplin,0.9,high,local:f082b8c931920dff,Chronic kidney disease and incident cancer risk: an individual participant data meta-analysis,2025.0,2025-01-01,Natalie Staplin,,,high,0.88,Bundled staff-profile publication; high person-level OpenAlex match; publication has DOI or year evidence.,,,,,,Journal article,0,,,,,https://www.ndph.ox.ac.uk/publications/2256598,,,British Journal of Cancer,Journal article,,,,,,,1,1,[],{},staff_recent_publications_json
480,Natalie Staplin,A5028314395,https://openalex.org/A5028314395,Natalie Staplin,0.9,high,local:2b6ad60e825d7eb4,Cost-effectiveness of fenofibrate versus standard care for reducing the progression of diabetic retinopathy: An economic evaluation based on data from the LENS trial.,2025.0,2025-01-01,Natalie Staplin,,,high,0.88,Bundled staff-profile publication; high person-level OpenAlex match; publication has DOI or year evidence.,,,,,,Journal article,0,,,,,https://www.ndph.ox.ac.uk/publications/2128101,,,Diabet Med,Journal article,,,,,,,1,1,[],{},staff_recent_publications_json
480,Natalie Staplin,A5028314395,https://openalex.org/A5028314395,Natalie Staplin,0.9,high,local:0a1e47cc4f53ad91,Effects of empagliflozin on quality of life and healthcare use and costs in chronic kidney disease: a health economic analysis of the EMPA-KIDNEY trial.,2025.0,2025-01-01,Natalie Staplin,,,high,0.88,Bundled staff-profile publication; high person-level OpenAlex match; publication has DOI or year evidence.,,,,,,Journal article,0,,,,,https://www.ndph.ox.ac.uk/publications/2130860,,,EClinicalMedicine,Journal article,,,,,,,1,1,[],{},staff_recent_publications_json
480,Natalie Staplin,A5028314395,https://openalex.org/A5028314395,Natalie Staplin,0.9,high,local:8e5ecaf3abbde096,A Mendelian randomization study of the effect of body mass index on 52 causes of death among 125 000 Mexican adults with admixed ancestry.,2025.0,2025-01-01,Natalie Staplin,,,high,0.88,Bundled staff-profile publication; high person-level OpenAlex match; publication has DOI or year evidence.,,,,,,Journal article,0,,,,,https://www.ndph.ox.ac.uk/publications/2127954,,,Int J Epidemiol,Journal article,,,,,,,1,1,[],{},staff_recent_publications_json
481,Rebecca Stevens,A5021606008,https://openalex.org/A5021606008,Rebecca Stevens,0.9,high,local:a51bed48445e6fb4,"Associations Between Snoring, Body Mass Index and Coronary Artery Diseases: Observational and Mendelian Randomization Study in Asia.",2025.0,2025-01-01,Rebecca Stevens,,,high,0.88,Bundled staff-profile publication; high person-level OpenAlex match; publication has DOI or year evidence.,,,,,,Journal article,0,,,,,https://www.ndph.ox.ac.uk/publications/2084218,,,Respirology,Journal article,,,,,,,1,1,[],{},staff_recent_publications_json
481,Rebecca Stevens,A5021606008,https://openalex.org/A5021606008,Rebecca Stevens,0.9,high,local:9ead69063c37b917,Patterns and Correlates of Bone Mineral Density Parameters Measured Using Calcaneus Quantitative Ultrasound in  Chinese Adults,2025.0,2025-01-01,Rebecca Stevens,,,high,0.88,Bundled staff-profile publication; high person-level OpenAlex match; publication has DOI or year evidence.,,,,,,Journal article,0,,,,,https://www.ndph.ox.ac.uk/publications/2092830,,,Nutrients,Journal article,,,,,,,1,1,[],{},staff_recent_publications_json
481,Rebecca Stevens,A5021606008,https://openalex.org/A5021606008,Rebecca Stevens,0.9,high,local:7fa9bd16497e5873,A genome-wide association study based on the China Kadoorie Biobank identifies genetic associations between snoring and cardiometabolic traits.,2024.0,2024-01-01,Rebecca Stevens,,,high,0.88,Bundled staff-profile publication; high person-level OpenAlex match; publication has DOI or year evidence.,,,,,,Journal article,0,,,,,https://www.ndph.ox.ac.uk/publications/1725629,,,Commun Biol,Journal article,,,,,,,1,1,[],{},staff_recent_publications_json
481,Rebecca Stevens,A5021606008,https://openalex.org/A5021606008,Rebecca Stevens,0.9,high,local:cc935af6fc80e959,Minimal improvement in coronary artery disease risk prediction in Chinese population using polygenic risk scores: evidence from the China Kadoorie Biobank.,2023.0,2023-01-01,Rebecca Stevens,,,high,0.88,Bundled staff-profile publication; high person-level OpenAlex match; publication has DOI or year evidence.,,,,,,Journal article,0,,,,,https://www.ndph.ox.ac.uk/publications/1341638,,,Chin Med J (Engl),Journal article,,,,,,,1,1,[],{},staff_recent_publications_json
482,Will Stevens,A5104333236,https://openalex.org/A5104333236,Will Stevens,0.9,high,local:2b6ad60e825d7eb4,Cost-effectiveness of fenofibrate versus standard care for reducing the progression of diabetic retinopathy: An economic evaluation based on data from the LENS trial.,2025.0,2025-01-01,Will Stevens,,,high,0.88,Bundled staff-profile publication; high person-level OpenAlex match; publication has DOI or year evidence.,,,,,,Journal article,0,,,,,https://www.ndph.ox.ac.uk/publications/2128101,,,Diabet Med,Journal article,,,,,,,1,1,[],{},staff_recent_publications_json
482,Will Stevens,A5104333236,https://openalex.org/A5104333236,Will Stevens,0.9,high,local:aedf160537bfa066,Long-Term Effects of Empagliflozin in Patients with Chronic Kidney Disease.,2025.0,2025-01-01,Will Stevens,,,high,0.88,Bundled staff-profile publication; high person-level OpenAlex match; publication has DOI or year evidence.,,,,,,Journal article,0,,,,,https://www.ndph.ox.ac.uk/publications/2042748,,,N Engl J Med,Journal article,,,,,,,1,1,[],{},staff_recent_publications_json
482,Will Stevens,A5104333236,https://openalex.org/A5104333236,Will Stevens,0.9,high,local:f13b307ce0a9b08f,ASCEND-Eye: Effects of Aspirin on Diabetic Retinopathy.,2024.0,2024-01-01,Will Stevens,,,high,0.88,Bundled staff-profile publication; high person-level OpenAlex match; publication has DOI or year evidence.,,,,,,Journal article,0,,,,,https://www.ndph.ox.ac.uk/publications/1598356,,,Ophthalmology,Journal article,,,,,,,1,1,[],{},staff_recent_publications_json
482,Will Stevens,A5104333236,https://openalex.org/A5104333236,Will Stevens,0.9,high,local:caf519acbc3b4d11,"Clinical trial results in context: comparison of baseline characteristics and outcomes of 38,510 RECOVERY trial participants versus a reference population of 346,271 people hospitalised with COVID-19 in England.",2024.0,2024-01-01,Will Stevens,,,high,0.88,Bundled staff-profile publication; high person-level OpenAlex match; publication has DOI or year evidence.,,,,,,Journal article,0,,,,,https://www.ndph.ox.ac.uk/publications/2010200,,,Trials,Journal article,,,,,,,1,1,[],{},staff_recent_publications_json
482,Will Stevens,A5104333236,https://openalex.org/A5104333236,Will Stevens,0.9,high,local:5a1f1e81e20bc193,Impact of primary kidney disease on the effects of empagliflozin in patients with chronic kidney disease: secondary analyses of the EMPA-KIDNEY trial.,2024.0,2024-01-01,Will Stevens,,,high,0.88,Bundled staff-profile publication; high person-level OpenAlex match; publication has DOI or year evidence.,,,,,,Journal article,0,,,,,https://www.ndph.ox.ac.uk/publications/1552616,,,Lancet Diabetes Endocrinol,Journal article,,,,,,,1,1,[],{},staff_recent_publications_json
484,Liz Stokes,A5068090587,https://openalex.org/A5068090587,Liz Stokes,0.45,low,local:c25675f6145705b6,"Gabapentin for pain management following major surgery: a placebo controlled, double blind, randomized clinical trial (The GAP Study).",2025.0,2025-01-01,Liz Stokes,,,low,0.48,Bundled staff-profile publication with weak or missing person/paper evidence.,,,,,,Journal article,0,,,,,https://www.ndph.ox.ac.uk/publications/2252878,,,Anesthesiology,Journal article,,,,,,,1,1,[],{},staff_recent_publications_json
484,Liz Stokes,A5068090587,https://openalex.org/A5068090587,Liz Stokes,0.45,low,local:a6b88b210110d8d2,Optimum diagnostic pathway and pathologic confirmation rate of early stage lung cancer: Results from the VIOLET randomised controlled trial.,2024.0,2024-01-01,Liz Stokes,,,low,0.48,Bundled staff-profile publication with weak or missing person/paper evidence.,,,,,,Journal article,0,,,,,https://www.ndph.ox.ac.uk/publications/2078405,,,Lung Cancer,Journal article,,,,,,,1,1,[],{},staff_recent_publications_json
484,Liz Stokes,A5068090587,https://openalex.org/A5068090587,Liz Stokes,0.45,low,local:b8405a52e1f76498,Extended pleurectomy decortication and chemotherapy versus chemotherapy alone for pleural mesothelioma (MARS 2): a phase 3 randomised controlled trial.,2024.0,2024-01-01,Liz Stokes,,,low,0.48,Bundled staff-profile publication with weak or missing person/paper evidence.,,,,,,Journal article,0,,,,,https://www.ndph.ox.ac.uk/publications/1996543,,,Lancet Respir Med,Journal article,,,,,,,1,1,[],{},staff_recent_publications_json
484,Liz Stokes,A5068090587,https://openalex.org/A5068090587,Liz Stokes,0.45,low,local:5cf1d00c51750c5e,Multimodality local consolidative treatment versus conventional care of advanced lung cancer after first-line systemic anti-cancer treatment: study protocol for the RAMON multicentre randomised controlled trial with an internal pilot.,2023.0,2023-01-01,Liz Stokes,,,low,0.48,Bundled staff-profile publication with weak or missing person/paper evidence.,,,,,,Journal article,0,,,,,https://www.ndph.ox.ac.uk/publications/1586178,,,BMJ Open,Journal article,,,,,,,1,1,[],{},staff_recent_publications_json
484,Liz Stokes,A5068090587,https://openalex.org/A5068090587,Liz Stokes,0.45,low,local:e4337c55d487d1be,"Predicting the future risk of lung cancer: development, and internal and external validation of the CanPredict (lung) model in 19·67 million people and evaluation of model performance against seven other risk prediction models.",2023.0,2023-01-01,Liz Stokes,,,low,0.48,Bundled staff-profile publication with weak or missing person/paper evidence.,,,,,,Journal article,0,,,,,https://www.ndph.ox.ac.uk/publications/1337469,,,Lancet Respir Med,Journal article,,,,,,,1,1,[],{},staff_recent_publications_json
485,Vincent Straub,A5061755963,https://openalex.org/A5061755963,Vincent Straub,0.9,high,local:085cbbf1999f1112,Participatory approaches should be used to address the ethics of social media experiments.,2025.0,2025-01-01,Vincent Straub,,,high,0.88,Bundled staff-profile publication; high person-level OpenAlex match; publication has DOI or year evidence.,,,,,,Journal article,0,,,,,https://www.ndph.ox.ac.uk/publications/2090988,,,Commun Psychol,Journal article,,,,,,,1,1,[],{},staff_recent_publications_json
485,Vincent Straub,A5061755963,https://openalex.org/A5061755963,Vincent Straub,0.9,high,local:706fac6d39e11c67,Key challenges for the participatory governance of AI in public administration,2025.0,2025-01-01,Vincent Straub,,,high,0.88,Bundled staff-profile publication; high person-level OpenAlex match; publication has DOI or year evidence.,,,,,,Chapter,0,,,,,https://www.ndph.ox.ac.uk/publications/1611082,,,Handbook on Governance and Data Science,Chapter,,,,,,,1,1,[],{},staff_recent_publications_json
485,Vincent Straub,A5061755963,https://openalex.org/A5061755963,Vincent Straub,0.9,high,local:2e2adf18d4cd20e3,"Author Correction: Genetics of female and male reproductive traits and their relationship with health, longevity and consequences for offspring.",2025.0,2025-01-01,Vincent Straub,,,high,0.88,Bundled staff-profile publication; high person-level OpenAlex match; publication has DOI or year evidence.,,,,,,Journal article,0,,,,,https://www.ndph.ox.ac.uk/publications/2074925,,,Nat Aging,Journal article,,,,,,,1,1,[],{},staff_recent_publications_json
485,Vincent Straub,A5061755963,https://openalex.org/A5061755963,Vincent Straub,0.9,high,local:b069968e4c7cdbb8,"Genetics of female and male reproductive traits and their relationship with health, longevity and consequences for offspring",2024.0,2024-01-01,Vincent Straub,,,high,0.88,Bundled staff-profile publication; high person-level OpenAlex match; publication has DOI or year evidence.,,,,,,Journal article,0,,,,,https://www.ndph.ox.ac.uk/publications/2070772,,,Nature Aging,Journal article,,,,,,,1,1,[],{},staff_recent_publications_json
485,Vincent Straub,A5061755963,https://openalex.org/A5061755963,Vincent Straub,0.9,high,local:609bf7450cb10420,Stop digital platforms treating people as lab rats,2024.0,2024-01-01,Vincent Straub,,,high,0.88,Bundled staff-profile publication; high person-level OpenAlex match; publication has DOI or year evidence.,,,,,,Journal article,0,,,,,https://www.ndph.ox.ac.uk/publications/2070488,,,Nature,Journal article,,,,,,,1,1,[],{},staff_recent_publications_json
487,Wen Su,A5101696087,https://openalex.org/A5101696087,Wen Su,0.9,high,local:a45c4b9c6f12e0e3,Changes in numerators and denominators of death rates and their contributions to changes in life expectancy.,2025.0,2025-01-01,Wen Su,,,high,0.88,Bundled staff-profile publication; high person-level OpenAlex match; publication has DOI or year evidence.,,,,,,Journal article,0,,,,,https://www.ndph.ox.ac.uk/publications/2260685,,,Popul Stud (Camb),Journal article,,,,,,,1,1,[],{},staff_recent_publications_json
487,Wen Su,A5101696087,https://openalex.org/A5101696087,Wen Su,0.9,high,local:f53704e5732a4e81,Correction: Cross-sectional Average Length of Life Entropy ( H CAL )  : International Comparisons and Decompositions.,2024.0,2024-01-01,Wen Su,,,high,0.88,Bundled staff-profile publication; high person-level OpenAlex match; publication has DOI or year evidence.,,,,,,Journal article,0,,,,,https://www.ndph.ox.ac.uk/publications/2089684,,,Eur J Popul,Journal article,,,,,,,1,1,[],{},staff_recent_publications_json
487,Wen Su,A5101696087,https://openalex.org/A5101696087,Wen Su,0.9,high,local:44b4675076ee68a2,Cross-sectional Average Length of Life Entropy ( H CAL  ): International Comparisons and Decompositions.,2024.0,2024-01-01,Wen Su,,,high,0.88,Bundled staff-profile publication; high person-level OpenAlex match; publication has DOI or year evidence.,,,,,,Journal article,0,,,,,https://www.ndph.ox.ac.uk/publications/2089679,,,Eur J Popul,Journal article,,,,,,,1,1,[],{},staff_recent_publications_json
487,Wen Su,A5101696087,https://openalex.org/A5101696087,Wen Su,0.9,high,local:e5839bb8b66f4ce2,Educational composition effect on the sex gap in life expectancy: A research note based on evidence from Australia.,2024.0,2024-01-01,Wen Su,,,high,0.88,Bundled staff-profile publication; high person-level OpenAlex match; publication has DOI or year evidence.,,,,,,Journal article,0,,,,,https://www.ndph.ox.ac.uk/publications/2089681,,,Popul Stud (Camb),Journal article,,,,,,,1,1,[],{},staff_recent_publications_json
487,Wen Su,A5101696087,https://openalex.org/A5101696087,Wen Su,0.9,high,local:5a1e327c393ff4fd,Situation Analysis of Suicide and Self-Harm in the WHO Eastern Mediterranean Region.,2024.0,2024-01-01,Wen Su,,,high,0.88,Bundled staff-profile publication; high person-level OpenAlex match; publication has DOI or year evidence.,,,,,,Journal article,0,,,,,https://www.ndph.ox.ac.uk/publications/2089680,,,Arch Suicide Res,Journal article,,,,,,,1,1,[],{},staff_recent_publications_json
488,Priya Sugavanam,A5035411027,https://openalex.org/A5035411027,Priya Sugavanam,0.9,high,local:56c46a93ada4e787,New Ways of Working to Manage and Improve Quality in Integrated Care Systems in England,2025.0,2025-01-01,Priya Sugavanam,,,high,0.88,Bundled staff-profile publication; high person-level OpenAlex match; publication has DOI or year evidence.,,,,,,Journal article,0,,,,,https://www.ndph.ox.ac.uk/publications/2081187,,,International Journal of Health Policy and Management,Journal article,,,,,,,1,1,[],{},staff_recent_publications_json
488,Priya Sugavanam,A5035411027,https://openalex.org/A5035411027,Priya Sugavanam,0.9,high,local:838a15a27da44037,Postural asymmetry in low back pain - a systematic review and meta-analysis of observational studies.,2024.0,2024-01-01,Priya Sugavanam,,,high,0.88,Bundled staff-profile publication; high person-level OpenAlex match; publication has DOI or year evidence.,,,,,,Journal article,0,,,,,https://www.ndph.ox.ac.uk/publications/2023687,,,Disabil Rehabil,Journal article,,,,,,,1,1,[],{},staff_recent_publications_json
488,Priya Sugavanam,A5035411027,https://openalex.org/A5035411027,Priya Sugavanam,0.9,high,local:f12418d368e1fa9a,The financial impact on people with coeliac disease of withdrawing gluten-free food from prescriptions in England: findings from a cross-sectional survey.,2024.0,2024-01-01,Priya Sugavanam,,,high,0.88,Bundled staff-profile publication; high person-level OpenAlex match; publication has DOI or year evidence.,,,,,,Journal article,0,,,,,https://www.ndph.ox.ac.uk/publications/1608297,,,BMC Health Serv Res,Journal article,,,,,,,1,1,[],{},staff_recent_publications_json
488,Priya Sugavanam,A5035411027,https://openalex.org/A5035411027,Priya Sugavanam,0.9,high,local:d918c259c735720f,Floundering or Flourishing? Early Insights from the Inception of Integrated Care Systems in England.,2024.0,2024-01-01,Priya Sugavanam,,,high,0.88,Bundled staff-profile publication; high person-level OpenAlex match; publication has DOI or year evidence.,,,,,,Journal article,0,,,,,https://www.ndph.ox.ac.uk/publications/2013225,,,Int J Integr Care,Journal article,,,,,,,1,1,[],{},staff_recent_publications_json
488,Priya Sugavanam,A5035411027,https://openalex.org/A5035411027,Priya Sugavanam,0.9,high,local:e6a6e6bd250728c2,Diaphragm and core stabilization exercises in low back pain: A narrative review,2023.0,2023-01-01,Priya Sugavanam,,,high,0.88,Bundled staff-profile publication; high person-level OpenAlex match; publication has DOI or year evidence.,,,,,,Journal article,0,,,,,https://www.ndph.ox.ac.uk/publications/1500930,,,Journal of Bodywork and Movement Therapies,Journal article,,,,,,,1,1,[],{},staff_recent_publications_json
490,Halina Suwalowska,A5007696760,https://openalex.org/A5007696760,Halina Suwalowska,0.9,high,local:427c3f8fe25eb99b,Life from death: ethical implications of uterus transplantation from deceased donors in global health.,2025.0,2025-01-01,Halina Suwalowska,,,high,0.88,Bundled staff-profile publication; high person-level OpenAlex match; publication has DOI or year evidence.,,,,,,Journal article,0,,,,,https://www.ndph.ox.ac.uk/publications/2131426,,,BMJ Glob Health,Journal article,,,,,,,1,1,[],{},staff_recent_publications_json
490,Halina Suwalowska,A5007696760,https://openalex.org/A5007696760,Halina Suwalowska,0.9,high,local:6a02657139db601e,Ethical considerations in the routine identification of human remains in forensic mortuaries,2025.0,2025-01-01,Halina Suwalowska,,,high,0.88,Bundled staff-profile publication; high person-level OpenAlex match; publication has DOI or year evidence.,,,,,,Journal article,0,,,,,https://www.ndph.ox.ac.uk/publications/2107317,,,Wellcome Open Research,Journal article,,,,,,,1,1,[],{},staff_recent_publications_json
490,Halina Suwalowska,A5007696760,https://openalex.org/A5007696760,Halina Suwalowska,0.9,high,local:f66635df199a8e18,Assembling a global health image: Ethical and pragmatic tensions through the lenses of photographers.,2024.0,2024-01-01,Halina Suwalowska,,,high,0.88,Bundled staff-profile publication; high person-level OpenAlex match; publication has DOI or year evidence.,,,,,,Journal article,0,,,,,https://www.ndph.ox.ac.uk/publications/1617750,,,PLOS Glob Public Health,Journal article,,,,,,,1,1,[],{},staff_recent_publications_json
490,Halina Suwalowska,A5007696760,https://openalex.org/A5007696760,Halina Suwalowska,0.9,high,local:bcbcb088f61d0372,Global health photography behind the façade of empowerment and decolonisation.,2024.0,2024-01-01,Halina Suwalowska,,,high,0.88,Bundled staff-profile publication; high person-level OpenAlex match; publication has DOI or year evidence.,,,,,,Journal article,0,,,,,https://www.ndph.ox.ac.uk/publications/2023183,,,Glob Public Health,Journal article,,,,,,,1,1,[],{},staff_recent_publications_json
490,Halina Suwalowska,A5007696760,https://openalex.org/A5007696760,Halina Suwalowska,0.9,high,local:636560845130af46,Hypothetical acceptability of minimally invasive tissue sampling and considerations for practice: A qualitative study in Vietnam.,2024.0,2024-01-01,Halina Suwalowska,,,high,0.88,Bundled staff-profile publication; high person-level OpenAlex match; publication has DOI or year evidence.,,,,,,Journal article,0,,,,,https://www.ndph.ox.ac.uk/publications/2030972,,,Glob Public Health,Journal article,,,,,,,1,1,[],{},staff_recent_publications_json
491,Siân Sweetland,A5075665094,https://openalex.org/A5075665094,Siân Sweetland,0.9,high,local:bb766cda0f50686c,"Oral contraceptive use and risk of liver cancer: a population-based study, systematic review, and meta-analysis.",2025.0,2025-01-01,Siân Sweetland,,,high,0.88,Bundled staff-profile publication; high person-level OpenAlex match; publication has DOI or year evidence.,,,,,,Journal article,0,,,,,https://www.ndph.ox.ac.uk/publications/2134428,,,Lancet Oncol,Journal article,,,,,,,1,1,[],{},staff_recent_publications_json
491,Siân Sweetland,A5075665094,https://openalex.org/A5075665094,Siân Sweetland,0.9,high,local:cb2267975361c977,"Ethnicity and breast cancer incidence in over 329,500 women in England in 2011-2019.",2025.0,2025-01-01,Siân Sweetland,,,high,0.88,Bundled staff-profile publication; high person-level OpenAlex match; publication has DOI or year evidence.,,,,,,Journal article,0,,,,,https://www.ndph.ox.ac.uk/publications/2074893,,,Eur J Surg Oncol,Journal article,,,,,,,1,1,[],{},staff_recent_publications_json
491,Siân Sweetland,A5075665094,https://openalex.org/A5075665094,Siân Sweetland,0.9,high,local:6f7de5cce0419bdb,Ethnicity and breast cancer incidence in over 329 500 women in England in 2011-2019.,2025.0,2025-01-01,Siân Sweetland,,,high,0.88,Bundled staff-profile publication; high person-level OpenAlex match; publication has DOI or year evidence.,,,,,,Journal article,0,,,,,https://www.ndph.ox.ac.uk/publications/2084443,,,Eur J Surg Oncol,Journal article,,,,,,,1,1,[],{},staff_recent_publications_json
491,Siân Sweetland,A5075665094,https://openalex.org/A5075665094,Siân Sweetland,0.9,high,local:b624122b176f4f21,A comparative analysis of risk factor associations with interval and screen-detected breast cancers: A large UK prospective study.,2024.0,2024-01-01,Siân Sweetland,,,high,0.88,Bundled staff-profile publication; high person-level OpenAlex match; publication has DOI or year evidence.,,,,,,Journal article,0,,,,,https://www.ndph.ox.ac.uk/publications/1991742,,,Int J Cancer,Journal article,,,,,,,1,1,[],{},staff_recent_publications_json
491,Siân Sweetland,A5075665094,https://openalex.org/A5075665094,Siân Sweetland,0.9,high,local:ad31b6c92495c268,OP102 Depression and anxiety and the long-term risk of dementia in the prospective UK million women study,2024.0,2024-01-01,Siân Sweetland,,,high,0.88,Bundled staff-profile publication; high person-level OpenAlex match; publication has DOI or year evidence.,,,,,,Other,0,,,,,https://www.ndph.ox.ac.uk/publications/2027029,,,SSM Annual Scientific Meeting,Other,,,,,,,1,1,[],{},staff_recent_publications_json
495,Carolyn Taylor,A5101801129,https://openalex.org/A5101801129,Carolyn Taylor,0.72,medium,local:936458468427fdf6,Second cancers in 475 000 women with early invasive breast cancer diagnosed in England during 1993-2016: population based observational cohort study.,2025.0,2025-01-01,Carolyn Taylor,,,medium,0.7,Bundled staff-profile publication; person-level match is credible but paper-level OpenAlex affiliation evidence is not available in the snapshot cache.,,,,,,Journal article,0,,,,,https://www.ndph.ox.ac.uk/publications/2284667,,,BMJ,Journal article,,,,,,,1,1,[],{},staff_recent_publications_json
495,Carolyn Taylor,A5101801129,https://openalex.org/A5101801129,Carolyn Taylor,0.72,medium,local:fd09d094a7efa726,"Estimated Doses to the Heart, Lungs and Oesophagus and Risks From Typical UK Radiotherapy for Early Breast Cancer During 2015-2023.",2024.0,2024-01-01,Carolyn Taylor,,,medium,0.7,Bundled staff-profile publication; person-level match is credible but paper-level OpenAlex affiliation evidence is not available in the snapshot cache.,,,,,,Journal article,0,,,,,https://www.ndph.ox.ac.uk/publications/1995633,,,Clin Oncol (R Coll Radiol),Journal article,,,,,,,1,1,[],{},staff_recent_publications_json
495,Carolyn Taylor,A5101801129,https://openalex.org/A5101801129,Carolyn Taylor,0.72,medium,local:3e9f39a8d9309d9c,Radiotherapy to regional nodes in early breast cancer: an individual patient data meta-analysis of 14 324 women in 16 trials.,2023.0,2023-01-01,Carolyn Taylor,,,medium,0.7,Bundled staff-profile publication; person-level match is credible but paper-level OpenAlex affiliation evidence is not available in the snapshot cache.,,,,,,Journal article,0,,,,,https://www.ndph.ox.ac.uk/publications/1339482,,,Lancet,Journal article,,,,,,,1,1,[],{},staff_recent_publications_json
495,Carolyn Taylor,A5101801129,https://openalex.org/A5101801129,Carolyn Taylor,0.72,medium,local:f30a84e86e6390de,Authors' reply to Oke and Welch.,2023.0,2023-01-01,Carolyn Taylor,,,medium,0.7,Bundled staff-profile publication; person-level match is credible but paper-level OpenAlex affiliation evidence is not available in the snapshot cache.,,,,,,Journal article,0,,,,,https://www.ndph.ox.ac.uk/publications/1529230,,,BMJ,Journal article,,,,,,,1,1,[],{},staff_recent_publications_json
495,Carolyn Taylor,A5101801129,https://openalex.org/A5101801129,Carolyn Taylor,0.72,medium,local:6287ac3354c21037,Ki67 and breast cancer mortality in women with invasive breast cancer.,2023.0,2023-01-01,Carolyn Taylor,,,medium,0.7,Bundled staff-profile publication; person-level match is credible but paper-level OpenAlex affiliation evidence is not available in the snapshot cache.,,,,,,Journal article,0,,,,,https://www.ndph.ox.ac.uk/publications/1510271,,,JNCI Cancer Spectr,Journal article,,,,,,,1,1,[],{},staff_recent_publications_json
496,Hannah Taylor,A5041021016,https://openalex.org/A5041021016,Hannah Taylor,0.9,high,local:bf2bbb5021b9a021,UK Biobank-A Unique Resource for Discovery and Translation Research on Genetics and Neurologic Disease.,2025.0,2025-01-01,Hannah Taylor,,,high,0.88,Bundled staff-profile publication; high person-level OpenAlex match; publication has DOI or year evidence.,,,,,,Journal article,0,,,,,https://www.ndph.ox.ac.uk/publications/2079210,,,Neurol Genet,Journal article,,,,,,,1,1,[],{},staff_recent_publications_json
496,Hannah Taylor,A5041021016,https://openalex.org/A5041021016,Hannah Taylor,0.9,high,local:0baa88e4837d4efd,"Adiposity, fat-free mass and incident heart failure in 500 000 individuals.",2024.0,2024-01-01,Hannah Taylor,,,high,0.88,Bundled staff-profile publication; high person-level OpenAlex match; publication has DOI or year evidence.,,,,,,Journal article,0,,,,,https://www.ndph.ox.ac.uk/publications/2011344,,,Open Heart,Journal article,,,,,,,1,1,[],{},staff_recent_publications_json
496,Hannah Taylor,A5041021016,https://openalex.org/A5041021016,Hannah Taylor,0.9,high,local:94774dec19fa2be4,Independent relevance of adiposity measures to coronary heart disease risk among 0.5 million adults in UK Biobank.,2023.0,2023-01-01,Hannah Taylor,,,high,0.88,Bundled staff-profile publication; high person-level OpenAlex match; publication has DOI or year evidence.,,,,,,Journal article,0,,,,,https://www.ndph.ox.ac.uk/publications/1560605,,,Int J Epidemiol,Journal article,,,,,,,1,1,[],{},staff_recent_publications_json
496,Hannah Taylor,A5041021016,https://openalex.org/A5041021016,Hannah Taylor,0.9,high,local:636679c9e2114d77,Body composition and risk factors for cardiovascular disease in global multi-ethnic populations.,2023.0,2023-01-01,Hannah Taylor,,,high,0.88,Bundled staff-profile publication; high person-level OpenAlex match; publication has DOI or year evidence.,,,,,,Journal article,0,,,,,https://www.ndph.ox.ac.uk/publications/1493150,,,Int J Obes (Lond),Journal article,,,,,,,1,1,[],{},staff_recent_publications_json
496,Hannah Taylor,A5041021016,https://openalex.org/A5041021016,Hannah Taylor,0.9,high,local:5db1e493489ff7f9,Is Height2.7 Appropriate for Indexation of Left Ventricular Mass in Healthy Adolescents? The Importance of Sex Differences.,2023.0,2023-01-01,Hannah Taylor,,,high,0.88,Bundled staff-profile publication; high person-level OpenAlex match; publication has DOI or year evidence.,,,,,,Journal article,0,,,,,https://www.ndph.ox.ac.uk/publications/1506059,,,Hypertension,Journal article,,,,,,,1,1,[],{},staff_recent_publications_json
497,Jonathan (Jono) Taylor,,,Jonathan (Jono) Taylor,0.45,low,local:af9596922808b9f3,Investigating Person‐Centred Care Planning in Care Homes Across England: An Exploratory Study of Practices and Contextual Factors,2025.0,2025-01-01,Jonathan (Jono) Taylor,,,low,0.48,Bundled staff-profile publication with weak or missing person/paper evidence.,,,,,,Journal article,0,,,,,https://www.ndph.ox.ac.uk/publications/2109910,,,Journal of Advanced Nursing,Journal article,,,,,,,1,1,[],{},staff_recent_publications_json
497,Jonathan (Jono) Taylor,,,Jonathan (Jono) Taylor,0.45,low,local:1e1ab6fd6a8c3180,Developing a set of key principles for care planning within older adult care homes: study protocol for a modified Delphi survey.,2025.0,2025-01-01,Jonathan (Jono) Taylor,,,low,0.48,Bundled staff-profile publication with weak or missing person/paper evidence.,,,,,,Journal article,0,,,,,https://www.ndph.ox.ac.uk/publications/2081827,,,BMJ Open,Journal article,,,,,,,1,1,[],{},staff_recent_publications_json
497,Jonathan (Jono) Taylor,,,Jonathan (Jono) Taylor,0.45,low,local:5ca42cecf7f8461f,"Care in the Time of COVID, 2020",2024.0,2024-01-01,Jonathan (Jono) Taylor,,,low,0.48,Bundled staff-profile publication with weak or missing person/paper evidence.,,,,,,Dataset,0,,,,,https://www.ndph.ox.ac.uk/publications/2058155,,,,Dataset,,,,,,,1,1,[],{},staff_recent_publications_json
497,Jonathan (Jono) Taylor,,,Jonathan (Jono) Taylor,0.45,low,local:b4789f65ffe9b194,Implementation of RESTORE2 in Care Homes in England: A Mixed Methods Evaluation,2024.0,2024-01-01,Jonathan (Jono) Taylor,,,low,0.48,Bundled staff-profile publication with weak or missing person/paper evidence.,,,,,,Journal article,0,,,,,https://www.ndph.ox.ac.uk/publications/2008251,,,Journal of Long-Term Care,Journal article,,,,,,,1,1,[],{},staff_recent_publications_json
497,Jonathan (Jono) Taylor,,,Jonathan (Jono) Taylor,0.45,low,local:db4cb5a0aebb8c50,Implementation of RESTORE2 in Care Homes in England: A Mixed Methods Evaluation,2024.0,2024-01-01,Jonathan (Jono) Taylor,,,low,0.48,Bundled staff-profile publication with weak or missing person/paper evidence.,,,,,,Journal article,0,,,,,https://www.ndph.ox.ac.uk/publications/2008252,,,Journal of Long-Term Care,Journal article,,,,,,,1,1,[],{},staff_recent_publications_json
498,Karen Taylor,A5077035638,https://openalex.org/A5077035638,Karen Taylor,0.9,high,local:5f937382f430a3f4,"Active Monitoring for AtriaL FIbrillation (AMALFI): rationale, protocol, and pilot for a pragmatic, randomized, controlled trial of remote screening for asymptomatic atrial fibrillation.",2025.0,2025-01-01,Karen Taylor,,,high,0.88,Bundled staff-profile publication; high person-level OpenAlex match; publication has DOI or year evidence.,,,,,,Journal article,0,,,,,https://www.ndph.ox.ac.uk/publications/2244377,,,Am Heart J,Journal article,,,,,,,1,1,[],{},staff_recent_publications_json
501,Rhys Thomas,A5101669305,https://openalex.org/A5101669305,Rhys Thomas,0.9,high,local:0a3c7544cad3d7fe,Lottery or Triage? Multi-country survey-based experiment evidence from the COVID-19 pandemic on public preferences for allocation of scarce medical resources,2025.0,2025-01-01,Rhys Thomas,,,high,0.88,Bundled staff-profile publication; high person-level OpenAlex match; publication has DOI or year evidence.,,,,,,Journal article,0,,,,,https://www.ndph.ox.ac.uk/publications/2263114,,,Medical decision making,Journal article,,,,,,,1,1,[],{},staff_recent_publications_json
501,Rhys Thomas,A5101669305,https://openalex.org/A5101669305,Rhys Thomas,0.9,high,local:14e7c4591e1598ac,"More Doctors, better health? A generalised synthetic control approach to estimating impacts of increasing doctors under Brazil’s Mais Medicos Programme",2024.0,2024-01-01,Rhys Thomas,,,high,0.88,Bundled staff-profile publication; high person-level OpenAlex match; publication has DOI or year evidence.,,,,,,Journal article,0,,,,,https://www.ndph.ox.ac.uk/publications/2022443,,,Social Science &amp; Medicine,Journal article,,,,,,,1,1,[],{},staff_recent_publications_json
501,Rhys Thomas,A5101669305,https://openalex.org/A5101669305,Rhys Thomas,0.9,high,local:e87a8f5cbcf690ff,The direct and spillover effects of diabetes diagnosis on lifestyle behaviours,2024.0,2024-01-01,Rhys Thomas,,,high,0.88,Bundled staff-profile publication; high person-level OpenAlex match; publication has DOI or year evidence.,,,,,,Journal article,0,,,,,https://www.ndph.ox.ac.uk/publications/1606772,,,Health Economics,Journal article,,,,,,,1,1,[],{},staff_recent_publications_json
503,Andrea Tilstra,A5037746846,https://openalex.org/A5037746846,Andrea Tilstra,0.9,high,local:7625092be6e95187,"Marital Separation, BMI Decline, and the Myth of the Revenge Body",2025.0,2025-01-01,Andrea Tilstra,,,high,0.88,Bundled staff-profile publication; high person-level OpenAlex match; publication has DOI or year evidence.,,,,,,Preprint,0,,,,,https://www.ndph.ox.ac.uk/publications/2129901,,,,Preprint,,,,,,,1,1,[],{},staff_recent_publications_json
503,Andrea Tilstra,A5037746846,https://openalex.org/A5037746846,Andrea Tilstra,0.9,high,local:dc4f85e9abc15217,"Breaking Bonds, Changing Habits: Understanding Health Behaviors during and after Marital Dissolution",2025.0,2025-01-01,Andrea Tilstra,,,high,0.88,Bundled staff-profile publication; high person-level OpenAlex match; publication has DOI or year evidence.,,,,,,Journal article,0,,,,,https://www.ndph.ox.ac.uk/publications/2095567,,,Journal of Health and Social Behavior,Journal article,,,,,,,1,1,[],{},staff_recent_publications_json
503,Andrea Tilstra,A5037746846,https://openalex.org/A5037746846,Andrea Tilstra,0.9,high,local:2ee8708609dbb77c,Midlife health in Britain and the United States: a comparison of two nationally representative cohorts.,2024.0,2024-01-01,Andrea Tilstra,,,high,0.88,Bundled staff-profile publication; high person-level OpenAlex match; publication has DOI or year evidence.,,,,,,Journal article,0,,,,,https://www.ndph.ox.ac.uk/publications/2036059,,,Int J Epidemiol,Journal article,,,,,,,1,1,[],{},staff_recent_publications_json
503,Andrea Tilstra,A5037746846,https://openalex.org/A5037746846,Andrea Tilstra,0.9,high,local:cacd2461c604482e,Why is life expectancy in England and Wales falling behind? A cause-of-death decomposition approach.,2024.0,2024-01-01,Andrea Tilstra,,,high,0.88,Bundled staff-profile publication; high person-level OpenAlex match; publication has DOI or year evidence.,,,,,,Preprint,0,,,,,https://www.ndph.ox.ac.uk/publications/2007911,,,,Preprint,,,,,,,1,1,[],{},staff_recent_publications_json
503,Andrea Tilstra,A5037746846,https://openalex.org/A5037746846,Andrea Tilstra,0.9,high,local:4787ac154f6131f3,"Breaking Bonds, Changing Habits: Understanding Health Behaviors during and after Marital Dissolution",2024.0,2024-01-01,Andrea Tilstra,,,high,0.88,Bundled staff-profile publication; high person-level OpenAlex match; publication has DOI or year evidence.,,,,,,Preprint,0,,,,,https://www.ndph.ox.ac.uk/publications/1987723,,,,Preprint,,,,,,,1,1,[],{},staff_recent_publications_json
504,Sandar Tin Tin,A5054857682,https://openalex.org/A5054857682,Sandar Tin Tin,0.9,high,local:e1f0b004cf82d31f,Disparities in time to breast cancer surgery in New Zealand by level of neighbourhood deprivation: a population-based study.,2025.0,2025-01-01,Sandar Tin Tin,,,high,0.88,Bundled staff-profile publication; high person-level OpenAlex match; publication has DOI or year evidence.,,,,,,Journal article,0,,,,,https://www.ndph.ox.ac.uk/publications/2277814,,,Cancer causes & control : CCC,Journal article,,,,,,,1,1,[],{},staff_recent_publications_json
504,Sandar Tin Tin,A5054857682,https://openalex.org/A5054857682,Sandar Tin Tin,0.9,high,local:2e09089b998210bb,The effects of adjuvant endocrine therapy on long-term outcomes from ductal carcinoma in situ: a systematic review and meta-analysis.,2025.0,2025-01-01,Sandar Tin Tin,,,high,0.88,Bundled staff-profile publication; high person-level OpenAlex match; publication has DOI or year evidence.,,,,,,Journal article,0,,,,,https://www.ndph.ox.ac.uk/publications/2131306,,,Breast,Journal article,,,,,,,1,1,[],{},staff_recent_publications_json
504,Sandar Tin Tin,A5054857682,https://openalex.org/A5054857682,Sandar Tin Tin,0.9,high,local:5f183ed405df3427,Statin use and breast cancer-specific mortality and recurrence: a systematic review and meta-analysis including the role of immortal time bias and tumour characteristics.,2025.0,2025-01-01,Sandar Tin Tin,,,high,0.88,Bundled staff-profile publication; high person-level OpenAlex match; publication has DOI or year evidence.,,,,,,Journal article,0,,,,,https://www.ndph.ox.ac.uk/publications/2131307,,,Br J Cancer,Journal article,,,,,,,1,1,[],{},staff_recent_publications_json
504,Sandar Tin Tin,A5054857682,https://openalex.org/A5054857682,Sandar Tin Tin,0.9,high,local:8eb686661601d2be,Associations between commuting modes and risk of 16 site-specific cancers in the UK Biobank.,2025.0,2025-01-01,Sandar Tin Tin,,,high,0.88,Bundled staff-profile publication; high person-level OpenAlex match; publication has DOI or year evidence.,,,,,,Journal article,0,,,,,https://www.ndph.ox.ac.uk/publications/2246718,,,Int J Epidemiol,Journal article,,,,,,,1,1,[],{},staff_recent_publications_json
504,Sandar Tin Tin,A5054857682,https://openalex.org/A5054857682,Sandar Tin Tin,0.9,high,local:7bcd7b076ecc92d5,Development and validation of a risk prediction model for premenopausal breast cancer in 19 cohorts.,2025.0,2025-01-01,Sandar Tin Tin,,,high,0.88,Bundled staff-profile publication; high person-level OpenAlex match; publication has DOI or year evidence.,,,,,,Journal article,0,,,,,https://www.ndph.ox.ac.uk/publications/2121900,,,Breast Cancer Res,Journal article,,,,,,,1,1,[],{},staff_recent_publications_json
509,Tammy Tong,A5101928235,https://openalex.org/A5101928235,Tammy Tong,0.9,high,local:4f185e05ecedb9f3,"Fruits, vegetables, legumes and potatoes and risk of Crohn's disease and ulcerative colitis.",2025.0,2025-01-01,Tammy Tong,,,high,0.88,Bundled staff-profile publication; high person-level OpenAlex match; publication has DOI or year evidence.,,,,,,Journal article,0,,,,,https://www.ndph.ox.ac.uk/publications/2240824,,,Am J Gastroenterol,Journal article,,,,,,,1,1,[],{},staff_recent_publications_json
509,Tammy Tong,A5101928235,https://openalex.org/A5101928235,Tammy Tong,0.9,high,local:68c4dc37dc1518b0,Association Between Dietary Intake and Blood Concentrations of One-Carbon-Metabolism-Related Nutrients in European Prospective Investigation into Cancer and Nutrition,2025.0,2025-01-01,Tammy Tong,,,high,0.88,Bundled staff-profile publication; high person-level OpenAlex match; publication has DOI or year evidence.,,,,,,Journal article,0,,,,,https://www.ndph.ox.ac.uk/publications/2132433,,,Nutrients,Journal article,,,,,,,1,1,[],{},staff_recent_publications_json
509,Tammy Tong,A5101928235,https://openalex.org/A5101928235,Tammy Tong,0.9,high,local:92930b706c5684f8,Dietary Amino Acids and Risk of Stroke Subtypes: Results from 3 Large Prospective Cohort Studies.,2025.0,2025-01-01,Tammy Tong,,,high,0.88,Bundled staff-profile publication; high person-level OpenAlex match; publication has DOI or year evidence.,,,,,,Journal article,0,,,,,https://www.ndph.ox.ac.uk/publications/2096534,,,J Nutr,Journal article,,,,,,,1,1,[],{},staff_recent_publications_json
509,Tammy Tong,A5101928235,https://openalex.org/A5101928235,Tammy Tong,0.9,high,local:8cb9a9d1c1f36b91,Identifying proteomic risk factors for cancer using prospective and exome analyses of 1463 circulating proteins and risk of 19 cancers in the UK Biobank.,2024.0,2024-01-01,Tammy Tong,,,high,0.88,Bundled staff-profile publication; high person-level OpenAlex match; publication has DOI or year evidence.,,,,,,Journal article,0,,,,,https://www.ndph.ox.ac.uk/publications/1996630,,,Nat Commun,Journal article,,,,,,,1,1,[],{},staff_recent_publications_json
509,Tammy Tong,A5101928235,https://openalex.org/A5101928235,Tammy Tong,0.9,high,local:c1018c3b249c449e,Methods and participant characteristics in the Cancer Risk in Vegetarians Consortium: A cross-sectional analysis across 11 prospective studies,2024.0,2024-01-01,Tammy Tong,,,high,0.88,Bundled staff-profile publication; high person-level OpenAlex match; publication has DOI or year evidence.,,,,,,Journal article,0,,,,,https://www.ndph.ox.ac.uk/publications/1604079,,,,Journal article,,,,,,,1,1,[],{},staff_recent_publications_json
510,Anya Topiwala,A5057176947,https://openalex.org/A5057176947,Anya Topiwala,0.9,high,local:89ccc159ea98cc09,"Alcohol Use and Risk of Dementia in Diverse Populations: Evidence from Cohort, Case-control and Mendelian randomization Approaches",2025.0,2025-01-01,Anya Topiwala,,,high,0.88,Bundled staff-profile publication; high person-level OpenAlex match; publication has DOI or year evidence.,,,,,,Journal article,0,,,,,https://www.ndph.ox.ac.uk/publications/2267310,,,BMJ Evidence-Based Medicine,Journal article,,,,,,,1,1,[],{},staff_recent_publications_json
510,Anya Topiwala,A5057176947,https://openalex.org/A5057176947,Anya Topiwala,0.9,high,local:881b85acb3a3781a,Association between cannabis use and brain structure and function: an observational and Mendelian randomisation study.,2024.0,2024-01-01,Anya Topiwala,,,high,0.88,Bundled staff-profile publication; high person-level OpenAlex match; publication has DOI or year evidence.,,,,,,Journal article,0,,,,,https://www.ndph.ox.ac.uk/publications/2024948,,,BMJ Ment Health,Journal article,,,,,,,1,1,[],{},staff_recent_publications_json
510,Anya Topiwala,A5057176947,https://openalex.org/A5057176947,Anya Topiwala,0.9,high,local:f04e6069441d8e4e,Association of Metabolic Syndrome With Neuroimaging and Cognitive Outcomes in the UK Biobank.,2024.0,2024-01-01,Anya Topiwala,,,high,0.88,Bundled staff-profile publication; high person-level OpenAlex match; publication has DOI or year evidence.,,,,,,Journal article,0,,,,,https://www.ndph.ox.ac.uk/publications/1997554,,,Diabetes Care,Journal article,,,,,,,1,1,[],{},staff_recent_publications_json
511,Jason Torres,A5034088172,https://openalex.org/A5034088172,Jason Torres,0.9,high,local:8e5ecaf3abbde096,A Mendelian randomization study of the effect of body mass index on 52 causes of death among 125 000 Mexican adults with admixed ancestry.,2025.0,2025-01-01,Jason Torres,,,high,0.88,Bundled staff-profile publication; high person-level OpenAlex match; publication has DOI or year evidence.,,,,,,Journal article,0,,,,,https://www.ndph.ox.ac.uk/publications/2127954,,,Int J Epidemiol,Journal article,,,,,,,1,1,[],{},staff_recent_publications_json
511,Jason Torres,A5034088172,https://openalex.org/A5034088172,Jason Torres,0.9,high,local:e546bc834fa52a35,Alcohol and mortality in Mexico: prospective study of 150 000 adults.,2024.0,2024-01-01,Jason Torres,,,high,0.88,Bundled staff-profile publication; high person-level OpenAlex match; publication has DOI or year evidence.,,,,,,Journal article,0,,,,,https://www.ndph.ox.ac.uk/publications/2054759,,,Lancet Public Health,Journal article,,,,,,,1,1,[],{},staff_recent_publications_json
511,Jason Torres,A5034088172,https://openalex.org/A5034088172,Jason Torres,0.9,high,local:0215c228c413fc8c,"Blood Pressure, eGFR, and Kidney Mortality in Mexico: A Prospective Study of 150,000 Adults",2024.0,2024-01-01,Jason Torres,,,high,0.88,Bundled staff-profile publication; high person-level OpenAlex match; publication has DOI or year evidence.,,,,,,Conference paper,0,,,,,https://www.ndph.ox.ac.uk/publications/2078927,,,,Conference paper,,,,,,,1,1,[],{},staff_recent_publications_json
511,Jason Torres,A5034088172,https://openalex.org/A5034088172,Jason Torres,0.9,high,local:a7391a9410ed92dd,"Protein-truncating variants in BSN are associated with severe adult-onset  2 obesity, type 2 diabetes and fatty liver disease",2024.0,2024-01-01,Jason Torres,,,high,0.88,Bundled staff-profile publication; high person-level OpenAlex match; publication has DOI or year evidence.,,,,,,Journal article,0,,,,,https://www.ndph.ox.ac.uk/publications/1913863,,,Nature Genetics,Journal article,,,,,,,1,1,[],{},staff_recent_publications_json
511,Jason Torres,A5034088172,https://openalex.org/A5034088172,Jason Torres,0.9,high,local:11508748305dd1cb,"Author Correction: Genotyping, sequencing and analysis of 140,000 adults from Mexico City.",2024.0,2024-01-01,Jason Torres,,,high,0.88,Bundled staff-profile publication; high person-level OpenAlex match; publication has DOI or year evidence.,,,,,,Journal article,0,,,,,https://www.ndph.ox.ac.uk/publications/1618833,,,Nature,Journal article,,,,,,,1,1,[],{},staff_recent_publications_json
512,Ruth Travis,A5031594786,https://openalex.org/A5031594786,Ruth Travis,0.72,medium,local:47a8fcd0d39ac449,Sex differences in cancer incidence: prospective analyses in the UK Biobank.,2025.0,2025-01-01,Ruth Travis,,,medium,0.7,Bundled staff-profile publication; person-level match is credible but paper-level OpenAlex affiliation evidence is not available in the snapshot cache.,,,,,,Journal article,0,,,,,https://www.ndph.ox.ac.uk/publications/2123279,,,Br J Cancer,Journal article,,,,,,,1,1,[],{},staff_recent_publications_json
512,Ruth Travis,A5031594786,https://openalex.org/A5031594786,Ruth Travis,0.72,medium,local:614ed622dba9828e,"Amount and intensity of daily total physical activity, step count and risk of incident cancer in the UK Biobank.",2025.0,2025-01-01,Ruth Travis,,,medium,0.7,Bundled staff-profile publication; person-level match is credible but paper-level OpenAlex affiliation evidence is not available in the snapshot cache.,,,,,,Journal article,0,,,,,https://www.ndph.ox.ac.uk/publications/2101867,,,Br J Sports Med,Journal article,,,,,,,1,1,[],{},staff_recent_publications_json
512,Ruth Travis,A5031594786,https://openalex.org/A5031594786,Ruth Travis,0.72,medium,local:d320f5a81201ba41,Perturbations in the blood metabolome up to a decade before prostate cancer diagnosis in 4387 matched case-control sets from the European Prospective Investigation into Cancer and Nutrition.,2025.0,2025-01-01,Ruth Travis,,,medium,0.7,Bundled staff-profile publication; person-level match is credible but paper-level OpenAlex affiliation evidence is not available in the snapshot cache.,,,,,,Journal article,0,,,,,https://www.ndph.ox.ac.uk/publications/2037471,,,Int J Cancer,Journal article,,,,,,,1,1,[],{},staff_recent_publications_json
512,Ruth Travis,A5031594786,https://openalex.org/A5031594786,Ruth Travis,0.72,medium,local:28a2e843975de309,Prediagnostic Plasma Nutrimetabolomics and Prostate Cancer Risk: A Nested Case-Control Analysis Within the EPIC Study.,2024.0,2024-01-01,Ruth Travis,,,medium,0.7,Bundled staff-profile publication; person-level match is credible but paper-level OpenAlex affiliation evidence is not available in the snapshot cache.,,,,,,Journal article,0,,,,,https://www.ndph.ox.ac.uk/publications/2072426,,,Cancers (Basel),Journal article,,,,,,,1,1,[],{},staff_recent_publications_json
512,Ruth Travis,A5031594786,https://openalex.org/A5031594786,Ruth Travis,0.72,medium,local:41c8112e90d1db31,Circulating inflammatory and immune response proteins and endometrial cancer risk: a nested case-control study and Mendelian randomization analyses.,2024.0,2024-01-01,Ruth Travis,,,medium,0.7,Bundled staff-profile publication; person-level match is credible but paper-level OpenAlex affiliation evidence is not available in the snapshot cache.,,,,,,Journal article,0,,,,,https://www.ndph.ox.ac.uk/publications/2031708,,,EBioMedicine,Journal article,,,,,,,1,1,[],{},staff_recent_publications_json
513,Eirini Trichia,A5085493343,https://openalex.org/A5085493343,Eirini Trichia,0.9,high,local:8e5ecaf3abbde096,A Mendelian randomization study of the effect of body mass index on 52 causes of death among 125 000 Mexican adults with admixed ancestry.,2025.0,2025-01-01,Eirini Trichia,,,high,0.88,Bundled staff-profile publication; high person-level OpenAlex match; publication has DOI or year evidence.,,,,,,Journal article,0,,,,,https://www.ndph.ox.ac.uk/publications/2127954,,,Int J Epidemiol,Journal article,,,,,,,1,1,[],{},staff_recent_publications_json
513,Eirini Trichia,A5085493343,https://openalex.org/A5085493343,Eirini Trichia,0.9,high,local:4a94cef26762b4b9,Type 2 diabetes and cause-specific mortality in Mexico City: a Mendelian randomisation analysis.,2025.0,2025-01-01,Eirini Trichia,,,high,0.88,Bundled staff-profile publication; high person-level OpenAlex match; publication has DOI or year evidence.,,,,,,Journal article,0,,,,,https://www.ndph.ox.ac.uk/publications/2095268,,,Lancet Reg Health Am,Journal article,,,,,,,1,1,[],{},staff_recent_publications_json
513,Eirini Trichia,A5085493343,https://openalex.org/A5085493343,Eirini Trichia,0.9,high,local:919acd6244e09c63,"Whole diets, whole health.",2025.0,2025-01-01,Eirini Trichia,,,high,0.88,Bundled staff-profile publication; high person-level OpenAlex match; publication has DOI or year evidence.,,,,,,Journal article,0,,,,,https://www.ndph.ox.ac.uk/publications/2117637,,,Nat Med,Journal article,,,,,,,1,1,[],{},staff_recent_publications_json
513,Eirini Trichia,A5085493343,https://openalex.org/A5085493343,Eirini Trichia,0.9,high,local:e546bc834fa52a35,Alcohol and mortality in Mexico: prospective study of 150 000 adults.,2024.0,2024-01-01,Eirini Trichia,,,high,0.88,Bundled staff-profile publication; high person-level OpenAlex match; publication has DOI or year evidence.,,,,,,Journal article,0,,,,,https://www.ndph.ox.ac.uk/publications/2054759,,,Lancet Public Health,Journal article,,,,,,,1,1,[],{},staff_recent_publications_json
513,Eirini Trichia,A5085493343,https://openalex.org/A5085493343,Eirini Trichia,0.9,high,local:0215c228c413fc8c,"Blood Pressure, eGFR, and Kidney Mortality in Mexico: A Prospective Study of 150,000 Adults",2024.0,2024-01-01,Eirini Trichia,,,high,0.88,Bundled staff-profile publication; high person-level OpenAlex match; publication has DOI or year evidence.,,,,,,Conference paper,0,,,,,https://www.ndph.ox.ac.uk/publications/2078927,,,,Conference paper,,,,,,,1,1,[],{},staff_recent_publications_json
517,Iain Turnbull,A5000342345,https://openalex.org/A5000342345,Iain Turnbull,0.9,high,local:609d60b2fc44fb02,PCSK9 genetic variants and risk of vascular and non-vascular diseases in Chinese and UK populations.,2024.0,2024-01-01,Iain Turnbull,,,high,0.88,Bundled staff-profile publication; high person-level OpenAlex match; publication has DOI or year evidence.,,,,,,Journal article,0,,,,,https://www.ndph.ox.ac.uk/publications/1595061,,,Eur J Prev Cardiol,Journal article,,,,,,,1,1,[],{},staff_recent_publications_json
517,Iain Turnbull,A5000342345,https://openalex.org/A5000342345,Iain Turnbull,0.9,high,local:822c7c17cc868301,MTHFR and risk of stroke and heart disease in a low-folate population: a prospective study of 156 000 Chinese adults.,2023.0,2023-01-01,Iain Turnbull,,,high,0.88,Bundled staff-profile publication; high person-level OpenAlex match; publication has DOI or year evidence.,,,,,,Journal article,0,,,,,https://www.ndph.ox.ac.uk/publications/1554603,,,Int J Epidemiol,Journal article,,,,,,,1,1,[],{},staff_recent_publications_json
517,Iain Turnbull,A5000342345,https://openalex.org/A5000342345,Iain Turnbull,0.9,high,local:05a54c0680956563,"Chronic hepatitis B virus infection and risk of stroke types: a prospective cohort study of 500,000 Chinese adults",2023.0,2023-01-01,Iain Turnbull,,,high,0.88,Bundled staff-profile publication; high person-level OpenAlex match; publication has DOI or year evidence.,,,,,,Journal article,0,,,,,https://www.ndph.ox.ac.uk/publications/1547100,,,Stroke,Journal article,,,,,,,1,1,[],{},staff_recent_publications_json
517,Iain Turnbull,A5000342345,https://openalex.org/A5000342345,Iain Turnbull,0.9,high,local:b24ac17820e69809,Associations of toothbrushing behaviour with risks of vascular and nonvascular diseases in Chinese adults.,2021.0,2021-01-01,Iain Turnbull,,,high,0.88,Bundled staff-profile publication; high person-level OpenAlex match; publication has DOI or year evidence.,,,,,,Journal article,0,,,,,https://www.ndph.ox.ac.uk/publications/1182674,,,Eur J Clin Invest,Journal article,,,,,,,1,1,[],{},staff_recent_publications_json
517,Iain Turnbull,A5000342345,https://openalex.org/A5000342345,Iain Turnbull,0.9,high,local:63c32127e363b71c,Hospital management of major stroke types in Chinese adults: a population-based study of 20 000 hospitalised stroke cases.,2021.0,2021-01-01,Iain Turnbull,,,high,0.88,Bundled staff-profile publication; high person-level OpenAlex match; publication has DOI or year evidence.,,,,,,Journal article,0,,,,,https://www.ndph.ox.ac.uk/publications/1205969,,,BMJ Open,Journal article,,,,,,,1,1,[],{},staff_recent_publications_json
518,Michael Turner,A5062579404,https://openalex.org/A5062579404,Michael Turner,0.9,high,local:7a2a8f311160c57a,88: Renal tubular disorders,2025.0,2025-01-01,Michael Turner,,,high,0.88,Bundled staff-profile publication; high person-level OpenAlex match; publication has DOI or year evidence.,,,,,,Chapter,0,,,,,https://www.ndph.ox.ac.uk/publications/2295743,,,Acute Medicine A Practical Guide to the Management of Medical Emergencies,Chapter,,,,,,,1,1,[],{},staff_recent_publications_json
518,Michael Turner,A5062579404,https://openalex.org/A5062579404,Michael Turner,0.9,high,local:b0036f735061af71,Blood Pressure and Mortality in Mexico City: A Mendelian Randomization Study.,2025.0,2025-01-01,Michael Turner,,,high,0.88,Bundled staff-profile publication; high person-level OpenAlex match; publication has DOI or year evidence.,,,,,,Journal article,0,,,,,https://www.ndph.ox.ac.uk/publications/2288810,,,Hypertension,Journal article,,,,,,,1,1,[],{},staff_recent_publications_json
518,Michael Turner,A5062579404,https://openalex.org/A5062579404,Michael Turner,0.9,high,local:0215c228c413fc8c,"Blood Pressure, eGFR, and Kidney Mortality in Mexico: A Prospective Study of 150,000 Adults",2024.0,2024-01-01,Michael Turner,,,high,0.88,Bundled staff-profile publication; high person-level OpenAlex match; publication has DOI or year evidence.,,,,,,Conference paper,0,,,,,https://www.ndph.ox.ac.uk/publications/2078927,,,,Conference paper,,,,,,,1,1,[],{},staff_recent_publications_json
518,Michael Turner,A5062579404,https://openalex.org/A5062579404,Michael Turner,0.9,high,local:11508748305dd1cb,"Author Correction: Genotyping, sequencing and analysis of 140,000 adults from Mexico City.",2024.0,2024-01-01,Michael Turner,,,high,0.88,Bundled staff-profile publication; high person-level OpenAlex match; publication has DOI or year evidence.,,,,,,Journal article,0,,,,,https://www.ndph.ox.ac.uk/publications/1618833,,,Nature,Journal article,,,,,,,1,1,[],{},staff_recent_publications_json
518,Michael Turner,A5062579404,https://openalex.org/A5062579404,Michael Turner,0.9,high,local:b1da19e4d6947455,"Blood Pressure, eGFR, and Kidney Mortality in Mexico: A Prospective Study of 150,000 Adults",2024.0,2024-01-01,Michael Turner,,,high,0.88,Bundled staff-profile publication; high person-level OpenAlex match; publication has DOI or year evidence.,,,,,,Journal article,0,,,,,https://www.ndph.ox.ac.uk/publications/2054302,,,JOURNAL OF THE AMERICAN SOCIETY OF NEPHROLOGY,Journal article,,,,,,,1,1,[],{},staff_recent_publications_json
523,Cornelia van Duijn,A5017009749,https://openalex.org/A5017009749,Cornelia van Duijn,0.9,high,local:4346229d8b742bfc,Detection of cognitive deficits years prior to clinical diagnosis across neurological conditions,2025.0,2025-01-01,Cornelia van Duijn,,,high,0.88,Bundled staff-profile publication; high person-level OpenAlex match; publication has DOI or year evidence.,,,,,,Journal article,0,,,,,https://www.ndph.ox.ac.uk/publications/2283684,,,Brain Communications,Journal article,,,,,,,1,1,[],{},staff_recent_publications_json
523,Cornelia van Duijn,A5017009749,https://openalex.org/A5017009749,Cornelia van Duijn,0.9,high,local:b17dce478f4b106b,Machine learning in Alzheimer's disease genetics.,2025.0,2025-01-01,Cornelia van Duijn,,,high,0.88,Bundled staff-profile publication; high person-level OpenAlex match; publication has DOI or year evidence.,,,,,,Journal article,0,,,,,https://www.ndph.ox.ac.uk/publications/2247449,,,Nat Commun,Journal article,,,,,,,1,1,[],{},staff_recent_publications_json
523,Cornelia van Duijn,A5017009749,https://openalex.org/A5017009749,Cornelia van Duijn,0.9,high,local:19a1fe067006727c,Multi-ancestry genome-wide association analyses incorporating SNP-by-psychosocial interactions identify novel loci for serum lipids.,2025.0,2025-01-01,Cornelia van Duijn,,,high,0.88,Bundled staff-profile publication; high person-level OpenAlex match; publication has DOI or year evidence.,,,,,,Journal article,0,,,,,https://www.ndph.ox.ac.uk/publications/2131779,,,Transl Psychiatry,Journal article,,,,,,,1,1,[],{},staff_recent_publications_json
523,Cornelia van Duijn,A5017009749,https://openalex.org/A5017009749,Cornelia van Duijn,0.9,high,local:c422ecb4e79b573a,"Neuroticism, omega-3 fatty acids, and risk of incident dementia.",2025.0,2025-01-01,Cornelia van Duijn,,,high,0.88,Bundled staff-profile publication; high person-level OpenAlex match; publication has DOI or year evidence.,,,,,,Journal article,0,,,,,https://www.ndph.ox.ac.uk/publications/2131604,,,J Affect Disord,Journal article,,,,,,,1,1,[],{},staff_recent_publications_json
523,Cornelia van Duijn,A5017009749,https://openalex.org/A5017009749,Cornelia van Duijn,0.9,high,local:239427e889cd28b5,Transferability of European-derived Alzheimer's disease polygenic risk scores across multiancestry populations.,2025.0,2025-01-01,Cornelia van Duijn,,,high,0.88,Bundled staff-profile publication; high person-level OpenAlex match; publication has DOI or year evidence.,,,,,,Journal article,0,,,,,https://www.ndph.ox.ac.uk/publications/2131464,,,Nat Genet,Journal article,,,,,,,1,1,[],{},staff_recent_publications_json
524,Stefan van Duijvenboden,A5075009500,https://openalex.org/A5075009500,Stefan van Duijvenboden,0.9,high,local:e7396e6ab0464699,Heart Rate Profiles During Exercise and Incident Parkinson's Disease.,2025.0,2025-01-01,Stefan van Duijvenboden,,,high,0.88,Bundled staff-profile publication; high person-level OpenAlex match; publication has DOI or year evidence.,,,,,,Journal article,0,,,,,https://www.ndph.ox.ac.uk/publications/2279579,,,Ann Neurol,Journal article,,,,,,,1,1,[],{},staff_recent_publications_json
524,Stefan van Duijvenboden,A5075009500,https://openalex.org/A5075009500,Stefan van Duijvenboden,0.9,high,local:001b4c3e15b71c35,Leucocyte telomere length and conduction system ageing.,2024.0,2024-01-01,Stefan van Duijvenboden,,,high,0.88,Bundled staff-profile publication; high person-level OpenAlex match; publication has DOI or year evidence.,,,,,,Journal article,0,,,,,https://www.ndph.ox.ac.uk/publications/2071740,,,Heart,Journal article,,,,,,,1,1,[],{},staff_recent_publications_json
524,Stefan van Duijvenboden,A5075009500,https://openalex.org/A5075009500,Stefan van Duijvenboden,0.9,high,local:4684b5ac5a3d847a,Fine mapping of candidate effector genes for heart rate.,2024.0,2024-01-01,Stefan van Duijvenboden,,,high,0.88,Bundled staff-profile publication; high person-level OpenAlex match; publication has DOI or year evidence.,,,,,,Journal article,0,,,,,https://www.ndph.ox.ac.uk/publications/2014347,,,Hum Genet,Journal article,,,,,,,1,1,[],{},staff_recent_publications_json
524,Stefan van Duijvenboden,A5075009500,https://openalex.org/A5075009500,Stefan van Duijvenboden,0.9,high,local:449d27905ce60c03,"Daily steps are a predictor of, but perhaps not a modifiable risk factor for Parkinson’s Disease: findings from the UK Biobank",2024.0,2024-01-01,Stefan van Duijvenboden,,,high,0.88,Bundled staff-profile publication; high person-level OpenAlex match; publication has DOI or year evidence.,,,,,,Preprint,0,,,,,https://www.ndph.ox.ac.uk/publications/2023576,,,,Preprint,,,,,,,1,1,[],{},staff_recent_publications_json
524,Stefan van Duijvenboden,A5075009500,https://openalex.org/A5075009500,Stefan van Duijvenboden,0.9,high,local:c7eb59f1c8f49db8,Prognostic Significance of Different Ventricular Ectopic Burdens During Submaximal Exercise in Asymptomatic UK Biobank Subjects.,2023.0,2023-01-01,Stefan van Duijvenboden,,,high,0.88,Bundled staff-profile publication; high person-level OpenAlex match; publication has DOI or year evidence.,,,,,,Journal article,0,,,,,https://www.ndph.ox.ac.uk/publications/1547238,,,Circulation,Journal article,,,,,,,1,1,[],{},staff_recent_publications_json
525,Kate Venables,,,Kate Venables,0.45,low,local:c7fc03c660761aac,Doctors in Japanese prisoner-of-war camps in Taiwan in the Second World War and their personal accounts of captivity.,2025.0,2025-01-01,Kate Venables,,,low,0.48,Bundled staff-profile publication with weak or missing person/paper evidence.,,,,,,Journal article,0,,,,,https://www.ndph.ox.ac.uk/publications/2090926,,,Med Hist,Journal article,,,,,,,1,1,[],{},staff_recent_publications_json
525,Kate Venables,,,Kate Venables,0.45,low,local:0975e46a5698eec0,Captain George Blair RAMC: A doctor prisoner of the Japanese in Singapore and Taiwan in the Second World War,2024.0,2024-01-01,Kate Venables,,,low,0.48,Bundled staff-profile publication with weak or missing person/paper evidence.,,,,,,Journal article,0,,,,,https://www.ndph.ox.ac.uk/publications/2020924,,,Journal of Medical Biography,Journal article,,,,,,,1,1,[],{},staff_recent_publications_json
525,Kate Venables,,,Kate Venables,0.45,low,local:62baaa9e2bf52f01,A First-Class Man,2023.0,2023-01-01,Kate Venables,,,low,0.48,Bundled staff-profile publication with weak or missing person/paper evidence.,,,,,,Other,0,,,,,https://www.ndph.ox.ac.uk/publications/1341339,,,,Other,,,,,,,1,1,[],{},staff_recent_publications_json
525,Kate Venables,,,Kate Venables,0.45,low,local:744a97a5ea1182b9,Letters from the Burma Front,2023.0,2023-01-01,Kate Venables,,,low,0.48,Bundled staff-profile publication with weak or missing person/paper evidence.,,,,,,Book,0,,,,,https://www.ndph.ox.ac.uk/publications/1341342,,,,Book,,,,,,,1,1,[],{},staff_recent_publications_json
525,Kate Venables,,,Kate Venables,0.45,low,local:7addd93469b75115,Mortality and cancer incidence in UK military veterans involved in human experiments at Porton Down: 48-year follow-up.,2023.0,2023-01-01,Kate Venables,,,low,0.48,Bundled staff-profile publication with weak or missing person/paper evidence.,,,,,,Journal article,0,,,,,https://www.ndph.ox.ac.uk/publications/1341326,,,Int J Epidemiol,Journal article,,,,,,,1,1,[],{},staff_recent_publications_json
526,Mara Violato,A5061171982,https://openalex.org/A5061171982,Mara Violato,0.9,high,local:f1001dec17a0e8cd,Accuracy of online surveys in predicting COVID-19 uptake and demand: A cohort study investigating vaccine sentiments and switching in 13 countries from 2020 to 2022.,2025.0,2025-01-01,Mara Violato,,,high,0.88,Bundled staff-profile publication; high person-level OpenAlex match; publication has DOI or year evidence.,,,,,,Journal article,0,,,,,https://www.ndph.ox.ac.uk/publications/2242571,,,Vaccine,Journal article,,,,,,,1,1,[],{},staff_recent_publications_json
526,Mara Violato,A5061171982,https://openalex.org/A5061171982,Mara Violato,0.9,high,local:dc0b7bb779d59d2f,Protocol for the process evaluation for a cluster randomised controlled trial evaluating primary school-based screening and intervention delivery for childhood anxiety problems.,2025.0,2025-01-01,Mara Violato,,,high,0.88,Bundled staff-profile publication; high person-level OpenAlex match; publication has DOI or year evidence.,,,,,,Journal article,0,,,,,https://www.ndph.ox.ac.uk/publications/2092932,,,BMJ Open,Journal article,,,,,,,1,1,[],{},staff_recent_publications_json
526,Mara Violato,A5061171982,https://openalex.org/A5061171982,Mara Violato,0.9,high,local:93280be8d7387a15,Challenging perspectives; understanding the barriers to engaging in an outdoor swimming feasibility randomised controlled trial.,2024.0,2024-01-01,Mara Violato,,,high,0.88,Bundled staff-profile publication; high person-level OpenAlex match; publication has DOI or year evidence.,,,,,,Journal article,0,,,,,https://www.ndph.ox.ac.uk/publications/2027092,,,Health Place,Journal article,,,,,,,1,1,[],{},staff_recent_publications_json
526,Mara Violato,A5061171982,https://openalex.org/A5061171982,Mara Violato,0.9,high,local:1eda5b15baf74e5d,Development of a brief assessment tool to identify children with probable anxiety disorders,2024.0,2024-01-01,Mara Violato,,,high,0.88,Bundled staff-profile publication; high person-level OpenAlex match; publication has DOI or year evidence.,,,,,,Journal article,0,,,,,https://www.ndph.ox.ac.uk/publications/2017877,,,JCPP Advances,Journal article,,,,,,,1,1,[],{},staff_recent_publications_json
526,Mara Violato,A5061171982,https://openalex.org/A5061171982,Mara Violato,0.9,high,local:a59b9a8dd7ad0ef2,Childhood Transitions Between Weight Status Categories: Evidence from the UK Millennium Cohort Study.,2024.0,2024-01-01,Mara Violato,,,high,0.88,Bundled staff-profile publication; high person-level OpenAlex match; publication has DOI or year evidence.,,,,,,Journal article,0,,,,,https://www.ndph.ox.ac.uk/publications/1987739,,,Pharmacoeconomics,Journal article,,,,,,,1,1,[],{},staff_recent_publications_json
528,Rachel Wade,A5090938450,https://openalex.org/A5090938450,Rachel Wade,0.9,high,local:2b6ad60e825d7eb4,Cost-effectiveness of fenofibrate versus standard care for reducing the progression of diabetic retinopathy: An economic evaluation based on data from the LENS trial.,2025.0,2025-01-01,Rachel Wade,,,high,0.88,Bundled staff-profile publication; high person-level OpenAlex match; publication has DOI or year evidence.,,,,,,Journal article,0,,,,,https://www.ndph.ox.ac.uk/publications/2128101,,,Diabet Med,Journal article,,,,,,,1,1,[],{},staff_recent_publications_json
528,Rachel Wade,A5090938450,https://openalex.org/A5090938450,Rachel Wade,0.9,high,local:8e5ecaf3abbde096,A Mendelian randomization study of the effect of body mass index on 52 causes of death among 125 000 Mexican adults with admixed ancestry.,2025.0,2025-01-01,Rachel Wade,,,high,0.88,Bundled staff-profile publication; high person-level OpenAlex match; publication has DOI or year evidence.,,,,,,Journal article,0,,,,,https://www.ndph.ox.ac.uk/publications/2127954,,,Int J Epidemiol,Journal article,,,,,,,1,1,[],{},staff_recent_publications_json
528,Rachel Wade,A5090938450,https://openalex.org/A5090938450,Rachel Wade,0.9,high,local:4a94cef26762b4b9,Type 2 diabetes and cause-specific mortality in Mexico City: a Mendelian randomisation analysis.,2025.0,2025-01-01,Rachel Wade,,,high,0.88,Bundled staff-profile publication; high person-level OpenAlex match; publication has DOI or year evidence.,,,,,,Journal article,0,,,,,https://www.ndph.ox.ac.uk/publications/2095268,,,Lancet Reg Health Am,Journal article,,,,,,,1,1,[],{},staff_recent_publications_json
528,Rachel Wade,A5090938450,https://openalex.org/A5090938450,Rachel Wade,0.9,high,local:e546bc834fa52a35,Alcohol and mortality in Mexico: prospective study of 150 000 adults.,2024.0,2024-01-01,Rachel Wade,,,high,0.88,Bundled staff-profile publication; high person-level OpenAlex match; publication has DOI or year evidence.,,,,,,Journal article,0,,,,,https://www.ndph.ox.ac.uk/publications/2054759,,,Lancet Public Health,Journal article,,,,,,,1,1,[],{},staff_recent_publications_json
528,Rachel Wade,A5090938450,https://openalex.org/A5090938450,Rachel Wade,0.9,high,local:0215c228c413fc8c,"Blood Pressure, eGFR, and Kidney Mortality in Mexico: A Prospective Study of 150,000 Adults",2024.0,2024-01-01,Rachel Wade,,,high,0.88,Bundled staff-profile publication; high person-level OpenAlex match; publication has DOI or year evidence.,,,,,,Conference paper,0,,,,,https://www.ndph.ox.ac.uk/publications/2078927,,,,Conference paper,,,,,,,1,1,[],{},staff_recent_publications_json
533,Karl Wallendszus,A5017223829,https://openalex.org/A5017223829,Karl Wallendszus,0.9,high,local:2b6ad60e825d7eb4,Cost-effectiveness of fenofibrate versus standard care for reducing the progression of diabetic retinopathy: An economic evaluation based on data from the LENS trial.,2025.0,2025-01-01,Karl Wallendszus,,,high,0.88,Bundled staff-profile publication; high person-level OpenAlex match; publication has DOI or year evidence.,,,,,,Journal article,0,,,,,https://www.ndph.ox.ac.uk/publications/2128101,,,Diabet Med,Journal article,,,,,,,1,1,[],{},staff_recent_publications_json
533,Karl Wallendszus,A5017223829,https://openalex.org/A5017223829,Karl Wallendszus,0.9,high,local:aedf160537bfa066,Long-Term Effects of Empagliflozin in Patients with Chronic Kidney Disease.,2025.0,2025-01-01,Karl Wallendszus,,,high,0.88,Bundled staff-profile publication; high person-level OpenAlex match; publication has DOI or year evidence.,,,,,,Journal article,0,,,,,https://www.ndph.ox.ac.uk/publications/2042748,,,N Engl J Med,Journal article,,,,,,,1,1,[],{},staff_recent_publications_json
533,Karl Wallendszus,A5017223829,https://openalex.org/A5017223829,Karl Wallendszus,0.9,high,local:35b719f006184b80,"Design, recruitment and baseline characteristics of the LENS trial.",2024.0,2024-01-01,Karl Wallendszus,,,high,0.88,Bundled staff-profile publication; high person-level OpenAlex match; publication has DOI or year evidence.,,,,,,Journal article,0,,,,,https://www.ndph.ox.ac.uk/publications/1614614,,,Diabet Med,Journal article,,,,,,,1,1,[],{},staff_recent_publications_json
533,Karl Wallendszus,A5017223829,https://openalex.org/A5017223829,Karl Wallendszus,0.9,high,local:f13b307ce0a9b08f,ASCEND-Eye: Effects of Aspirin on Diabetic Retinopathy.,2024.0,2024-01-01,Karl Wallendszus,,,high,0.88,Bundled staff-profile publication; high person-level OpenAlex match; publication has DOI or year evidence.,,,,,,Journal article,0,,,,,https://www.ndph.ox.ac.uk/publications/1598356,,,Ophthalmology,Journal article,,,,,,,1,1,[],{},staff_recent_publications_json
533,Karl Wallendszus,A5017223829,https://openalex.org/A5017223829,Karl Wallendszus,0.9,high,local:caf519acbc3b4d11,"Clinical trial results in context: comparison of baseline characteristics and outcomes of 38,510 RECOVERY trial participants versus a reference population of 346,271 people hospitalised with COVID-19 in England.",2024.0,2024-01-01,Karl Wallendszus,,,high,0.88,Bundled staff-profile publication; high person-level OpenAlex match; publication has DOI or year evidence.,,,,,,Journal article,0,,,,,https://www.ndph.ox.ac.uk/publications/2010200,,,Trials,Journal article,,,,,,,1,1,[],{},staff_recent_publications_json
534,Robin Walters,A5063254454,https://openalex.org/A5063254454,Robin Walters,0.9,high,local:1dfae4c398f900a6,Multi-ancestry polygenic risk scores for the prediction of type 2 diabetes and complications in diverse ancestries.,2025.0,2025-01-01,Robin Walters,,,high,0.88,Bundled staff-profile publication; high person-level OpenAlex match; publication has DOI or year evidence.,,,,,,Preprint,0,,,,,https://www.ndph.ox.ac.uk/publications/2260674,,,,Preprint,,,,,,,1,1,[],{},staff_recent_publications_json
534,Robin Walters,A5063254454,https://openalex.org/A5063254454,Robin Walters,0.9,high,local:587732b35aea63ae,Genetic Risk and Prognosis of the First Incident Stroke Survivors: Findings from China Kadoorie Biobank and UK Biobank.,2025.0,2025-01-01,Robin Walters,,,high,0.88,Bundled staff-profile publication; high person-level OpenAlex match; publication has DOI or year evidence.,,,,,,Journal article,0,,,,,https://www.ndph.ox.ac.uk/publications/2133120,,,Neurology,Journal article,,,,,,,1,1,[],{},staff_recent_publications_json
534,Robin Walters,A5063254454,https://openalex.org/A5063254454,Robin Walters,0.9,high,local:2c880eda89e73d85,"Lung development genes, adult lung function and cardiovascular comorbidities.",2025.0,2025-01-01,Robin Walters,,,high,0.88,Bundled staff-profile publication; high person-level OpenAlex match; publication has DOI or year evidence.,,,,,,Journal article,0,,,,,https://www.ndph.ox.ac.uk/publications/2127472,,,Thorax,Journal article,,,,,,,1,1,[],{},staff_recent_publications_json
534,Robin Walters,A5063254454,https://openalex.org/A5063254454,Robin Walters,0.9,high,local:ea289e92bdd44b10,Proteome-Wide Genetic Study in East Asians and Europeans Identified Multiple Therapeutic Targets for Ischemic Stroke.,2025.0,2025-01-01,Robin Walters,,,high,0.88,Bundled staff-profile publication; high person-level OpenAlex match; publication has DOI or year evidence.,,,,,,Journal article,0,,,,,https://www.ndph.ox.ac.uk/publications/2120784,,,Stroke,Journal article,,,,,,,1,1,[],{},staff_recent_publications_json
534,Robin Walters,A5063254454,https://openalex.org/A5063254454,Robin Walters,0.9,high,local:1144abc8441628c6,Causal Relevance of Lp(a) for Coronary Heart Disease and Stroke Types in East Asian and European Ancestry Populations: A Mendelian Randomization Study.,2025.0,2025-01-01,Robin Walters,,,high,0.88,Bundled staff-profile publication; high person-level OpenAlex match; publication has DOI or year evidence.,,,,,,Journal article,0,,,,,https://www.ndph.ox.ac.uk/publications/2098981,,,Circulation,Journal article,,,,,,,1,1,[],{},staff_recent_publications_json
535,Baihan Wang,A5066855962,https://openalex.org/A5066855962,Baihan Wang,0.9,high,local:956d859452e9d41b,Modelling personal temperature exposure using household and outdoor temperature and questionnaire data: Implications for epidemiological studies.,2024.0,2024-01-01,Baihan Wang,,,high,0.88,Bundled staff-profile publication; high person-level OpenAlex match; publication has DOI or year evidence.,,,,,,Journal article,0,,,,,https://www.ndph.ox.ac.uk/publications/2036876,,,Environ Int,Journal article,,,,,,,1,1,[],{},staff_recent_publications_json
537,Lin Wang,A5100403208,https://openalex.org/A5100403208,Lin Wang,0.72,medium,local:62a020f64632fea2,Incidence and prevalence of autoimmune diseases in China: A systematic review and meta-analysis of epidemiological studies.,2024.0,2024-01-01,Lin Wang,,,medium,0.7,Bundled staff-profile publication; person-level match is credible but paper-level OpenAlex affiliation evidence is not available in the snapshot cache.,,,,,,Journal article,0,,,,,https://www.ndph.ox.ac.uk/publications/2021401,,,Glob Epidemiol,Journal article,,,,,,,1,1,[],{},staff_recent_publications_json
537,Lin Wang,A5100403208,https://openalex.org/A5100403208,Lin Wang,0.72,medium,local:e3b14aeacc6d0cac,"Infectious pathogens and risk of esophageal, gastric and duodenal cancers and ulcers in China: A case-cohort study.",2024.0,2024-01-01,Lin Wang,,,medium,0.7,Bundled staff-profile publication; person-level match is credible but paper-level OpenAlex affiliation evidence is not available in the snapshot cache.,,,,,,Journal article,0,,,,,https://www.ndph.ox.ac.uk/publications/1585621,,,Int J Cancer,Journal article,,,,,,,1,1,[],{},staff_recent_publications_json
537,Lin Wang,A5100403208,https://openalex.org/A5100403208,Lin Wang,0.72,medium,local:a722c4a6e4689c23,[Prevalence of urinary incontinence in middle-aged and elderly adults in 10 areas in China].,2024.0,2024-01-01,Lin Wang,,,medium,0.7,Bundled staff-profile publication; person-level match is credible but paper-level OpenAlex affiliation evidence is not available in the snapshot cache.,,,,,,Journal article,0,,,,,https://www.ndph.ox.ac.uk/publications/1607561,,,Zhonghua Liu Xing Bing Xue Za Zhi,Journal article,,,,,,,1,1,[],{},staff_recent_publications_json
537,Lin Wang,A5100403208,https://openalex.org/A5100403208,Lin Wang,0.72,medium,local:ed3f1a064bc9dd9f,[Progress and practice of objective measurement of physical behaviors in large-scale cohort research].,2024.0,2024-01-01,Lin Wang,,,medium,0.7,Bundled staff-profile publication; person-level match is credible but paper-level OpenAlex affiliation evidence is not available in the snapshot cache.,,,,,,Journal article,0,,,,,https://www.ndph.ox.ac.uk/publications/1609621,,,Zhonghua Liu Xing Bing Xue Za Zhi,Journal article,,,,,,,1,1,[],{},staff_recent_publications_json
537,Lin Wang,A5100403208,https://openalex.org/A5100403208,Lin Wang,0.72,medium,local:5dfdebe63c375d59,Household air pollution and risk of incident lung cancer in urban China: A prospective cohort study.,2023.0,2023-01-01,Lin Wang,,,medium,0.7,Bundled staff-profile publication; person-level match is credible but paper-level OpenAlex affiliation evidence is not available in the snapshot cache.,,,,,,Journal article,0,,,,,https://www.ndph.ox.ac.uk/publications/1451810,,,Int J Cancer,Journal article,,,,,,,1,1,[],{},staff_recent_publications_json
539,Qiaoye Jessie Wang,,,Qiaoye Jessie Wang,0.45,low,local:3fb2c38329764785,Prospective Association of the Mediterranean Diet with the Onset of Cardiometabolic Multimorbidity in a UK-Based Cohort: The EPIC-Norfolk Study.,2024.0,2024-01-01,Qiaoye Jessie Wang,,,low,0.48,Bundled staff-profile publication with weak or missing person/paper evidence.,,,,,,Journal article,0,,,,,https://www.ndph.ox.ac.uk/publications/2085044,,,J Nutr,Journal article,,,,,,,1,1,[],{},staff_recent_publications_json
539,Qiaoye Jessie Wang,,,Qiaoye Jessie Wang,0.45,low,local:e51283f0775b333e,Association of Life's Simple 7 lifestyle metric with cardiometabolic disease-free life expectancy in older British men.,2024.0,2024-01-01,Qiaoye Jessie Wang,,,low,0.48,Bundled staff-profile publication with weak or missing person/paper evidence.,,,,,,Journal article,0,,,,,https://www.ndph.ox.ac.uk/publications/2085043,,,Commun Med (Lond),Journal article,,,,,,,1,1,[],{},staff_recent_publications_json
539,Qiaoye Jessie Wang,,,Qiaoye Jessie Wang,0.45,low,local:d3f35aaeda9fdd1d,"Prospective associations between diet quality, dietary components, and risk of cardiometabolic multimorbidity in older British men.",2023.0,2023-01-01,Qiaoye Jessie Wang,,,low,0.48,Bundled staff-profile publication with weak or missing person/paper evidence.,,,,,,Journal article,0,,,,,https://www.ndph.ox.ac.uk/publications/2085042,,,Eur J Nutr,Journal article,,,,,,,1,1,[],{},staff_recent_publications_json
539,Qiaoye Jessie Wang,,,Qiaoye Jessie Wang,0.45,low,local:8c5c59f6a60fa731,Intra Amniotic Administration of Raffinose and Stachyose Affects the Intestinal Brush Border Functionality and Alters Gut Microflora Populations.,2017.0,2017-01-01,Qiaoye Jessie Wang,,,low,0.48,Bundled staff-profile publication with weak or missing person/paper evidence.,,,,,,Journal article,0,,,,,https://www.ndph.ox.ac.uk/publications/2085041,,,Nutrients,Journal article,,,,,,,1,1,[],{},staff_recent_publications_json
540,Zhe Wang,A5100407695,https://openalex.org/A5100407695,Zhe Wang,0.72,medium,local:fd09d094a7efa726,"Estimated Doses to the Heart, Lungs and Oesophagus and Risks From Typical UK Radiotherapy for Early Breast Cancer During 2015-2023.",2024.0,2024-01-01,Zhe Wang,,,medium,0.7,Bundled staff-profile publication; person-level match is credible but paper-level OpenAlex affiliation evidence is not available in the snapshot cache.,,,,,,Journal article,0,,,,,https://www.ndph.ox.ac.uk/publications/1995633,,,Clin Oncol (R Coll Radiol),Journal article,,,,,,,1,1,[],{},staff_recent_publications_json
542,Neil Wary,A5048921410,https://openalex.org/A5048921410,Neil Wary,0.45,low,local:9dc089824fb9f21e,"Cross-sectional, interventional, and causal investigation of insulin sensitivity using plasma proteomics in diverse populations",2024.0,2024-01-01,Neil Wary,,,low,0.48,Bundled staff-profile publication with weak or missing person/paper evidence.,,,,,,Preprint,0,,,,,https://www.ndph.ox.ac.uk/publications/2091009,,,,Preprint,,,,,,,1,1,[],{},staff_recent_publications_json
544,Jamie Webb,A5001613802,https://openalex.org/A5001613802,Jamie Webb,0.72,medium,local:fb38919e268d8cb8,Finding Consensus on Trust in AI in Health Care: Recommendations From a Panel of International Experts.,2025.0,2025-01-01,Jamie Webb,,,medium,0.7,Bundled staff-profile publication; person-level match is credible but paper-level OpenAlex affiliation evidence is not available in the snapshot cache.,,,,,,Journal article,0,,,,,https://www.ndph.ox.ac.uk/publications/2091576,,,J Med Internet Res,Journal article,,,,,,,1,1,[],{},staff_recent_publications_json
544,Jamie Webb,A5001613802,https://openalex.org/A5001613802,Jamie Webb,0.72,medium,local:97714ca4fb21f832,"Healthcare Resource Allocation, Machine Learning, and Distributive Justice",2025.0,2025-01-01,Jamie Webb,,,medium,0.7,Bundled staff-profile publication; person-level match is credible but paper-level OpenAlex affiliation evidence is not available in the snapshot cache.,,,,,,Journal article,0,,,,,https://www.ndph.ox.ac.uk/publications/2091577,,,American Philosophical Quarterly,Journal article,,,,,,,1,1,[],{},staff_recent_publications_json
544,Jamie Webb,A5001613802,https://openalex.org/A5001613802,Jamie Webb,0.72,medium,local:e87aef3896eb56e8,"Machine learning, healthcare resource allocation, and patient consent",2024.0,2024-01-01,Jamie Webb,,,medium,0.7,Bundled staff-profile publication; person-level match is credible but paper-level OpenAlex affiliation evidence is not available in the snapshot cache.,,,,,,Journal article,0,,,,,https://www.ndph.ox.ac.uk/publications/2091578,,,The New Bioethics,Journal article,,,,,,,1,1,[],{},staff_recent_publications_json
544,Jamie Webb,A5001613802,https://openalex.org/A5001613802,Jamie Webb,0.72,medium,local:ab5dd0a040b967a4,Where are publics in pandemic public policy?,2024.0,2024-01-01,Jamie Webb,,,medium,0.7,Bundled staff-profile publication; person-level match is credible but paper-level OpenAlex affiliation evidence is not available in the snapshot cache.,,,,,,Chapter,0,,,,,https://www.ndph.ox.ac.uk/publications/2049890,,,Governance,Chapter,,,,,,,1,1,[],{},staff_recent_publications_json
544,Jamie Webb,A5001613802,https://openalex.org/A5001613802,Jamie Webb,0.72,medium,local:445eefa64c2fc15b,Effect of recipient age on prioritisation for liver transplantation in the UK: a population-based modelling study.,2024.0,2024-01-01,Jamie Webb,,,medium,0.7,Bundled staff-profile publication; person-level match is credible but paper-level OpenAlex affiliation evidence is not available in the snapshot cache.,,,,,,Journal article,0,,,,,https://www.ndph.ox.ac.uk/publications/2119212,,,Lancet Healthy Longev,Journal article,,,,,,,1,1,[],{},staff_recent_publications_json
545,James Webster,A5069881136,https://openalex.org/A5069881136,James Webster,0.72,medium,local:329cc1cb1208c654,"Temporal trends in hospital-recorded pulmonary embolism in England before, during and after the COVID-19 pandemic (2008-2024): a population-based observational study.",2025.0,2025-01-01,James Webster,,,medium,0.7,Bundled staff-profile publication; person-level match is credible but paper-level OpenAlex affiliation evidence is not available in the snapshot cache.,,,,,,Journal article,0,,,,,https://www.ndph.ox.ac.uk/publications/2277516,,,Lancet Reg Health Eur,Journal article,,,,,,,1,1,[],{},staff_recent_publications_json
545,James Webster,A5069881136,https://openalex.org/A5069881136,James Webster,0.72,medium,local:a9b60037f1273f14,"Trends and variation in the incidence of hip fracture in England before, during, and after the COVID-19 pandemic (2014-2024): a population-based observational study.",2025.0,2025-01-01,James Webster,,,medium,0.7,Bundled staff-profile publication; person-level match is credible but paper-level OpenAlex affiliation evidence is not available in the snapshot cache.,,,,,,Journal article,0,,,,,https://www.ndph.ox.ac.uk/publications/2280294,,,Lancet Reg Health Eur,Journal article,,,,,,,1,1,[],{},staff_recent_publications_json
545,James Webster,A5069881136,https://openalex.org/A5069881136,James Webster,0.72,medium,local:3e0a8ea09bbb52d3,Higher vitamin K1 intakes are associated with lower subclinical atherosclerosis and lower risk for atherosclerotic vascular disease-related outcomes in older women.,2025.0,2025-01-01,James Webster,,,medium,0.7,Bundled staff-profile publication; person-level match is credible but paper-level OpenAlex affiliation evidence is not available in the snapshot cache.,,,,,,Journal article,0,,,,,https://www.ndph.ox.ac.uk/publications/2121984,,,Eur J Nutr,Journal article,,,,,,,1,1,[],{},staff_recent_publications_json
545,James Webster,A5069881136,https://openalex.org/A5069881136,James Webster,0.72,medium,local:20479ae0df851896,Facilitating clinical trials in hip fracture in the UK : the role and potential of the National Hip Fracture Database and routinely collected data.,2025.0,2025-01-01,James Webster,,,medium,0.7,Bundled staff-profile publication; person-level match is credible but paper-level OpenAlex affiliation evidence is not available in the snapshot cache.,,,,,,Journal article,0,,,,,https://www.ndph.ox.ac.uk/publications/2082831,,,Bone Joint J,Journal article,,,,,,,1,1,[],{},staff_recent_publications_json
545,James Webster,A5069881136,https://openalex.org/A5069881136,James Webster,0.72,medium,local:3ae4674f6bc59f87,Dose–Response Associations Between Diet and Risk of Rheumatoid Arthritis: A Meta-Analysis of Prospective Cohort Studies,2024.0,2024-01-01,James Webster,,,medium,0.7,Bundled staff-profile publication; person-level match is credible but paper-level OpenAlex affiliation evidence is not available in the snapshot cache.,,,,,,Journal article,0,,,,,https://www.ndph.ox.ac.uk/publications/2069838,,,Nutrients,Journal article,,,,,,,1,1,[],{},staff_recent_publications_json
549,Pamela White,A5018546588,https://openalex.org/A5018546588,Pamela White,0.45,low,local:ee6dd544079e45fa,Clinical Guidelines for Management of Infants Born before 25 Weeks of Gestation: How Representative Is the Current Evidence?,2024.0,2024-01-01,Pamela White,,,low,0.48,Bundled staff-profile publication with weak or missing person/paper evidence.,,,,,,Journal article,0,,,,,https://www.ndph.ox.ac.uk/publications/2072336,,,J Pediatr,Journal article,,,,,,,1,1,[],{},staff_recent_publications_json
550,Anne Whitehouse,A5110914137,https://openalex.org/A5110914137,Anne Whitehouse,0.72,medium,local:6be6282bb7d45bbe,Patient and public involvement and engagement in the ASCEND PLUS trial: reflections from the design of a streamlined and decentralised clinical trial.,2024.0,2024-01-01,Anne Whitehouse,,,medium,0.7,Bundled staff-profile publication; person-level match is credible but paper-level OpenAlex affiliation evidence is not available in the snapshot cache.,,,,,,Journal article,0,,,,,https://www.ndph.ox.ac.uk/publications/2020687,,,Trials,Journal article,,,,,,,1,1,[],{},staff_recent_publications_json
550,Anne Whitehouse,A5110914137,https://openalex.org/A5110914137,Anne Whitehouse,0.72,medium,local:f84a388bc14dda81,Plain language summary of a study looking at the effect of empagliflozin treatment in patients with chronic kidney disease.,2024.0,2024-01-01,Anne Whitehouse,,,medium,0.7,Bundled staff-profile publication; person-level match is credible but paper-level OpenAlex affiliation evidence is not available in the snapshot cache.,,,,,,Journal article,0,,,,,https://www.ndph.ox.ac.uk/publications/1910944,,,Clin Kidney J,Journal article,,,,,,,1,1,[],{},staff_recent_publications_json
550,Anne Whitehouse,A5110914137,https://openalex.org/A5110914137,Anne Whitehouse,0.72,medium,local:aec74cc9d5b73435,EVOLVING GOVERNANCE OPTIONS TO ENHANCE EQUITABLE DATA SHARING,2017.0,2017-01-01,Anne Whitehouse,,,medium,0.7,Bundled staff-profile publication; person-level match is credible but paper-level OpenAlex affiliation evidence is not available in the snapshot cache.,,,,,,Conference paper,0,,,,,https://www.ndph.ox.ac.uk/publications/824661,,,AMERICAN JOURNAL OF TROPICAL MEDICINE AND HYGIENE,Conference paper,,,,,,,1,1,[],{},staff_recent_publications_json
551,Rohan Wijesurendra,A5075004971,https://openalex.org/A5075004971,Rohan Wijesurendra,0.9,high,local:d187041e7d4a0bfc,Systemic Lupus Erythematosus With Cardiac Tamponade and Myocardial Edema in the Early Postpartum Period.,2025.0,2025-01-01,Rohan Wijesurendra,,,high,0.88,Bundled staff-profile publication; high person-level OpenAlex match; publication has DOI or year evidence.,,,,,,Journal article,0,,,,,https://www.ndph.ox.ac.uk/publications/2267275,,,JACC Case Rep,Journal article,,,,,,,1,1,[],{},staff_recent_publications_json
551,Rohan Wijesurendra,A5075004971,https://openalex.org/A5075004971,Rohan Wijesurendra,0.9,high,local:5f937382f430a3f4,"Active Monitoring for AtriaL FIbrillation (AMALFI): rationale, protocol, and pilot for a pragmatic, randomized, controlled trial of remote screening for asymptomatic atrial fibrillation.",2025.0,2025-01-01,Rohan Wijesurendra,,,high,0.88,Bundled staff-profile publication; high person-level OpenAlex match; publication has DOI or year evidence.,,,,,,Journal article,0,,,,,https://www.ndph.ox.ac.uk/publications/2244377,,,Am Heart J,Journal article,,,,,,,1,1,[],{},staff_recent_publications_json
551,Rohan Wijesurendra,A5075004971,https://openalex.org/A5075004971,Rohan Wijesurendra,0.9,high,local:e65c1a1e13f67c3d,Mechanistic Pathways Underlying Genetic Predisposition to Atrial Fibrillation Are Associated With Different Cardiac Phenotypes and Cardioembolic Stroke Risk.,2025.0,2025-01-01,Rohan Wijesurendra,,,high,0.88,Bundled staff-profile publication; high person-level OpenAlex match; publication has DOI or year evidence.,,,,,,Journal article,0,,,,,https://www.ndph.ox.ac.uk/publications/2131361,,,Circ Genom Precis Med,Journal article,,,,,,,1,1,[],{},staff_recent_publications_json
551,Rohan Wijesurendra,A5075004971,https://openalex.org/A5075004971,Rohan Wijesurendra,0.9,high,local:6be6282bb7d45bbe,Patient and public involvement and engagement in the ASCEND PLUS trial: reflections from the design of a streamlined and decentralised clinical trial.,2024.0,2024-01-01,Rohan Wijesurendra,,,high,0.88,Bundled staff-profile publication; high person-level OpenAlex match; publication has DOI or year evidence.,,,,,,Journal article,0,,,,,https://www.ndph.ox.ac.uk/publications/2020687,,,Trials,Journal article,,,,,,,1,1,[],{},staff_recent_publications_json
551,Rohan Wijesurendra,A5075004971,https://openalex.org/A5075004971,Rohan Wijesurendra,0.9,high,local:7b4f52a152991d63,Towards an understanding of the ethics of electronic consent in clinical trials.,2024.0,2024-01-01,Rohan Wijesurendra,,,high,0.88,Bundled staff-profile publication; high person-level OpenAlex match; publication has DOI or year evidence.,,,,,,Journal article,0,,,,,https://www.ndph.ox.ac.uk/publications/2022188,,,Trials,Journal article,,,,,,,1,1,[],{},staff_recent_publications_json
552,Lauren Wilburn,A5082735159,https://openalex.org/A5082735159,Lauren Wilburn,0.9,high,local:0e92e6bf2755bb08,"Association of currentSchistosoma mansoni, S. japonicum,andS. mekongiinfection status and intensity with periportal fibrosis: a systematic review and meta-analysis",2024.0,2024-01-01,Lauren Wilburn,,,high,0.88,Bundled staff-profile publication; high person-level OpenAlex match; publication has DOI or year evidence.,,,,,,Preprint,0,,,,,https://www.ndph.ox.ac.uk/publications/1992426,,,,Preprint,,,,,,,1,1,[],{},staff_recent_publications_json
552,Lauren Wilburn,A5082735159,https://openalex.org/A5082735159,Lauren Wilburn,0.9,high,local:d4a77b5cbb99f00f,Formation and three-dimensional architecture of Leishmania adhesion in the sand fly vector.,2023.0,2023-01-01,Lauren Wilburn,,,high,0.88,Bundled staff-profile publication; high person-level OpenAlex match; publication has DOI or year evidence.,,,,,,Journal article,0,,,,,https://www.ndph.ox.ac.uk/publications/1345317,,,Elife,Journal article,,,,,,,1,1,[],{},staff_recent_publications_json
553,Joshua Wilde,A5064732601,https://openalex.org/A5064732601,Joshua Wilde,0.9,high,local:ca290ac8e5538920,Accounting for stillbirths in maternal health metrics: a cross-country analysis.,2025.0,2025-01-01,Joshua Wilde,,,high,0.88,Bundled staff-profile publication; high person-level OpenAlex match; publication has DOI or year evidence.,,,,,,Journal article,0,,,,,https://www.ndph.ox.ac.uk/publications/2134385,,,EClinicalMedicine,Journal article,,,,,,,1,1,[],{},staff_recent_publications_json
553,Joshua Wilde,A5064732601,https://openalex.org/A5064732601,Joshua Wilde,0.9,high,local:5769a3cec8ad369d,"Editors' Note on Looking Backward, Looking Forward: Celebrating 50 Years of Population and Development Review",2025.0,2025-01-01,Joshua Wilde,,,high,0.88,Bundled staff-profile publication; high person-level OpenAlex match; publication has DOI or year evidence.,,,,,,Journal article,0,,,,,https://www.ndph.ox.ac.uk/publications/2095448,,,Population and Development Review,Journal article,,,,,,,1,1,[],{},staff_recent_publications_json
553,Joshua Wilde,A5064732601,https://openalex.org/A5064732601,Joshua Wilde,0.9,high,local:6f7e36e917a13bbd,"Senderowicz and Maloney (2022): Comment, Rejoinder, and Erratum",2024.0,2024-01-01,Joshua Wilde,,,high,0.88,Bundled staff-profile publication; high person-level OpenAlex match; publication has DOI or year evidence.,,,,,,Journal article,0,,,,,https://www.ndph.ox.ac.uk/publications/2069892,,,Population and Development Review,Journal article,,,,,,,1,1,[],{},staff_recent_publications_json
553,Joshua Wilde,A5064732601,https://openalex.org/A5064732601,Joshua Wilde,0.9,high,local:b686ac0cc9fa93bb,Editors' Note on the December 2024 Issue,2024.0,2024-01-01,Joshua Wilde,,,high,0.88,Bundled staff-profile publication; high person-level OpenAlex match; publication has DOI or year evidence.,,,,,,Journal article,0,,,,,https://www.ndph.ox.ac.uk/publications/2072439,,,Population and Development Review,Journal article,,,,,,,1,1,[],{},staff_recent_publications_json
553,Joshua Wilde,A5064732601,https://openalex.org/A5064732601,Joshua Wilde,0.9,high,local:375ef673e33177ea,Digital Trace Data and Demographic Forecasting: How Well Did Google Predict the US COVID-19 Baby Bust?,2024.0,2024-01-01,Joshua Wilde,,,high,0.88,Bundled staff-profile publication; high person-level OpenAlex match; publication has DOI or year evidence.,,,,,,Journal article,0,,,,,https://www.ndph.ox.ac.uk/publications/2020971,,,Population and Development Review,Journal article,,,,,,,1,1,[],{},staff_recent_publications_json
555,Claire Williams,A5102874319,https://openalex.org/A5102874319,Claire Williams,0.9,high,local:45321ce5cca0cdce,Lifetime effects and cost-effectiveness of standard and higher-intensity statin therapy across population categories in the UK: a microsimulation modelling study.,2024.0,2024-01-01,Claire Williams,,,high,0.88,Bundled staff-profile publication; high person-level OpenAlex match; publication has DOI or year evidence.,,,,,,Journal article,0,,,,,https://www.ndph.ox.ac.uk/publications/1650623,,,Lancet Reg Health Eur,Journal article,,,,,,,1,1,[],{},staff_recent_publications_json
555,Claire Williams,A5102874319,https://openalex.org/A5102874319,Claire Williams,0.9,high,local:b64ea6f2b8a89098,Estimating Costs Associated with Disease Model States Using Generalized Linear Models: A Tutorial.,2024.0,2024-01-01,Claire Williams,,,high,0.88,Bundled staff-profile publication; high person-level OpenAlex match; publication has DOI or year evidence.,,,,,,Journal article,0,,,,,https://www.ndph.ox.ac.uk/publications/1561369,,,Pharmacoeconomics,Journal article,,,,,,,1,1,[],{},staff_recent_publications_json
555,Claire Williams,A5102874319,https://openalex.org/A5102874319,Claire Williams,0.9,high,local:5780061eea948faf,Long-term cardiovascular risks and the impact of statin treatment on socioeconomic inequalities: a microsimulation model.,2024.0,2024-01-01,Claire Williams,,,high,0.88,Bundled staff-profile publication; high person-level OpenAlex match; publication has DOI or year evidence.,,,,,,Journal article,0,,,,,https://www.ndph.ox.ac.uk/publications/1534092,,,Br J Gen Pract,Journal article,,,,,,,1,1,[],{},staff_recent_publications_json
555,Claire Williams,A5102874319,https://openalex.org/A5102874319,Claire Williams,0.9,high,local:b38e2d52b76b7dd7,Impact of New Cardiovascular Events on Quality of Life and Hospital Costs in People With Cardiovascular Disease in the United Kingdom and United States.,2023.0,2023-01-01,Claire Williams,,,high,0.88,Bundled staff-profile publication; high person-level OpenAlex match; publication has DOI or year evidence.,,,,,,Journal article,0,,,,,https://www.ndph.ox.ac.uk/publications/1517326,,,J Am Heart Assoc,Journal article,,,,,,,1,1,[],{},staff_recent_publications_json
555,Claire Williams,A5102874319,https://openalex.org/A5102874319,Claire Williams,0.9,high,local:a91eacb5c3c2356f,Prediction Models for Individual-Level Healthcare Costs Associated with Cardiovascular Events in the UK.,2023.0,2023-01-01,Claire Williams,,,high,0.88,Bundled staff-profile publication; high person-level OpenAlex match; publication has DOI or year evidence.,,,,,,Journal article,0,,,,,https://www.ndph.ox.ac.uk/publications/1300878,,,Pharmacoeconomics,Journal article,,,,,,,1,1,[],{},staff_recent_publications_json
556,Daniel Wilson,A5021345648,https://openalex.org/A5021345648,Daniel Wilson,0.72,medium,local:df626cb3ab44f47c,Assessing the value of linking public health microbiology data to the UK Biobank,2025.0,2025-01-01,Daniel Wilson,,,medium,0.7,Bundled staff-profile publication; person-level match is credible but paper-level OpenAlex affiliation evidence is not available in the snapshot cache.,,,,,,Preprint,0,,,,,https://www.ndph.ox.ac.uk/publications/2237626,,,,Preprint,,,,,,,1,1,[],{},staff_recent_publications_json
556,Daniel Wilson,A5021345648,https://openalex.org/A5021345648,Daniel Wilson,0.72,medium,local:ac8e211df10018b6,Multiple introductions of NRCS-A Staphylococcus capitis to the neonatal intensive care unit drive neonatal bloodstream infections: a case-control and environmental genomic survey.,2025.0,2025-01-01,Daniel Wilson,,,medium,0.7,Bundled staff-profile publication; person-level match is credible but paper-level OpenAlex affiliation evidence is not available in the snapshot cache.,,,,,,Journal article,0,,,,,https://www.ndph.ox.ac.uk/publications/2068626,,,Microb Genom,Journal article,,,,,,,1,1,[],{},staff_recent_publications_json
556,Daniel Wilson,A5021345648,https://openalex.org/A5021345648,Daniel Wilson,0.72,medium,local:3221eb559c8a7640,Independent repeated mutations within the alphaviruses Ross River virus and Barmah Forest virus indicates convergent evolution and past positive selection in ancestral populations despite ongoing purifying selection,2024.0,2024-01-01,Daniel Wilson,,,medium,0.7,Bundled staff-profile publication; person-level match is credible but paper-level OpenAlex affiliation evidence is not available in the snapshot cache.,,,,,,Journal article,0,,,,,https://www.ndph.ox.ac.uk/publications/2030914,,,Virus Evolution,Journal article,,,,,,,1,1,[],{},staff_recent_publications_json
556,Daniel Wilson,A5021345648,https://openalex.org/A5021345648,Daniel Wilson,0.72,medium,local:cde022276a5d9bb9,Machine learning to attribute the source of Campylobacter infections in the United States: A retrospective analysis of national surveillance data.,2024.0,2024-01-01,Daniel Wilson,,,medium,0.7,Bundled staff-profile publication; person-level match is credible but paper-level OpenAlex affiliation evidence is not available in the snapshot cache.,,,,,,Journal article,0,,,,,https://www.ndph.ox.ac.uk/publications/2030247,,,J Infect,Journal article,,,,,,,1,1,[],{},staff_recent_publications_json
556,Daniel Wilson,A5021345648,https://openalex.org/A5021345648,Daniel Wilson,0.72,medium,local:1f835728584a3231,"Evaluating the effects of virulence genotype, swarming motility, and multi-locus sequence types of Escherichia coli on layer chicken embryos",2024.0,2024-01-01,Daniel Wilson,,,medium,0.7,Bundled staff-profile publication; person-level match is credible but paper-level OpenAlex affiliation evidence is not available in the snapshot cache.,,,,,,Journal article,0,,,,,https://www.ndph.ox.ac.uk/publications/2018892,,,Journal of Applied Microbiology,Journal article,,,,,,,1,1,[],{},staff_recent_publications_json
557,Kate Wilson,A5043980594,https://openalex.org/A5043980594,Kate Wilson,0.72,medium,local:a8e17e0fc03742f4,"Harmonisation of large-scale, heterogeneous individual participant adverse event data from randomised trials of statin therapy.",2022.0,2022-01-01,Kate Wilson,,,medium,0.7,Bundled staff-profile publication; person-level match is credible but paper-level OpenAlex affiliation evidence is not available in the snapshot cache.,,,,,,Journal article,0,,,,,https://www.ndph.ox.ac.uk/publications/1260020,,,Clin Trials,Journal article,,,,,,,1,1,[],{},staff_recent_publications_json
557,Kate Wilson,A5043980594,https://openalex.org/A5043980594,Kate Wilson,0.72,medium,local:a76e11349cc9327a,Angiotensin receptor blockers and β blockers in Marfan syndrome: an individual patient data meta-analysis of randomised trials.,2022.0,2022-01-01,Kate Wilson,,,medium,0.7,Bundled staff-profile publication; person-level match is credible but paper-level OpenAlex affiliation evidence is not available in the snapshot cache.,,,,,,Journal article,0,,,,,https://www.ndph.ox.ac.uk/publications/1272424,,,Lancet,Journal article,,,,,,,1,1,[],{},staff_recent_publications_json
557,Kate Wilson,A5043980594,https://openalex.org/A5043980594,Kate Wilson,0.72,medium,local:d79b1e4f65825349,"Effect of statin therapy on muscle symptoms: an individual participant data meta-analysis of large-scale, randomised, double-blind trials.",2022.0,2022-01-01,Kate Wilson,,,medium,0.7,Bundled staff-profile publication; person-level match is credible but paper-level OpenAlex affiliation evidence is not available in the snapshot cache.,,,,,,Journal article,0,,,,,https://www.ndph.ox.ac.uk/publications/1279372,,,Lancet,Journal article,,,,,,,1,1,[],{},staff_recent_publications_json
557,Kate Wilson,A5043980594,https://openalex.org/A5043980594,Kate Wilson,0.72,medium,local:18708baa903fc93d,Individual participant data meta-analysis of muscle symptoms in large-scale randomised double-blind trials of statin therapy,2022.0,2022-01-01,Kate Wilson,,,medium,0.7,Bundled staff-profile publication; person-level match is credible but paper-level OpenAlex affiliation evidence is not available in the snapshot cache.,,,,,,Journal article,0,,,,,https://www.ndph.ox.ac.uk/publications/1273381,,,The Lancet,Journal article,,,,,,,1,1,[],{},staff_recent_publications_json
557,Kate Wilson,A5043980594,https://openalex.org/A5043980594,Kate Wilson,0.72,medium,local:8dbc3ed00bd188bc,Efficacy and safety of statin therapy in older people: a meta-analysis of individual participant data from 28 randomised controlled trials.,2019.0,2019-01-01,Kate Wilson,,,medium,0.7,Bundled staff-profile publication; person-level match is credible but paper-level OpenAlex affiliation evidence is not available in the snapshot cache.,,,,,,Journal article,0,,,,,https://www.ndph.ox.ac.uk/publications/921953,,,Lancet,Journal article,,,,,,,1,1,[],{},staff_recent_publications_json
559,Jane Wolstenholme,A5036247334,https://openalex.org/A5036247334,Jane Wolstenholme,0.9,high,local:268dcc1d8a34a088,Systematic review of health economic models for assessment and diagnosis of dementia,2025.0,2025-01-01,Jane Wolstenholme,,,high,0.88,Bundled staff-profile publication; high person-level OpenAlex match; publication has DOI or year evidence.,,,,,,Journal article,0,,,,,https://www.ndph.ox.ac.uk/publications/2241217,,,Alzheimer's &amp; Dementia: Behavior &amp; Socioeconomics of Aging,Journal article,,,,,,,1,1,[],{},staff_recent_publications_json
559,Jane Wolstenholme,A5036247334,https://openalex.org/A5036247334,Jane Wolstenholme,0.9,high,local:4011cdb03e10fd17,"Local anaesthetic transperineal biopsy versus transrectal prostate biopsy in prostate cancer detection (TRANSLATE): a multicentre, randomised, controlled trial.",2025.0,2025-01-01,Jane Wolstenholme,,,high,0.88,Bundled staff-profile publication; high person-level OpenAlex match; publication has DOI or year evidence.,,,,,,Journal article,0,,,,,https://www.ndph.ox.ac.uk/publications/2100974,,,Lancet Oncol,Journal article,,,,,,,1,1,[],{},staff_recent_publications_json
559,Jane Wolstenholme,A5036247334,https://openalex.org/A5036247334,Jane Wolstenholme,0.9,high,local:464b674f9474822d,Benefits of aldosterone receptor antagonism in chronic kidney disease: the BARACK-D RCT.,2025.0,2025-01-01,Jane Wolstenholme,,,high,0.88,Bundled staff-profile publication; high person-level OpenAlex match; publication has DOI or year evidence.,,,,,,Journal article,0,,,,,https://www.ndph.ox.ac.uk/publications/2095459,,,Health Technol Assess,Journal article,,,,,,,1,1,[],{},staff_recent_publications_json
559,Jane Wolstenholme,A5036247334,https://openalex.org/A5036247334,Jane Wolstenholme,0.9,high,local:ca78e501063d116f,Inequalities in geographic barriers and patient representation in lymphoma clinical trials across England.,2025.0,2025-01-01,Jane Wolstenholme,,,high,0.88,Bundled staff-profile publication; high person-level OpenAlex match; publication has DOI or year evidence.,,,,,,Journal article,0,,,,,https://www.ndph.ox.ac.uk/publications/2068850,,,Br J Haematol,Journal article,,,,,,,1,1,[],{},staff_recent_publications_json
559,Jane Wolstenholme,A5036247334,https://openalex.org/A5036247334,Jane Wolstenholme,0.9,high,local:b8507fb7dad9c6d3,Low-dose spironolactone and cardiovascular outcomes in moderate stage chronic kidney disease: a randomized controlled trial.,2024.0,2024-01-01,Jane Wolstenholme,,,high,0.88,Bundled staff-profile publication; high person-level OpenAlex match; publication has DOI or year evidence.,,,,,,Journal article,0,,,,,https://www.ndph.ox.ac.uk/publications/2031926,,,Nat Med,Journal article,,,,,,,1,1,[],{},staff_recent_publications_json
560,Natasha Wood,A5016956765,https://openalex.org/A5016956765,Natasha Wood,0.45,low,local:9ceddab7c8e8b1c8,Persistence of SARS-CoV-2 antibodies over 18 months following infection: UK Biobank COVID-19 Serology Study.,2023.0,2023-01-01,Natasha Wood,,,low,0.48,Bundled staff-profile publication with weak or missing person/paper evidence.,,,,,,Journal article,0,,,,,https://www.ndph.ox.ac.uk/publications/1560311,,,J Epidemiol Community Health,Journal article,,,,,,,1,1,[],{},staff_recent_publications_json
560,Natasha Wood,A5016956765,https://openalex.org/A5016956765,Natasha Wood,0.45,low,local:158a1e43ed3ba8ad,Childhood correlates of adult positive mental well-being in three British longitudinal studies,2020.0,2020-01-01,Natasha Wood,,,low,0.48,Bundled staff-profile publication with weak or missing person/paper evidence.,,,,,,Journal article,0,,,,,https://www.ndph.ox.ac.uk/publications/1137936,,,Journal of Epidemiology and Community Health,Journal article,,,,,,,1,1,[],{},staff_recent_publications_json
560,Natasha Wood,A5016956765,https://openalex.org/A5016956765,Natasha Wood,0.45,low,local:bb574c540621fa5f,Marriage and physical capability at mid to later life in England and the USA,2019.0,2019-01-01,Natasha Wood,,,low,0.48,Bundled staff-profile publication with weak or missing person/paper evidence.,,,,,,Journal article,0,,,,,https://www.ndph.ox.ac.uk/publications/1137939,,,PLOS ONE,Journal article,,,,,,,1,1,[],{},staff_recent_publications_json
562,Sarah Wordsworth,A5056372307,https://openalex.org/A5056372307,Sarah Wordsworth,0.9,high,local:c25675f6145705b6,"Gabapentin for pain management following major surgery: a placebo controlled, double blind, randomized clinical trial (The GAP Study).",2025.0,2025-01-01,Sarah Wordsworth,,,high,0.88,Bundled staff-profile publication; high person-level OpenAlex match; publication has DOI or year evidence.,,,,,,Journal article,0,,,,,https://www.ndph.ox.ac.uk/publications/2252878,,,Anesthesiology,Journal article,,,,,,,1,1,[],{},staff_recent_publications_json
562,Sarah Wordsworth,A5056372307,https://openalex.org/A5056372307,Sarah Wordsworth,0.9,high,local:9e7450188a8fc234,Stereotactic radiotherapy for nAMD: areas for improvement - Authors' reply.,2025.0,2025-01-01,Sarah Wordsworth,,,high,0.88,Bundled staff-profile publication; high person-level OpenAlex match; publication has DOI or year evidence.,,,,,,Journal article,0,,,,,https://www.ndph.ox.ac.uk/publications/2134221,,,Lancet,Journal article,,,,,,,1,1,[],{},staff_recent_publications_json
562,Sarah Wordsworth,A5056372307,https://openalex.org/A5056372307,Sarah Wordsworth,0.9,high,local:3c0e61a03bbe7fd5,Distributional cost-effectiveness analysis in genomic medicine: Considerations for addressing health equity.,2025.0,2025-01-01,Sarah Wordsworth,,,high,0.88,Bundled staff-profile publication; high person-level OpenAlex match; publication has DOI or year evidence.,,,,,,Journal article,0,,,,,https://www.ndph.ox.ac.uk/publications/2122818,,,Value Health,Journal article,,,,,,,1,1,[],{},staff_recent_publications_json
562,Sarah Wordsworth,A5056372307,https://openalex.org/A5056372307,Sarah Wordsworth,0.9,high,local:3b274ae3d1079810,"Roux-en-Y gastric bypass, adjustable gastric banding, or sleeve gastrectomy for severe obesity (By-Band-Sleeve): a multicentre, open label, three-group, randomised controlled trial.",2025.0,2025-01-01,Sarah Wordsworth,,,high,0.88,Bundled staff-profile publication; high person-level OpenAlex match; publication has DOI or year evidence.,,,,,,Journal article,0,,,,,https://www.ndph.ox.ac.uk/publications/2081437,,,Lancet Diabetes Endocrinol,Journal article,,,,,,,1,1,[],{},staff_recent_publications_json
562,Sarah Wordsworth,A5056372307,https://openalex.org/A5056372307,Sarah Wordsworth,0.9,high,local:30cc42542eac2e57,Diagnosing Burkitt Lymphoma in Sub-Saharan Africa by Sequencing of Circulating Tumour DNA: a Comparative Microcosting Study,2025.0,2025-01-01,Sarah Wordsworth,,,high,0.88,Bundled staff-profile publication; high person-level OpenAlex match; publication has DOI or year evidence.,,,,,,Journal article,0,,,,,https://www.ndph.ox.ac.uk/publications/2092625,,,Value in Health Regional Issues,Journal article,,,,,,,1,1,[],{},staff_recent_publications_json
563,Lucy Wright,A5078393070,https://openalex.org/A5078393070,Lucy Wright,0.9,high,local:8432d29e6d477497,Global Trends in Atherosclerotic Cardiovascular Disease.,2023.0,2023-01-01,Lucy Wright,,,high,0.88,Bundled staff-profile publication; high person-level OpenAlex match; publication has DOI or year evidence.,,,,,,Journal article,0,,,,,https://www.ndph.ox.ac.uk/publications/1561355,,,Clin Ther,Journal article,,,,,,,1,1,[],{},staff_recent_publications_json
563,Lucy Wright,A5078393070,https://openalex.org/A5078393070,Lucy Wright,0.9,high,local:3982c02243a62139,Acute neural effects of fluoxetine on emotional regulation in depressed adolescents.,2023.0,2023-01-01,Lucy Wright,,,high,0.88,Bundled staff-profile publication; high person-level OpenAlex match; publication has DOI or year evidence.,,,,,,Journal article,0,,,,,https://www.ndph.ox.ac.uk/publications/1273001,,,Psychol Med,Journal article,,,,,,,1,1,[],{},staff_recent_publications_json
563,Lucy Wright,A5078393070,https://openalex.org/A5078393070,Lucy Wright,0.9,high,local:a14f0eeeada3bd87,Effects of the COVID-19 pandemic on secondary care for cardiovascular disease in the UK: an electronic health record analysis across three countries.,2023.0,2023-01-01,Lucy Wright,,,high,0.88,Bundled staff-profile publication; high person-level OpenAlex match; publication has DOI or year evidence.,,,,,,Journal article,0,,,,,https://www.ndph.ox.ac.uk/publications/1309350,,,Eur Heart J Qual Care Clin Outcomes,Journal article,,,,,,,1,1,[],{},staff_recent_publications_json
563,Lucy Wright,A5078393070,https://openalex.org/A5078393070,Lucy Wright,0.9,high,local:86529621445378af,Relative contribution of trends in myocardial infarction event rates and case fatality to declines in mortality: an international comparative study of 1·95 million events in 80·4 million people in four countries.,2022.0,2022-01-01,Lucy Wright,,,high,0.88,Bundled staff-profile publication; high person-level OpenAlex match; publication has DOI or year evidence.,,,,,,Journal article,0,,,,,https://www.ndph.ox.ac.uk/publications/1241728,,,Lancet Public Health,Journal article,,,,,,,1,1,[],{},staff_recent_publications_json
563,Lucy Wright,A5078393070,https://openalex.org/A5078393070,Lucy Wright,0.9,high,local:272d124ed2411736,Indirect effects of the first two years of the COVID-19 pandemic on secondary care for cardiovascular disease in the UK: an electronic health record analysis across three countries,2022.0,2022-01-01,Lucy Wright,,,high,0.88,Bundled staff-profile publication; high person-level OpenAlex match; publication has DOI or year evidence.,,,,,,Preprint,0,,,,,https://www.ndph.ox.ac.uk/publications/1330369,,,,Preprint,,,,,,,1,1,[],{},staff_recent_publications_json
564,Neil Wright,A5070731221,https://openalex.org/A5070731221,Neil Wright,0.9,high,local:a00d714c86aa69f6,Association of greenness with incidence of cardiovascular disease in China: Evidence from the China Kadoorie Biobank prospective cohort study with 0.5 million adults,2025.0,2025-01-01,Neil Wright,,,high,0.88,Bundled staff-profile publication; high person-level OpenAlex match; publication has DOI or year evidence.,,,,,,Journal article,0,,,,,https://www.ndph.ox.ac.uk/publications/2120181,,,Eco-Environment and Health,Journal article,,,,,,,1,1,[],{},staff_recent_publications_json
564,Neil Wright,A5070731221,https://openalex.org/A5070731221,Neil Wright,0.9,high,local:ea289e92bdd44b10,Proteome-Wide Genetic Study in East Asians and Europeans Identified Multiple Therapeutic Targets for Ischemic Stroke.,2025.0,2025-01-01,Neil Wright,,,high,0.88,Bundled staff-profile publication; high person-level OpenAlex match; publication has DOI or year evidence.,,,,,,Journal article,0,,,,,https://www.ndph.ox.ac.uk/publications/2120784,,,Stroke,Journal article,,,,,,,1,1,[],{},staff_recent_publications_json
564,Neil Wright,A5070731221,https://openalex.org/A5070731221,Neil Wright,0.9,high,local:1144abc8441628c6,Causal Relevance of Lp(a) for Coronary Heart Disease and Stroke Types in East Asian and European Ancestry Populations: A Mendelian Randomization Study.,2025.0,2025-01-01,Neil Wright,,,high,0.88,Bundled staff-profile publication; high person-level OpenAlex match; publication has DOI or year evidence.,,,,,,Journal article,0,,,,,https://www.ndph.ox.ac.uk/publications/2098981,,,Circulation,Journal article,,,,,,,1,1,[],{},staff_recent_publications_json
564,Neil Wright,A5070731221,https://openalex.org/A5070731221,Neil Wright,0.9,high,local:9ead69063c37b917,Patterns and Correlates of Bone Mineral Density Parameters Measured Using Calcaneus Quantitative Ultrasound in  Chinese Adults,2025.0,2025-01-01,Neil Wright,,,high,0.88,Bundled staff-profile publication; high person-level OpenAlex match; publication has DOI or year evidence.,,,,,,Journal article,0,,,,,https://www.ndph.ox.ac.uk/publications/2092830,,,Nutrients,Journal article,,,,,,,1,1,[],{},staff_recent_publications_json
564,Neil Wright,A5070731221,https://openalex.org/A5070731221,Neil Wright,0.9,high,local:721f9febc524fdd8,Comparative studies of 2168 plasma proteins measured by two affinity-based platforms in 4000 Chinese adults.,2025.0,2025-01-01,Neil Wright,,,high,0.88,Bundled staff-profile publication; high person-level OpenAlex match; publication has DOI or year evidence.,,,,,,Journal article,0,,,,,https://www.ndph.ox.ac.uk/publications/2091203,,,Nat Commun,Journal article,,,,,,,1,1,[],{},staff_recent_publications_json
565,Marta Weronika Wronikowska,A5077461822,https://openalex.org/A5077461822,Marta Weronika Wronikowska,0.72,medium,local:8a2ef84224235669,Design and validation of a new Healthcare Systems Usability Scale (HSUS) for clinical decision support systems: a mixed-methods approach.,2023.0,2023-01-01,Marta Weronika Wronikowska,,,medium,0.7,Bundled staff-profile publication; person-level match is credible but paper-level OpenAlex affiliation evidence is not available in the snapshot cache.,,,,,,Journal article,0,,,,,https://www.ndph.ox.ac.uk/publications/1326630,,,BMJ Open,Journal article,,,,,,,1,1,[],{},staff_recent_publications_json
565,Marta Weronika Wronikowska,A5077461822,https://openalex.org/A5077461822,Marta Weronika Wronikowska,0.72,medium,local:e530e1a2620c27b1,Systematic review of applied usability metrics within usability evaluation methods for hospital electronic healthcare record systems: Metrics and Evaluation Methods for eHealth Systems.,2021.0,2021-01-01,Marta Weronika Wronikowska,,,medium,0.7,Bundled staff-profile publication; person-level match is credible but paper-level OpenAlex affiliation evidence is not available in the snapshot cache.,,,,,,Journal article,0,,,,,https://www.ndph.ox.ac.uk/publications/1176454,,,J Eval Clin Pract,Journal article,,,,,,,1,1,[],{},staff_recent_publications_json
565,Marta Weronika Wronikowska,A5077461822,https://openalex.org/A5077461822,Marta Weronika Wronikowska,0.72,medium,local:c49dd995f185d31d,Intensive care unit referrals: making decisions,2020.0,2020-01-01,Marta Weronika Wronikowska,,,medium,0.7,Bundled staff-profile publication; person-level match is credible but paper-level OpenAlex affiliation evidence is not available in the snapshot cache.,,,,,,Conference paper,0,,,,,https://www.ndph.ox.ac.uk/publications/1120544,,,,Conference paper,,,,,,,1,1,[],{},staff_recent_publications_json
565,Marta Weronika Wronikowska,A5077461822,https://openalex.org/A5077461822,Marta Weronika Wronikowska,0.72,medium,local:a14994724d537292,Identification of barriers and facilitators to information exchange about a deteriorating patient’s escalation of care: A Human Factors Analysis,2017.0,2017-01-01,Marta Weronika Wronikowska,,,medium,0.7,Bundled staff-profile publication; person-level match is credible but paper-level OpenAlex affiliation evidence is not available in the snapshot cache.,,,,,,Poster,0,,,,,https://www.ndph.ox.ac.uk/publications/1186490,,,,Poster,,,,,,,1,1,[],{},staff_recent_publications_json
565,Marta Weronika Wronikowska,A5077461822,https://openalex.org/A5077461822,Marta Weronika Wronikowska,0.72,medium,local:d63a70387c4a244e,Influence of cognitive human factor on nuclear reactor safety: a simple decision support system for operators in emergency conditions,2017.0,2017-01-01,Marta Weronika Wronikowska,,,medium,0.7,Bundled staff-profile publication; person-level match is credible but paper-level OpenAlex affiliation evidence is not available in the snapshot cache.,,,,,,Journal article,0,,,,,https://www.ndph.ox.ac.uk/publications/1186486,,,International Journal of Nuclear Knowledge Management,Journal article,,,,,,,1,1,[],{},staff_recent_publications_json
566,Fuping Wu,A5101397728,https://openalex.org/A5101397728,Fuping Wu,0.9,high,local:13c15304e1fa7736,MERIT: Multi-view evidential learning for reliable and interpretable liver fibrosis staging.,2025.0,2025-01-01,Fuping Wu,,,high,0.88,Bundled staff-profile publication; high person-level OpenAlex match; publication has DOI or year evidence.,,,,,,Journal article,0,,,,,https://www.ndph.ox.ac.uk/publications/2093358,,,Med Image Anal,Journal article,,,,,,,1,1,[],{},staff_recent_publications_json
566,Fuping Wu,A5101397728,https://openalex.org/A5101397728,Fuping Wu,0.9,high,local:f85af5d80cf8da85,DiffuSeg: Domain-driven Diffusion for Medical Image Segmentation,2025.0,2025-01-01,Fuping Wu,,,high,0.88,Bundled staff-profile publication; high person-level OpenAlex match; publication has DOI or year evidence.,,,,,,Journal article,0,,,,,https://www.ndph.ox.ac.uk/publications/2078774,,,IEEE Journal of Biomedical and Health Informatics,Journal article,,,,,,,1,1,[],{},staff_recent_publications_json
566,Fuping Wu,A5101397728,https://openalex.org/A5101397728,Fuping Wu,0.9,high,local:1ee7533fb0f609bb,Rethinking Foundation Models for Medical Image Classification through a Benchmark Study on MedMNIST.,2025.0,2025-01-01,Fuping Wu,,,high,0.88,Bundled staff-profile publication; high person-level OpenAlex match; publication has DOI or year evidence.,,,,,,Journal article,0,,,,,https://www.ndph.ox.ac.uk/publications/2094197,,,CoRR,Journal article,,,,,,,1,1,[],{},staff_recent_publications_json
566,Fuping Wu,A5101397728,https://openalex.org/A5101397728,Fuping Wu,0.9,high,local:5e0f2f23befe4aea,MT-CooL: Multi-Task Cooperative Learning via Flat Minima Searching,2024.0,2024-01-01,Fuping Wu,,,high,0.88,Bundled staff-profile publication; high person-level OpenAlex match; publication has DOI or year evidence.,,,,,,Journal article,0,,,,,https://www.ndph.ox.ac.uk/publications/2068245,,,IEEE Transactions on Medical Imaging,Journal article,,,,,,,1,1,[],{},staff_recent_publications_json
566,Fuping Wu,A5101397728,https://openalex.org/A5101397728,Fuping Wu,0.9,high,local:5f3c39d173a9d52a,Labelling with dynamics: A data-efficient learning paradigm for medical image segmentation.,2024.0,2024-01-01,Fuping Wu,,,high,0.88,Bundled staff-profile publication; high person-level OpenAlex match; publication has DOI or year evidence.,,,,,,Journal article,0,,,,,https://www.ndph.ox.ac.uk/publications/1996413,,,Med Image Anal,Journal article,,,,,,,1,1,[],{},staff_recent_publications_json
572,Ling Yang,A5014530652,https://openalex.org/A5014530652,Ling Yang,0.72,medium,local:a00d714c86aa69f6,Association of greenness with incidence of cardiovascular disease in China: Evidence from the China Kadoorie Biobank prospective cohort study with 0.5 million adults,2025.0,2025-01-01,Ling Yang,,,medium,0.7,Bundled staff-profile publication; person-level match is credible but paper-level OpenAlex affiliation evidence is not available in the snapshot cache.,,,,,,Journal article,0,,,,,https://www.ndph.ox.ac.uk/publications/2120181,,,Eco-Environment and Health,Journal article,,,,,,,1,1,[],{},staff_recent_publications_json
572,Ling Yang,A5014530652,https://openalex.org/A5014530652,Ling Yang,0.72,medium,local:ea289e92bdd44b10,Proteome-Wide Genetic Study in East Asians and Europeans Identified Multiple Therapeutic Targets for Ischemic Stroke.,2025.0,2025-01-01,Ling Yang,,,medium,0.7,Bundled staff-profile publication; person-level match is credible but paper-level OpenAlex affiliation evidence is not available in the snapshot cache.,,,,,,Journal article,0,,,,,https://www.ndph.ox.ac.uk/publications/2120784,,,Stroke,Journal article,,,,,,,1,1,[],{},staff_recent_publications_json
572,Ling Yang,A5014530652,https://openalex.org/A5014530652,Ling Yang,0.72,medium,local:1144abc8441628c6,Causal Relevance of Lp(a) for Coronary Heart Disease and Stroke Types in East Asian and European Ancestry Populations: A Mendelian Randomization Study.,2025.0,2025-01-01,Ling Yang,,,medium,0.7,Bundled staff-profile publication; person-level match is credible but paper-level OpenAlex affiliation evidence is not available in the snapshot cache.,,,,,,Journal article,0,,,,,https://www.ndph.ox.ac.uk/publications/2098981,,,Circulation,Journal article,,,,,,,1,1,[],{},staff_recent_publications_json
572,Ling Yang,A5014530652,https://openalex.org/A5014530652,Ling Yang,0.72,medium,local:b8eb85b8c7e50c2a,"Hyperuricemia, gout and the associated comorbidities in  China: findings from a prospective study of 0.5 million adults",2025.0,2025-01-01,Ling Yang,,,medium,0.7,Bundled staff-profile publication; person-level match is credible but paper-level OpenAlex affiliation evidence is not available in the snapshot cache.,,,,,,Journal article,0,,,,,https://www.ndph.ox.ac.uk/publications/2119445,,,The Lancet Regional Health - Western Pacific,Journal article,,,,,,,1,1,[],{},staff_recent_publications_json
572,Ling Yang,A5014530652,https://openalex.org/A5014530652,Ling Yang,0.72,medium,local:9ead69063c37b917,Patterns and Correlates of Bone Mineral Density Parameters Measured Using Calcaneus Quantitative Ultrasound in  Chinese Adults,2025.0,2025-01-01,Ling Yang,,,medium,0.7,Bundled staff-profile publication; person-level match is credible but paper-level OpenAlex affiliation evidence is not available in the snapshot cache.,,,,,,Journal article,0,,,,,https://www.ndph.ox.ac.uk/publications/2092830,,,Nutrients,Journal article,,,,,,,1,1,[],{},staff_recent_publications_json
573,Owen Yang,A5075451583,https://openalex.org/A5075451583,Owen Yang,0.9,high,local:0a16a8d25b93a6a4,Author Response: Rheumatoid arthritis and cancer risk in the Million Women Study,2024.0,2024-01-01,Owen Yang,,,high,0.88,Bundled staff-profile publication; high person-level OpenAlex match; publication has DOI or year evidence.,,,,,,Other,0,,,,,https://www.ndph.ox.ac.uk/publications/2041340,,,International Journal of Epidemiology,Other,,,,,,,1,1,[],{},staff_recent_publications_json
573,Owen Yang,A5075451583,https://openalex.org/A5075451583,Owen Yang,0.9,high,local:c8c0b8a85fb175e2,Rheumatoid arthritis and cancer risk in the Million Women Study,2024.0,2024-01-01,Owen Yang,,,high,0.88,Bundled staff-profile publication; high person-level OpenAlex match; publication has DOI or year evidence.,,,,,,Journal article,0,,,,,https://www.ndph.ox.ac.uk/publications/1594892,,,International Journal of Epidemiology,Journal article,,,,,,,1,1,[],{},staff_recent_publications_json
573,Owen Yang,A5075451583,https://openalex.org/A5075451583,Owen Yang,0.9,high,local:ccfbc87d24af86ee,Body size in early life and the risk of postmenopausal breast cancer.,2022.0,2022-01-01,Owen Yang,,,high,0.88,Bundled staff-profile publication; high person-level OpenAlex match; publication has DOI or year evidence.,,,,,,Journal article,0,,,,,https://www.ndph.ox.ac.uk/publications/1233016,,,BMC Cancer,Journal article,,,,,,,1,1,[],{},staff_recent_publications_json
573,Owen Yang,A5075451583,https://openalex.org/A5075451583,Owen Yang,0.9,high,local:cd2149dfff1c4af9,Time-dependent associations between presentation-based infections and subsequent risk of childhood immune cell malignancies,2020.0,2020-01-01,Owen Yang,,,high,0.88,Bundled staff-profile publication; high person-level OpenAlex match; publication has DOI or year evidence.,,,,,,Journal article,0,,,,,https://www.ndph.ox.ac.uk/publications/1114079,,,Cancer Epidemiology,Journal article,,,,,,,1,1,[],{},staff_recent_publications_json
573,Owen Yang,A5075451583,https://openalex.org/A5075451583,Owen Yang,0.9,high,local:4102567b931eb114,Alcohol intake and Parkinson's disease risk in the million women study.,2020.0,2020-01-01,Owen Yang,,,high,0.88,Bundled staff-profile publication; high person-level OpenAlex match; publication has DOI or year evidence.,,,,,,Journal article,0,,,,,https://www.ndph.ox.ac.uk/publications/1071852,,,Mov Disord,Journal article,,,,,,,1,1,[],{},staff_recent_publications_json
574,Xiaoming Yang,A5101914682,https://openalex.org/A5101914682,Xiaoming Yang,0.72,medium,local:b8eb85b8c7e50c2a,"Hyperuricemia, gout and the associated comorbidities in  China: findings from a prospective study of 0.5 million adults",2025.0,2025-01-01,Xiaoming Yang,,,medium,0.7,Bundled staff-profile publication; person-level match is credible but paper-level OpenAlex affiliation evidence is not available in the snapshot cache.,,,,,,Journal article,0,,,,,https://www.ndph.ox.ac.uk/publications/2119445,,,The Lancet Regional Health - Western Pacific,Journal article,,,,,,,1,1,[],{},staff_recent_publications_json
574,Xiaoming Yang,A5101914682,https://openalex.org/A5101914682,Xiaoming Yang,0.72,medium,local:634227c44bbb9a7e,Risk factors for severe COPD exacerbation in Chinese adults.,2024.0,2024-01-01,Xiaoming Yang,,,medium,0.7,Bundled staff-profile publication; person-level match is credible but paper-level OpenAlex affiliation evidence is not available in the snapshot cache.,,,,,,Journal article,0,,,,,https://www.ndph.ox.ac.uk/publications/2064453,,,Int J Tuberc Lung Dis,Journal article,,,,,,,1,1,[],{},staff_recent_publications_json
574,Xiaoming Yang,A5101914682,https://openalex.org/A5101914682,Xiaoming Yang,0.72,medium,local:5e21f4ddf6f6c3fd,"Reproductive factors and risk of lung cancer among 300,000 Chinese female never-smokers: evidence from the China Kadoorie Biobank study.",2024.0,2024-01-01,Xiaoming Yang,,,medium,0.7,Bundled staff-profile publication; person-level match is credible but paper-level OpenAlex affiliation evidence is not available in the snapshot cache.,,,,,,Journal article,0,,,,,https://www.ndph.ox.ac.uk/publications/1839717,,,BMC Cancer,Journal article,,,,,,,1,1,[],{},staff_recent_publications_json
574,Xiaoming Yang,A5101914682,https://openalex.org/A5101914682,Xiaoming Yang,0.72,medium,local:05a54c0680956563,"Chronic hepatitis B virus infection and risk of stroke types: a prospective cohort study of 500,000 Chinese adults",2023.0,2023-01-01,Xiaoming Yang,,,medium,0.7,Bundled staff-profile publication; person-level match is credible but paper-level OpenAlex affiliation evidence is not available in the snapshot cache.,,,,,,Journal article,0,,,,,https://www.ndph.ox.ac.uk/publications/1547100,,,Stroke,Journal article,,,,,,,1,1,[],{},staff_recent_publications_json
574,Xiaoming Yang,A5101914682,https://openalex.org/A5101914682,Xiaoming Yang,0.72,medium,local:3ccbb88fa1aa3954,"Characterising personal, household, and community PM2.5 exposure in one urban and two rural communities in China",2023.0,2023-01-01,Xiaoming Yang,,,medium,0.7,Bundled staff-profile publication; person-level match is credible but paper-level OpenAlex affiliation evidence is not available in the snapshot cache.,,,,,,Preprint,0,,,,,https://www.ndph.ox.ac.uk/publications/1521746,,,,Preprint,,,,,,,1,1,[],{},staff_recent_publications_json
575,Pang Yao,A5050942675,https://openalex.org/A5050942675,Pang Yao,0.9,high,local:9ead69063c37b917,Patterns and Correlates of Bone Mineral Density Parameters Measured Using Calcaneus Quantitative Ultrasound in  Chinese Adults,2025.0,2025-01-01,Pang Yao,,,high,0.88,Bundled staff-profile publication; high person-level OpenAlex match; publication has DOI or year evidence.,,,,,,Journal article,0,,,,,https://www.ndph.ox.ac.uk/publications/2092830,,,Nutrients,Journal article,,,,,,,1,1,[],{},staff_recent_publications_json
575,Pang Yao,A5050942675,https://openalex.org/A5050942675,Pang Yao,0.9,high,local:eb8d862ed8eda15e,Associations between circulating proteins and cardiometabolic diseases: a systematic review and meta-analysis of observational and Mendelian randomisation studies.,2024.0,2024-01-01,Pang Yao,,,high,0.88,Bundled staff-profile publication; high person-level OpenAlex match; publication has DOI or year evidence.,,,,,,Journal article,0,,,,,https://www.ndph.ox.ac.uk/publications/2019637,,,Heart,Journal article,,,,,,,1,1,[],{},staff_recent_publications_json
575,Pang Yao,A5050942675,https://openalex.org/A5050942675,Pang Yao,0.9,high,local:743b0313b2508a6d,Prospective evaluation of the relevance of Epstein-Barr virus antibodies for early detection of nasopharyngeal carcinoma in Chinese adults.,2024.0,2024-01-01,Pang Yao,,,high,0.88,Bundled staff-profile publication; high person-level OpenAlex match; publication has DOI or year evidence.,,,,,,Journal article,0,,,,,https://www.ndph.ox.ac.uk/publications/2013068,,,Int J Epidemiol,Journal article,,,,,,,1,1,[],{},staff_recent_publications_json
575,Pang Yao,A5050942675,https://openalex.org/A5050942675,Pang Yao,0.9,high,local:070988cf5167ae37,Proteomic Analyses in Diverse Populations Improved Risk Prediction and Identified New Drug Targets for Type 2 Diabetes.,2024.0,2024-01-01,Pang Yao,,,high,0.88,Bundled staff-profile publication; high person-level OpenAlex match; publication has DOI or year evidence.,,,,,,Journal article,0,,,,,https://www.ndph.ox.ac.uk/publications/1989004,,,Diabetes Care,Journal article,,,,,,,1,1,[],{},staff_recent_publications_json
575,Pang Yao,A5050942675,https://openalex.org/A5050942675,Pang Yao,0.9,high,local:e3b14aeacc6d0cac,"Infectious pathogens and risk of esophageal, gastric and duodenal cancers and ulcers in China: A case-cohort study.",2024.0,2024-01-01,Pang Yao,,,high,0.88,Bundled staff-profile publication; high person-level OpenAlex match; publication has DOI or year evidence.,,,,,,Journal article,0,,,,,https://www.ndph.ox.ac.uk/publications/1585621,,,Int J Cancer,Journal article,,,,,,,1,1,[],{},staff_recent_publications_json
577,Iman Yassine,A5072719553,https://openalex.org/A5072719553,Iman Yassine,0.9,high,local:10221231e8befb9f,Development of a core genome multilocus sequence typing scheme and life identification number code classification system for Staphylococcus aureus.,2025.0,2025-01-01,Iman Yassine,,,high,0.88,Bundled staff-profile publication; high person-level OpenAlex match; publication has DOI or year evidence.,,,,,,Journal article,0,,,,,https://www.ndph.ox.ac.uk/publications/2284471,,,Microb Genom,Journal article,,,,,,,1,1,[],{},staff_recent_publications_json
577,Iman Yassine,A5072719553,https://openalex.org/A5072719553,Iman Yassine,0.9,high,local:3523a128614e6c4e,Understanding the population structure of Moraxella catarrhalis using core genome multilocus sequence typing (cgMLST) and a life identification number (LIN) code classification system.,2025.0,2025-01-01,Iman Yassine,,,high,0.88,Bundled staff-profile publication; high person-level OpenAlex match; publication has DOI or year evidence.,,,,,,Preprint,0,,,,,https://www.ndph.ox.ac.uk/publications/2122984,,,,Preprint,,,,,,,1,1,[],{},staff_recent_publications_json
577,Iman Yassine,A5072719553,https://openalex.org/A5072719553,Iman Yassine,0.9,high,local:f396943d1eed5517,Development of a core genome multilocus sequence typing (cgMLST) scheme and life identification number (LIN) code classification system for Staphylococcus aureus,2025.0,2025-01-01,Iman Yassine,,,high,0.88,Bundled staff-profile publication; high person-level OpenAlex match; publication has DOI or year evidence.,,,,,,Preprint,0,,,,,https://www.ndph.ox.ac.uk/publications/2117114,,,,Preprint,,,,,,,1,1,[],{},staff_recent_publications_json
577,Iman Yassine,A5072719553,https://openalex.org/A5072719553,Iman Yassine,0.9,high,local:d8b8eada97239cc8,"Development of the Pneumococcal Genome Library, a core genome multilocus sequence typing scheme, and a taxonomic life identification number barcoding system to investigate and define pneumococcal population structure.",2024.0,2024-01-01,Iman Yassine,,,high,0.88,Bundled staff-profile publication; high person-level OpenAlex match; publication has DOI or year evidence.,,,,,,Journal article,0,,,,,https://www.ndph.ox.ac.uk/publications/2021508,,,Microb Genom,Journal article,,,,,,,1,1,[],{},staff_recent_publications_json
577,Iman Yassine,A5072719553,https://openalex.org/A5072719553,Iman Yassine,0.9,high,local:29b1d9c37589e2cc,"Draft genome sequences of antibiotic-resistant Serratia and Enterobacter species isolated from imported fresh produce in Georgia, USA.",2024.0,2024-01-01,Iman Yassine,,,high,0.88,Bundled staff-profile publication; high person-level OpenAlex match; publication has DOI or year evidence.,,,,,,Journal article,0,,,,,https://www.ndph.ox.ac.uk/publications/1994490,,,Microbiol Resour Announc,Journal article,,,,,,,1,1,[],{},staff_recent_publications_json
581,Peter Young,A5056280122,https://openalex.org/A5056280122,Peter Young,0.72,medium,local:fd44ab7c87355752,Getting rights right: Implementing 'Martha's Rule',2023.0,2023-01-01,Peter Young,,,medium,0.7,Bundled staff-profile publication; person-level match is credible but paper-level OpenAlex affiliation evidence is not available in the snapshot cache.,,,,,,Journal article,0,,,,,https://www.ndph.ox.ac.uk/publications/1581640,,,Journal of Medical Ethics,Journal article,,,,,,,1,1,[],{},staff_recent_publications_json
583,Shuye Yu,A5034037583,https://openalex.org/A5034037583,Shuye Yu,0.9,high,local:9221231c87712cd9,The Value of Hope in Cancer Care: Risk Preference and Heterogeneity in Cancer Patients and the General Public.,2025.0,2025-01-01,Shuye Yu,,,high,0.88,Bundled staff-profile publication; high person-level OpenAlex match; publication has DOI or year evidence.,,,,,,Journal article,0,,,,,https://www.ndph.ox.ac.uk/publications/2123087,,,Value Health,Journal article,,,,,,,1,1,[],{},staff_recent_publications_json
583,Shuye Yu,A5034037583,https://openalex.org/A5034037583,Shuye Yu,0.9,high,local:cbe1916e18b81e5c,"Digitally augmented, parent-led CBT versus treatment as usual for child anxiety problems in child mental health services in England and Northern Ireland: a pragmatic, non-inferiority, clinical effectiveness and cost-effectiveness randomised controlled trial.",2024.0,2024-01-01,Shuye Yu,,,high,0.88,Bundled staff-profile publication; high person-level OpenAlex match; publication has DOI or year evidence.,,,,,,Journal article,0,,,,,https://www.ndph.ox.ac.uk/publications/1614919,,,Lancet Psychiatry,Journal article,,,,,,,1,1,[],{},staff_recent_publications_json
586,Mohammed Zayed,A5062486496,https://openalex.org/A5062486496,Mohammed Zayed,0.9,high,local:2b6ad60e825d7eb4,Cost-effectiveness of fenofibrate versus standard care for reducing the progression of diabetic retinopathy: An economic evaluation based on data from the LENS trial.,2025.0,2025-01-01,Mohammed Zayed,,,high,0.88,Bundled staff-profile publication; high person-level OpenAlex match; publication has DOI or year evidence.,,,,,,Journal article,0,,,,,https://www.ndph.ox.ac.uk/publications/2128101,,,Diabet Med,Journal article,,,,,,,1,1,[],{},staff_recent_publications_json
586,Mohammed Zayed,A5062486496,https://openalex.org/A5062486496,Mohammed Zayed,0.9,high,local:35b719f006184b80,"Design, recruitment and baseline characteristics of the LENS trial.",2024.0,2024-01-01,Mohammed Zayed,,,high,0.88,Bundled staff-profile publication; high person-level OpenAlex match; publication has DOI or year evidence.,,,,,,Journal article,0,,,,,https://www.ndph.ox.ac.uk/publications/1614614,,,Diabet Med,Journal article,,,,,,,1,1,[],{},staff_recent_publications_json
586,Mohammed Zayed,A5062486496,https://openalex.org/A5062486496,Mohammed Zayed,0.9,high,local:5bf733efff84d23e,Effect of Fenofibrate on Progression of Diabetic Retinopathy.,2024.0,2024-01-01,Mohammed Zayed,,,high,0.88,Bundled staff-profile publication; high person-level OpenAlex match; publication has DOI or year evidence.,,,,,,Journal article,0,,,,,https://www.ndph.ox.ac.uk/publications/2009734,,,NEJM Evid,Journal article,,,,,,,1,1,[],{},staff_recent_publications_json
586,Mohammed Zayed,A5062486496,https://openalex.org/A5062486496,Mohammed Zayed,0.9,high,local:7da624647745ff73,Diabetic Retinopathy and Quality of Life: A Systematic Review and Meta-Analysis.,2024.0,2024-01-01,Mohammed Zayed,,,high,0.88,Bundled staff-profile publication; high person-level OpenAlex match; publication has DOI or year evidence.,,,,,,Journal article,0,,,,,https://www.ndph.ox.ac.uk/publications/1582319,,,JAMA Ophthalmol,Journal article,,,,,,,1,1,[],{},staff_recent_publications_json
586,Mohammed Zayed,A5062486496,https://openalex.org/A5062486496,Mohammed Zayed,0.9,high,local:69b8da2685e60fa3,"Higher dose corticosteroids in patients admitted to hospital with COVID-19 who are hypoxic but not requiring ventilatory support (RECOVERY): a randomised, controlled, open-label, platform trial.",2023.0,2023-01-01,Mohammed Zayed,,,high,0.88,Bundled staff-profile publication; high person-level OpenAlex match; publication has DOI or year evidence.,,,,,,Journal article,0,,,,,https://www.ndph.ox.ac.uk/publications/1331132,,,Lancet,Journal article,,,,,,,1,1,[],{},staff_recent_publications_json
587,Daniel Zazueta,A5013887530,https://openalex.org/A5013887530,Daniel Zazueta,0.9,high,local:c80be2763a5934a5,The contribution of education-specific mortality trends to the life expectancy stagnation in England & Wales.,2025.0,2025-01-01,Daniel Zazueta,,,high,0.88,Bundled staff-profile publication; high person-level OpenAlex match; publication has DOI or year evidence.,,,,,,Journal article,0,,,,,https://www.ndph.ox.ac.uk/publications/2280101,,,European journal of epidemiology,Journal article,,,,,,,1,1,[],{},staff_recent_publications_json
587,Daniel Zazueta,A5013887530,https://openalex.org/A5013887530,Daniel Zazueta,0.9,high,local:e95fb66311299427,"The impact of violence and COVID-19 on Mexico's life-expectancy losses and recent bounce-back, 2015-22.",2025.0,2025-01-01,Daniel Zazueta,,,high,0.88,Bundled staff-profile publication; high person-level OpenAlex match; publication has DOI or year evidence.,,,,,,Journal article,0,,,,,https://www.ndph.ox.ac.uk/publications/2119736,,,Int J Epidemiol,Journal article,,,,,,,1,1,[],{},staff_recent_publications_json
587,Daniel Zazueta,A5013887530,https://openalex.org/A5013887530,Daniel Zazueta,0.9,high,local:80249ac53aaa9613,"Long-term trends in educational inequalities in alcohol-attributable mortality, and their impact on trends in educational inequalities in life expectancy",2024.0,2024-01-01,Daniel Zazueta,,,high,0.88,Bundled staff-profile publication; high person-level OpenAlex match; publication has DOI or year evidence.,,,,,,Journal article,0,,,,,https://www.ndph.ox.ac.uk/publications/2280104,,,Frontiers in Public Health,Journal article,,,,,,,1,1,[],{},staff_recent_publications_json
587,Daniel Zazueta,A5013887530,https://openalex.org/A5013887530,Daniel Zazueta,0.9,high,local:3f7c598e36307d55,"Economic Disadvantage During Childhood, Obesity, and Diabetes Across Three Birth Cohorts of Older Mexicans.",2024.0,2024-01-01,Daniel Zazueta,,,high,0.88,Bundled staff-profile publication; high person-level OpenAlex match; publication has DOI or year evidence.,,,,,,Journal article,0,,,,,https://www.ndph.ox.ac.uk/publications/2280103,,,The journals of gerontology. Series B,Journal article,,,,,,,1,1,[],{},staff_recent_publications_json
587,Daniel Zazueta,A5013887530,https://openalex.org/A5013887530,Daniel Zazueta,0.9,high,local:fe393f95a787df9c,Assessing the accuracy of ARIMA models to forecast population at the intraurban level in Greater Mexico City,2024.0,2024-01-01,Daniel Zazueta,,,high,0.88,Bundled staff-profile publication; high person-level OpenAlex match; publication has DOI or year evidence.,,,,,,Preprint,0,,,,,https://www.ndph.ox.ac.uk/publications/2280097,,,,Preprint,,,,,,,1,1,[],{},staff_recent_publications_json
593,Zizheng Zhang,A5058758745,https://openalex.org/A5058758745,Zizheng Zhang,0.72,medium,local:31c538545984e1bc,Predicting individual patient and hospital-level discharge using machine learning.,2024.0,2024-01-01,Zizheng Zhang,,,medium,0.7,Bundled staff-profile publication; person-level match is credible but paper-level OpenAlex affiliation evidence is not available in the snapshot cache.,,,,,,Journal article,0,,,,,https://www.ndph.ox.ac.uk/publications/2058033,,,Commun Med (Lond),Journal article,,,,,,,1,1,[],{},staff_recent_publications_json
593,Zizheng Zhang,A5058758745,https://openalex.org/A5058758745,Zizheng Zhang,0.72,medium,local:20c054f6f64b196f,The Impact of Public Health Events on COVID-19 Vaccine Hesitancy on Chinese Social Media: National Infoveillance Study.,2021.0,2021-01-01,Zizheng Zhang,,,medium,0.7,Bundled staff-profile publication; person-level match is credible but paper-level OpenAlex affiliation evidence is not available in the snapshot cache.,,,,,,Journal article,0,,,,,https://www.ndph.ox.ac.uk/publications/2071537,,,JMIR Public Health Surveill,Journal article,,,,,,,1,1,[],{},staff_recent_publications_json
593,Zizheng Zhang,A5058758745,https://openalex.org/A5058758745,Zizheng Zhang,0.72,medium,local:2b635527636798d3,The Impact of Public Health Events on COVID-19 Vaccine Hesitancy on Chinese Social Media: National Infoveillance Study (Preprint),2021.0,2021-01-01,Zizheng Zhang,,,medium,0.7,Bundled staff-profile publication; person-level match is credible but paper-level OpenAlex affiliation evidence is not available in the snapshot cache.,,,,,,Preprint,0,,,,,https://www.ndph.ox.ac.uk/publications/2071538,,,,Preprint,,,,,,,1,1,[],{},staff_recent_publications_json
594,Yin-Cong Zhi,A5054175485,https://openalex.org/A5054175485,Yin-Cong Zhi,0.9,high,local:6956f164d9b17bab,Multimorbidity representation via graph learning: A population-based study on hepatosplenic conditions in schistosomiasis-endemic areas of rural Uganda,2024.0,2024-01-01,Yin-Cong Zhi,,,high,0.88,Bundled staff-profile publication; high person-level OpenAlex match; publication has DOI or year evidence.,,,,,,Preprint,0,,,,,https://www.ndph.ox.ac.uk/publications/2039167,,,,Preprint,,,,,,,1,1,[],{},staff_recent_publications_json
594,Yin-Cong Zhi,A5054175485,https://openalex.org/A5054175485,Yin-Cong Zhi,0.9,high,local:598fde5151e7bfc0,Gaussian Processes on Graphs Via Spectral Kernel Learning,2023.0,2023-01-01,Yin-Cong Zhi,,,high,0.88,Bundled staff-profile publication; high person-level OpenAlex match; publication has DOI or year evidence.,,,,,,Journal article,0,,,,,https://www.ndph.ox.ac.uk/publications/1337934,,,IEEE Transactions on Signal and Information Processing over Networks,Journal article,,,,,,,1,1,[],{},staff_recent_publications_json
594,Yin-Cong Zhi,A5054175485,https://openalex.org/A5054175485,Yin-Cong Zhi,0.9,high,local:7405d43acf2db4ad,Graph Classification Gaussian Processes via Spectral Features,2023.0,2023-01-01,Yin-Cong Zhi,,,high,0.88,Bundled staff-profile publication; high person-level OpenAlex match; publication has DOI or year evidence.,,,,,,Conference paper,0,,,,,https://www.ndph.ox.ac.uk/publications/1529506,,,Proceedings of Machine Learning Research,Conference paper,,,,,,,1,1,[],{},staff_recent_publications_json
594,Yin-Cong Zhi,A5054175485,https://openalex.org/A5054175485,Yin-Cong Zhi,0.9,high,local:332f4fb9c6026b2f,Adaptive Gaussian Processes on Graphs via Spectral Graph Wavelets,2022.0,2022-01-01,Yin-Cong Zhi,,,high,0.88,Bundled staff-profile publication; high person-level OpenAlex match; publication has DOI or year evidence.,,,,,,Conference paper,0,,,,,https://www.ndph.ox.ac.uk/publications/1494508,,,Proceedings of Machine Learning Research,Conference paper,,,,,,,1,1,[],{},staff_recent_publications_json
595,Xiaomin Zhong,A5063183598,https://openalex.org/A5063183598,Xiaomin Zhong,0.9,high,local:329cc1cb1208c654,"Temporal trends in hospital-recorded pulmonary embolism in England before, during and after the COVID-19 pandemic (2008-2024): a population-based observational study.",2025.0,2025-01-01,Xiaomin Zhong,,,high,0.88,Bundled staff-profile publication; high person-level OpenAlex match; publication has DOI or year evidence.,,,,,,Journal article,0,,,,,https://www.ndph.ox.ac.uk/publications/2277516,,,Lancet Reg Health Eur,Journal article,,,,,,,1,1,[],{},staff_recent_publications_json
595,Xiaomin Zhong,A5063183598,https://openalex.org/A5063183598,Xiaomin Zhong,0.9,high,local:9bbff9dec94706c8,"Antibiotics for common infections in primary care before, during and after the COVID-19 pandemic: cohort study of extent of prescribing based on risks of infection-related hospital admissions",2025.0,2025-01-01,Xiaomin Zhong,,,high,0.88,Bundled staff-profile publication; high person-level OpenAlex match; publication has DOI or year evidence.,,,,,,Journal article,0,,,,,https://www.ndph.ox.ac.uk/publications/2108481,,,Journal of the Royal Society of Medicine,Journal article,,,,,,,1,1,[],{},staff_recent_publications_json
595,Xiaomin Zhong,A5063183598,https://openalex.org/A5063183598,Xiaomin Zhong,0.9,high,local:570648801ba133fe,Correction: Evaluation of the impact of COVID-19 pandemic on hospital admission related to common infections: Risk prediction models to tackle antimicrobial resistance in primary care.,2025.0,2025-01-01,Xiaomin Zhong,,,high,0.88,Bundled staff-profile publication; high person-level OpenAlex match; publication has DOI or year evidence.,,,,,,Journal article,0,,,,,https://www.ndph.ox.ac.uk/publications/2101575,,,PLoS One,Journal article,,,,,,,1,1,[],{},staff_recent_publications_json
595,Xiaomin Zhong,A5063183598,https://openalex.org/A5063183598,Xiaomin Zhong,0.9,high,local:52071ded59627cc4,Phase II study of trifluridine/tipiracil (TAS-102) plus irinotecan in combination with bevacizumab as a second-line therapy for patients with metastatic colorectal cancer.,2025.0,2025-01-01,Xiaomin Zhong,,,high,0.88,Bundled staff-profile publication; high person-level OpenAlex match; publication has DOI or year evidence.,,,,,,Conference paper,0,,,,,https://www.ndph.ox.ac.uk/publications/2103692,,,JOURNAL OF CLINICAL ONCOLOGY,Conference paper,,,,,,,1,1,[],{},staff_recent_publications_json
595,Xiaomin Zhong,A5063183598,https://openalex.org/A5063183598,Xiaomin Zhong,0.9,high,local:83a008d3354f0ade,Rapid systematic review on risks and outcomes of sepsis: the influence of risk factors associated with health inequalities,2024.0,2024-01-01,Xiaomin Zhong,,,high,0.88,Bundled staff-profile publication; high person-level OpenAlex match; publication has DOI or year evidence.,,,,,,Journal article,0,,,,,https://www.ndph.ox.ac.uk/publications/1674813,,,International Journal for Equity in Health,Journal article,,,,,,,1,1,[],{},staff_recent_publications_json
596,Junwen Zhou,A5101929322,https://openalex.org/A5101929322,Junwen Zhou,0.9,high,local:0a1e47cc4f53ad91,Effects of empagliflozin on quality of life and healthcare use and costs in chronic kidney disease: a health economic analysis of the EMPA-KIDNEY trial.,2025.0,2025-01-01,Junwen Zhou,,,high,0.88,Bundled staff-profile publication; high person-level OpenAlex match; publication has DOI or year evidence.,,,,,,Journal article,0,,,,,https://www.ndph.ox.ac.uk/publications/2130860,,,EClinicalMedicine,Journal article,,,,,,,1,1,[],{},staff_recent_publications_json
596,Junwen Zhou,A5101929322,https://openalex.org/A5101929322,Junwen Zhou,0.9,high,local:dd20e9daab919b5a,Cost-effectiveness of ten commonly used antipsychotics in first-episode schizophrenia in the UK: economic evaluation based on a de novo discrete event simulation model.,2024.0,2024-01-01,Junwen Zhou,,,high,0.88,Bundled staff-profile publication; high person-level OpenAlex match; publication has DOI or year evidence.,,,,,,Journal article,0,,,,,https://www.ndph.ox.ac.uk/publications/2072873,,,Br J Psychiatry,Journal article,,,,,,,1,1,[],{},staff_recent_publications_json
596,Junwen Zhou,A5101929322,https://openalex.org/A5101929322,Junwen Zhou,0.9,high,local:45321ce5cca0cdce,Lifetime effects and cost-effectiveness of standard and higher-intensity statin therapy across population categories in the UK: a microsimulation modelling study.,2024.0,2024-01-01,Junwen Zhou,,,high,0.88,Bundled staff-profile publication; high person-level OpenAlex match; publication has DOI or year evidence.,,,,,,Journal article,0,,,,,https://www.ndph.ox.ac.uk/publications/1650623,,,Lancet Reg Health Eur,Journal article,,,,,,,1,1,[],{},staff_recent_publications_json
596,Junwen Zhou,A5101929322,https://openalex.org/A5101929322,Junwen Zhou,0.9,high,local:6f1f12c236e9c17a,Medication adherence and costs of medical care among patients with Parkinson's disease: an observational study using electronic medical records.,2024.0,2024-01-01,Junwen Zhou,,,high,0.88,Bundled staff-profile publication; high person-level OpenAlex match; publication has DOI or year evidence.,,,,,,Journal article,0,,,,,https://www.ndph.ox.ac.uk/publications/1994041,,,BMC Public Health,Journal article,,,,,,,1,1,[],{},staff_recent_publications_json
596,Junwen Zhou,A5101929322,https://openalex.org/A5101929322,Junwen Zhou,0.9,high,local:b64ea6f2b8a89098,Estimating Costs Associated with Disease Model States Using Generalized Linear Models: A Tutorial.,2024.0,2024-01-01,Junwen Zhou,,,high,0.88,Bundled staff-profile publication; high person-level OpenAlex match; publication has DOI or year evidence.,,,,,,Journal article,0,,,,,https://www.ndph.ox.ac.uk/publications/1561369,,,Pharmacoeconomics,Journal article,,,,,,,1,1,[],{},staff_recent_publications_json
598,Doreen Zhu,A5070127648,https://openalex.org/A5070127648,Doreen Zhu,0.9,high,local:7528dc5ae8486643,The prevention and management of chronic kidney disease among patients with metabolic syndrome.,2025.0,2025-01-01,Doreen Zhu,,,high,0.88,Bundled staff-profile publication; high person-level OpenAlex match; publication has DOI or year evidence.,,,,,,Journal article,0,,,,,https://www.ndph.ox.ac.uk/publications/2071897,,,Kidney Int,Journal article,,,,,,,1,1,[],{},staff_recent_publications_json
598,Doreen Zhu,A5070127648,https://openalex.org/A5070127648,Doreen Zhu,0.9,high,local:b0189d6ce54d9360,Empagliflozin lowers serum uric acid in chronic kidney disease: exploratory analyses from the EMPA-KIDNEY trial.,2025.0,2025-01-01,Doreen Zhu,,,high,0.88,Bundled staff-profile publication; high person-level OpenAlex match; publication has DOI or year evidence.,,,,,,Journal article,0,,,,,https://www.ndph.ox.ac.uk/publications/2020812,,,Nephrol Dial Transplant,Journal article,,,,,,,1,1,[],{},staff_recent_publications_json
598,Doreen Zhu,A5070127648,https://openalex.org/A5070127648,Doreen Zhu,0.9,high,local:aedf160537bfa066,Long-Term Effects of Empagliflozin in Patients with Chronic Kidney Disease.,2025.0,2025-01-01,Doreen Zhu,,,high,0.88,Bundled staff-profile publication; high person-level OpenAlex match; publication has DOI or year evidence.,,,,,,Journal article,0,,,,,https://www.ndph.ox.ac.uk/publications/2042748,,,N Engl J Med,Journal article,,,,,,,1,1,[],{},staff_recent_publications_json
598,Doreen Zhu,A5070127648,https://openalex.org/A5070127648,Doreen Zhu,0.9,high,local:2d02fed3d37efdda,Design considerations for future renoprotection trials in the era of multiple therapies for chronic kidney disease.,2025.0,2025-01-01,Doreen Zhu,,,high,0.88,Bundled staff-profile publication; high person-level OpenAlex match; publication has DOI or year evidence.,,,,,,Journal article,0,,,,,https://www.ndph.ox.ac.uk/publications/2038561,,,Nephrol Dial Transplant,Journal article,,,,,,,1,1,[],{},staff_recent_publications_json
598,Doreen Zhu,A5070127648,https://openalex.org/A5070127648,Doreen Zhu,0.9,high,local:8467417b2239810a,"In adults with BMI ≥27 kg/m2 and CVD, but without diabetes, semaglutide reduced MACE, regardless of baseline HbA1c level.",2024.0,2024-01-01,Doreen Zhu,,,high,0.88,Bundled staff-profile publication; high person-level OpenAlex match; publication has DOI or year evidence.,,,,,,Journal article,0,,,,,https://www.ndph.ox.ac.uk/publications/2055229,,,Ann Intern Med,Journal article,,,,,,,1,1,[],{},staff_recent_publications_json
599,Xuemin Zhu,A5071772530,https://openalex.org/A5071772530,Xuemin Zhu,0.72,medium,local:9e7450188a8fc234,Stereotactic radiotherapy for nAMD: areas for improvement - Authors' reply.,2025.0,2025-01-01,Xuemin Zhu,,,medium,0.7,Bundled staff-profile publication; person-level match is credible but paper-level OpenAlex affiliation evidence is not available in the snapshot cache.,,,,,,Journal article,0,,,,,https://www.ndph.ox.ac.uk/publications/2134221,,,Lancet,Journal article,,,,,,,1,1,[],{},staff_recent_publications_json
599,Xuemin Zhu,A5071772530,https://openalex.org/A5071772530,Xuemin Zhu,0.72,medium,local:7ee533574f9fe864,"Reduction in inpatient and severe condition visits for respiratory diseases during the COVID-19 pandemic in Wuhan, China",2024.0,2024-01-01,Xuemin Zhu,,,medium,0.7,Bundled staff-profile publication; person-level match is credible but paper-level OpenAlex affiliation evidence is not available in the snapshot cache.,,,,,,Journal article,0,,,,,https://www.ndph.ox.ac.uk/publications/1598698,,,Global Transitions,Journal article,,,,,,,1,1,[],{},staff_recent_publications_json
599,Xuemin Zhu,A5071772530,https://openalex.org/A5071772530,Xuemin Zhu,0.72,medium,local:df089c6a23626b30,The stability of physicians’ risk attitudes across time and domains,2023.0,2023-01-01,Xuemin Zhu,,,medium,0.7,Bundled staff-profile publication; person-level match is credible but paper-level OpenAlex affiliation evidence is not available in the snapshot cache.,,,,,,Journal article,0,,,,,https://www.ndph.ox.ac.uk/publications/1561996,,,Social Science and Medicine,Journal article,,,,,,,1,1,[],{},staff_recent_publications_json
