staff_index,staff_name,openalex_author_id_short,openalex_author_id_full,author_display_name,author_match_score,author_match_confidence,work_id,title,publication_year,publication_date,raw_author_name,author_position,is_corresponding,paper_confidence,paper_confidence_score,paper_confidence_reasons,paper_has_oxford_affiliation,paper_affiliation_score,paper_time_score,paper_name_score,doi,work_type,cited_by_count,language,is_oa,oa_status,oa_url,landing_page_url,pdf_url,source_id,source_name,source_type,source_is_oa,source_issn_l,volume,issue,first_page,last_page,institutions_distinct_count,countries_distinct_count,topics_json,primary_topic_json,snapshot_source
0,Melinda Mills,A5018053342,https://openalex.org/A5018053342,Melinda Mills,0.9,high,doi:10.1038/s41588-025-02452-3,Publisher Correction: Realizing the full potential of Our Future Health through data linkage and trans-biobank efforts,2025.0,2025-01-01,Melinda Mills,,,high,0.88,Bundled staff-profile publication; high person-level OpenAlex match; publication has DOI or year evidence.,,,,,10.1038/s41588-025-02452-3,,0,,,,,https://www.doi.org/10.1038/s41588-025-02452-3,,,Nature Genetics,,,,,,,,1,1,[],{},staff_recent_publications_json
0,Melinda Mills,A5018053342,https://openalex.org/A5018053342,Melinda Mills,0.9,high,doi:10.1038/s41588-025-02327-7,Realizing the full potential of Our Future Health through data linkage and trans-biobank efforts,2025.0,2025-01-01,Melinda Mills,,,high,0.88,Bundled staff-profile publication; high person-level OpenAlex match; publication has DOI or year evidence.,,,,,10.1038/s41588-025-02327-7,,0,,,,,https://www.doi.org/10.1038/s41588-025-02327-7,,,Nature Genetics,,,,,,,,1,1,[],{},staff_recent_publications_json
0,Melinda Mills,A5018053342,https://openalex.org/A5018053342,Melinda Mills,0.9,high,doi:10.1016/j.socscimed.2025.118443,"Night Shift Work and Sleep Duration among Middle and Older Age Adults: The Role of Individual, Social, and Environmental Moderators",2025.0,2025-01-01,Melinda Mills,,,high,0.88,Bundled staff-profile publication; high person-level OpenAlex match; publication has DOI or year evidence.,,,,,10.1016/j.socscimed.2025.118443,,0,,,,,https://www.doi.org/10.1016/j.socscimed.2025.118443,,,Social Science & Medicine,,,,,,,,1,1,[],{},staff_recent_publications_json
0,Melinda Mills,A5018053342,https://openalex.org/A5018053342,Melinda Mills,0.9,high,doi:10.7765/9781526177964.00016,Why they stay and why they go: The effect of role clarity and social relations on turnover and exclusion in Médecins sans Frontières Holland,2025.0,2025-01-01,Melinda Mills,,,high,0.88,Bundled staff-profile publication; high person-level OpenAlex match; publication has DOI or year evidence.,,,,,10.7765/9781526177964.00016,,0,,,,,https://www.doi.org/10.7765/9781526177964.00016,,,in Hierarchies and Exclusion in Humanitarianism,,,,,,,,1,1,[],{},staff_recent_publications_json
0,Melinda Mills,A5018053342,https://openalex.org/A5018053342,Melinda Mills,0.9,high,doi:10.1038/s41562-025-02150-4,Socio-economic status is a social construct with heritable components and genetic consequences,2025.0,2025-01-01,Melinda Mills,,,high,0.88,Bundled staff-profile publication; high person-level OpenAlex match; publication has DOI or year evidence.,,,,,10.1038/s41562-025-02150-4,,0,,,,,https://www.doi.org/10.1038/s41562-025-02150-4,,,Nature Human Behaviour,,,,,,,,1,1,[],{},staff_recent_publications_json
0,Melinda Mills,A5018053342,https://openalex.org/A5018053342,Melinda Mills,0.9,high,doi:10.1038/s43587-024-00800-2,"Author Correction: Genetics of female and male reproductive traits and their relationship with health, longevity and consequences for offspring.",2025.0,2025-01-01,Melinda Mills,,,high,0.88,Bundled staff-profile publication; high person-level OpenAlex match; publication has DOI or year evidence.,,,,,10.1038/s43587-024-00800-2,,0,,,,,https://www.doi.org/10.1038/s43587-024-00800-2,,,Nature aging,,,,,,,,1,1,[],{},staff_recent_publications_json
0,Melinda Mills,A5018053342,https://openalex.org/A5018053342,Melinda Mills,0.9,high,doi:10.1038/s41562-024-02076-3,"Polygenic prediction of occupational status GWAS elucidates genetic and environmental interplay in intergenerational transmission, careers and health in UK Biobank",2024.0,2024-01-01,Melinda Mills,,,high,0.88,Bundled staff-profile publication; high person-level OpenAlex match; publication has DOI or year evidence.,,,,,10.1038/s41562-024-02076-3,,0,,,,,https://www.doi.org/10.1038/s41562-024-02076-3,,,Nature Human Behaviour,,,,,,,,1,1,[],{},staff_recent_publications_json
0,Melinda Mills,A5018053342,https://openalex.org/A5018053342,Melinda Mills,0.9,high,doi:10.1038/s43587-024-00733-w,"Genetics of female and male reproductive traits and their relationship with health, longevity and consequences for offspring",2024.0,2024-01-01,Melinda Mills,,,high,0.88,Bundled staff-profile publication; high person-level OpenAlex match; publication has DOI or year evidence.,,,,,10.1038/s43587-024-00733-w,,0,,,,,https://www.doi.org/10.1038/s43587-024-00733-w,,,Nature Aging,,,,,,,,1,1,[],{},staff_recent_publications_json
0,Melinda Mills,A5018053342,https://openalex.org/A5018053342,Melinda Mills,0.9,high,doi:10.1016/s2589-7500(24)00169-9,COVID-19 testing and reporting behaviours in England across different sociodemographic groups: a population-based study using testing data and data from community prevalence surveillance surveys,2024.0,2024-01-01,Melinda Mills,,,high,0.88,Bundled staff-profile publication; high person-level OpenAlex match; publication has DOI or year evidence.,,,,,10.1016/s2589-7500(24)00169-9,,0,,,,,https://www.doi.org/10.1016/s2589-7500(24)00169-9,,,The Lancet Digital Health,,,,,,,,1,1,[],{},staff_recent_publications_json
0,Melinda Mills,A5018053342,https://openalex.org/A5018053342,Melinda Mills,0.9,high,doi:10.1038/s41586-024-07721-5,The importance of family-based sampling for biobanks,2024.0,2024-01-01,Melinda Mills,,,high,0.88,Bundled staff-profile publication; high person-level OpenAlex match; publication has DOI or year evidence.,,,,,10.1038/s41586-024-07721-5,,0,,,,,https://www.doi.org/10.1038/s41586-024-07721-5,,,pp. 795–803,,,,,,,,1,1,[],{},staff_recent_publications_json
1,Jennifer Beam Dowd,A5009798144,https://openalex.org/A5009798144,Jennifer Beam Dowd,0.9,high,doi:10.64898/2026.02.25.26347112,Temporary Shock or Lasting Scar? Life Expectancy Trajectories Since COVID-19,2026.0,2026-01-01,Jennifer Beam Dowd,,,high,0.88,Bundled staff-profile publication; high person-level OpenAlex match; publication has DOI or year evidence.,,,,,10.64898/2026.02.25.26347112,,0,,,,,https://www.doi.org/10.64898/2026.02.25.26347112,,,,,,,,,,,1,1,[],{},staff_recent_publications_json
1,Jennifer Beam Dowd,A5009798144,https://openalex.org/A5009798144,Jennifer Beam Dowd,0.9,high,doi:10.1101/2025.07.15.25331003,Sex Differences in Excess Mortality During the COVID-19 Pandemic,2025.0,2025-01-01,Jennifer Beam Dowd,,,high,0.88,Bundled staff-profile publication; high person-level OpenAlex match; publication has DOI or year evidence.,,,,,10.1101/2025.07.15.25331003,,0,,,,,https://www.doi.org/10.1101/2025.07.15.25331003,,,,,,,,,,,1,1,[],{},staff_recent_publications_json
1,Jennifer Beam Dowd,A5009798144,https://openalex.org/A5009798144,Jennifer Beam Dowd,0.9,high,doi:10.1101/2025.06.20.25329982,Chronic health conditions and health-related economic inactivity in midlife: Evidence from the 1958 and 1970 British birth cohorts,2025.0,2025-01-01,Jennifer Beam Dowd,,,high,0.88,Bundled staff-profile publication; high person-level OpenAlex match; publication has DOI or year evidence.,,,,,10.1101/2025.06.20.25329982,,0,,,,,https://www.doi.org/10.1101/2025.06.20.25329982,,,,,,,,,,,1,1,[],{},staff_recent_publications_json
1,Jennifer Beam Dowd,A5009798144,https://openalex.org/A5009798144,Jennifer Beam Dowd,0.9,high,doi:10.1101/2025.06.12.25329414,The Generational Health Drift: A Systematic Review of Evidence from the British Birth Cohort Studies,2025.0,2025-01-01,Jennifer Beam Dowd,,,high,0.88,Bundled staff-profile publication; high person-level OpenAlex match; publication has DOI or year evidence.,,,,,10.1101/2025.06.12.25329414,,0,,,,,https://www.doi.org/10.1101/2025.06.12.25329414,,,,,,,,,,,1,1,[],{},staff_recent_publications_json
1,Jennifer Beam Dowd,A5009798144,https://openalex.org/A5009798144,Jennifer Beam Dowd,0.9,high,doi:10.1016/s2468-2667(25)00047-7,"Trends in alcohol-specific deaths in England, 2001–22: an observational study",2025.0,2025-01-01,Jennifer Beam Dowd,,,high,0.88,Bundled staff-profile publication; high person-level OpenAlex match; publication has DOI or year evidence.,,,,,10.1016/s2468-2667(25)00047-7,,0,,,,,https://www.doi.org/10.1016/s2468-2667(25)00047-7,,,,,,,,,,,1,1,[],{},staff_recent_publications_json
1,Jennifer Beam Dowd,A5009798144,https://openalex.org/A5009798144,Jennifer Beam Dowd,0.9,high,doi:10.1186/s12979-025-00505-z,Compositional analysis of lymphocytes and their relationship with health outcomes: findings from the health and retirement study,2025.0,2025-01-01,Jennifer Beam Dowd,,,high,0.88,Bundled staff-profile publication; high person-level OpenAlex match; publication has DOI or year evidence.,,,,,10.1186/s12979-025-00505-z,,0,,,,,https://www.doi.org/10.1186/s12979-025-00505-z,,,Immunity & Ageing,,,,,,,,1,1,[],{},staff_recent_publications_json
1,Jennifer Beam Dowd,A5009798144,https://openalex.org/A5009798144,Jennifer Beam Dowd,0.9,high,doi:10.1093/pnasnexus/pgae508,"Indirect effects of the COVID-19 pandemic: A cause-of-death analysis of life expectancy changes in 24 countries, 2015 to 2022",2024.0,2024-01-01,Jennifer Beam Dowd,,,high,0.88,Bundled staff-profile publication; high person-level OpenAlex match; publication has DOI or year evidence.,,,,,10.1093/pnasnexus/pgae508,,0,,,,,https://www.doi.org/10.1093/pnasnexus/pgae508,,,PNAS Nexus,,,,,,,,1,1,[],{},staff_recent_publications_json
1,Jennifer Beam Dowd,A5009798144,https://openalex.org/A5009798144,Jennifer Beam Dowd,0.9,high,doi:10.1111/padr.12687,Progress Stalled? The Uncertain Future of Mortality in High‐Income Countries,2024.0,2024-01-01,Jennifer Beam Dowd,,,high,0.88,Bundled staff-profile publication; high person-level OpenAlex match; publication has DOI or year evidence.,,,,,10.1111/padr.12687,,0,,,,,https://www.doi.org/10.1111/padr.12687,,,,,,,,,,,1,1,[],{},staff_recent_publications_json
1,Jennifer Beam Dowd,A5009798144,https://openalex.org/A5009798144,Jennifer Beam Dowd,0.9,high,doi:10.1093/ije/dyae127,Midlife health in Britain and the United States: a comparison of two nationally representative cohorts,2024.0,2024-01-01,Jennifer Beam Dowd,,,high,0.88,Bundled staff-profile publication; high person-level OpenAlex match; publication has DOI or year evidence.,,,,,10.1093/ije/dyae127,,0,,,,,https://www.doi.org/10.1093/ije/dyae127,,,International Journal of Epidemiology,,,,,,,,1,1,[],{},staff_recent_publications_json
1,Jennifer Beam Dowd,A5009798144,https://openalex.org/A5009798144,Jennifer Beam Dowd,0.9,high,doi:10.1093/geronb/gbae113,Cohort differences in physical health and disability in the United States and Europe,2024.0,2024-01-01,Jennifer Beam Dowd,,,high,0.88,Bundled staff-profile publication; high person-level OpenAlex match; publication has DOI or year evidence.,,,,,10.1093/geronb/gbae113,,0,,,,,https://www.doi.org/10.1093/geronb/gbae113,,,Journals of Gerontology,,,,,,,,1,1,[],{},staff_recent_publications_json
3,Ridhi Kashyap,A5031279419,https://openalex.org/A5031279419,Ridhi Kashyap,0.9,high,doi:10.64898/2026.02.25.26347112,Temporary Shock or Lasting Scar? Life Expectancy Trajectories Since COVID-19,2026.0,2026-01-01,Ridhi Kashyap,,,high,0.88,Bundled staff-profile publication; high person-level OpenAlex match; publication has DOI or year evidence.,,,,,10.64898/2026.02.25.26347112,,0,,,,,https://www.doi.org/10.64898/2026.02.25.26347112,,,,,,,,,,,1,1,[],{},staff_recent_publications_json
3,Ridhi Kashyap,A5031279419,https://openalex.org/A5031279419,Ridhi Kashyap,0.9,high,doi:10.1073/pnas.2422625123,Temperature and sex ratios at birth,2026.0,2026-01-01,Ridhi Kashyap,,,high,0.88,Bundled staff-profile publication; high person-level OpenAlex match; publication has DOI or year evidence.,,,,,10.1073/pnas.2422625123,,0,,,,,https://www.doi.org/10.1073/pnas.2422625123,,,Proceedings of the National Academy of Sciences,,,,,,,,1,1,[],{},staff_recent_publications_json
3,Ridhi Kashyap,A5031279419,https://openalex.org/A5031279419,Ridhi Kashyap,0.9,high,doi:10.1073/pnas.2416624122,Mapping subnational gender gaps in internet and mobile adoption using social media data,2025.0,2025-01-01,Ridhi Kashyap,,,high,0.88,Bundled staff-profile publication; high person-level OpenAlex match; publication has DOI or year evidence.,,,,,10.1073/pnas.2416624122,,0,,,,,https://www.doi.org/10.1073/pnas.2416624122,,,Proceedings of the National Academy of Sciences,,,,,,,,1,1,[],{},staff_recent_publications_json
3,Ridhi Kashyap,A5031279419,https://openalex.org/A5031279419,Ridhi Kashyap,0.9,high,doi:10.1002/psp.70083,How Accurate Are High Resolution Settlement Maps at Predicting Population Counts in Data Scarce Settings?,2025.0,2025-01-01,Ridhi Kashyap,,,high,0.88,Bundled staff-profile publication; high person-level OpenAlex match; publication has DOI or year evidence.,,,,,10.1002/psp.70083,,0,,,,,https://www.doi.org/10.1002/psp.70083,,,Population,,,,,,,,1,1,[],{},staff_recent_publications_json
3,Ridhi Kashyap,A5031279419,https://openalex.org/A5031279419,Ridhi Kashyap,0.9,high,doi:10.1057/s41599-025-05224-w,Access to technology and foundational math proficiency among students: empirical evidence from India,2025.0,2025-01-01,Ridhi Kashyap,,,high,0.88,Bundled staff-profile publication; high person-level OpenAlex match; publication has DOI or year evidence.,,,,,10.1057/s41599-025-05224-w,,0,,,,,https://www.doi.org/10.1057/s41599-025-05224-w,,,Humanities & Social Sciences Communications,,,,,,,,1,1,[],{},staff_recent_publications_json
3,Ridhi Kashyap,A5031279419,https://openalex.org/A5031279419,Ridhi Kashyap,0.9,high,doi:10.1111/padr.70001,"Fifty years of Population and Development Review: shifting research themes, authorship, and academic impact in comparative perspective",2025.0,2025-01-01,Ridhi Kashyap,,,high,0.88,Bundled staff-profile publication; high person-level OpenAlex match; publication has DOI or year evidence.,,,,,10.1111/padr.70001,,0,,,,,https://www.doi.org/10.1111/padr.70001,,,Population and Development Review,,,,,,,,1,1,[],{},staff_recent_publications_json
3,Ridhi Kashyap,A5031279419,https://openalex.org/A5031279419,Ridhi Kashyap,0.9,high,doi:10.1111/padr.70006,Preface,2025.0,2025-01-01,Ridhi Kashyap,,,high,0.88,Bundled staff-profile publication; high person-level OpenAlex match; publication has DOI or year evidence.,,,,,10.1111/padr.70006,,0,,,,,https://www.doi.org/10.1111/padr.70006,,,,,,,,,,,1,1,[],{},staff_recent_publications_json
3,Ridhi Kashyap,A5031279419,https://openalex.org/A5031279419,Ridhi Kashyap,0.9,high,doi:10.31219/osf.io/pz38h_v1,How accurate are high resolution settlement maps at predicting population counts in data scarce settings?,2025.0,2025-01-01,Ridhi Kashyap,,,high,0.88,Bundled staff-profile publication; high person-level OpenAlex match; publication has DOI or year evidence.,,,,,10.31219/osf.io/pz38h_v1,,0,,,,,https://www.doi.org/10.31219/osf.io/pz38h_v1,,,,,,,,,,,1,1,[],{},staff_recent_publications_json
3,Ridhi Kashyap,A5031279419,https://openalex.org/A5031279419,Ridhi Kashyap,0.9,high,doi:10.31219/osf.io/wj7ke,Temperature and Sex Ratios at Birth,2024.0,2024-01-01,Ridhi Kashyap,,,high,0.88,Bundled staff-profile publication; high person-level OpenAlex match; publication has DOI or year evidence.,,,,,10.31219/osf.io/wj7ke,,0,,,,,https://www.doi.org/10.31219/osf.io/wj7ke,,,,,,,,,,,1,1,[],{},staff_recent_publications_json
3,Ridhi Kashyap,A5031279419,https://openalex.org/A5031279419,Ridhi Kashyap,0.9,high,doi:10.1016/j.socscimed.2024.117159,Social capital mediates knowledge gaps in informing sexual and reproductive health behaviours across Africa,2024.0,2024-01-01,Ridhi Kashyap,,,high,0.88,Bundled staff-profile publication; high person-level OpenAlex match; publication has DOI or year evidence.,,,,,10.1016/j.socscimed.2024.117159,,0,,,,,https://www.doi.org/10.1016/j.socscimed.2024.117159,,,Social Science and Medicine,,,,,,,,1,1,[],{},staff_recent_publications_json
4,Augustine Kong,A5072041322,https://openalex.org/A5072041322,Augustine Kong,0.9,high,doi:10.1038/s41588-025-02327-7,Realizing the full potential of Our Future Health through data linkage and trans-biobank efforts,2025.0,2025-01-01,Augustine Kong,,,high,0.88,Bundled staff-profile publication; high person-level OpenAlex match; publication has DOI or year evidence.,,,,,10.1038/s41588-025-02327-7,,0,,,,,https://www.doi.org/10.1038/s41588-025-02327-7,,,Nature Genetics,,,,,,,,1,1,[],{},staff_recent_publications_json
4,Augustine Kong,A5072041322,https://openalex.org/A5072041322,Augustine Kong,0.9,high,doi:10.1038/s41588-023-01439-2,Studying the genetics of participation using footprints left on the ascertained genotypes,2023.0,2023-01-01,Augustine Kong,,,high,0.88,Bundled staff-profile publication; high person-level OpenAlex match; publication has DOI or year evidence.,,,,,10.1038/s41588-023-01439-2,,0,,,,,https://www.doi.org/10.1038/s41588-023-01439-2,,,Nature Genetics,,,,,,,,1,1,[],{},staff_recent_publications_json
4,Augustine Kong,A5072041322,https://openalex.org/A5072041322,Augustine Kong,0.9,high,doi:10.1038/s41588-022-01085-0,Mendelian imputation of parental genotypes improves estimates of direct genetic effects,2022.0,2022-01-01,Augustine Kong,,,high,0.88,Bundled staff-profile publication; high person-level OpenAlex match; publication has DOI or year evidence.,,,,,10.1038/s41588-022-01085-0,,0,,,,,https://www.doi.org/10.1038/s41588-022-01085-0,,,Nature Genetics,,,,,,,,1,1,[],{},staff_recent_publications_json
4,Augustine Kong,A5072041322,https://openalex.org/A5072041322,Augustine Kong,0.9,high,doi:10.1126/science.aax3710,Deconstructing the sources of genotype-phenotype associations in humans,2019.0,2019-01-01,Augustine Kong,,,high,0.88,Bundled staff-profile publication; high person-level OpenAlex match; publication has DOI or year evidence.,,,,,10.1126/science.aax3710,,0,,,,,https://www.doi.org/10.1126/science.aax3710,,,pp. 1396–1400,,,,,,,,1,1,[],{},staff_recent_publications_json
4,Augustine Kong,A5072041322,https://openalex.org/A5072041322,Augustine Kong,0.9,high,doi:10.1038/s41588-018-0259-9,Multiple transmissions of de novo mutations in families,2018.0,2018-01-01,Augustine Kong,,,high,0.88,Bundled staff-profile publication; high person-level OpenAlex match; publication has DOI or year evidence.,,,,,10.1038/s41588-018-0259-9,,0,,,,,https://www.doi.org/10.1038/s41588-018-0259-9,,,Nature Genetics,,,,,,,,1,1,[],{},staff_recent_publications_json
4,Augustine Kong,A5072041322,https://openalex.org/A5072041322,Augustine Kong,0.9,high,doi:10.1038/s41588-018-0178-9,Relatedness disequilibrium regression estimates heritability without environmental bias,2018.0,2018-01-01,Augustine Kong,,,high,0.88,Bundled staff-profile publication; high person-level OpenAlex match; publication has DOI or year evidence.,,,,,10.1038/s41588-018-0178-9,,0,,,,,https://www.doi.org/10.1038/s41588-018-0178-9,,,Nature Genetics,,,,,,,,1,1,[],{},staff_recent_publications_json
4,Augustine Kong,A5072041322,https://openalex.org/A5072041322,Augustine Kong,0.9,high,doi:10.1126/science.aan6877,The nature of nurture: Effects of parental genotypes,2018.0,2018-01-01,Augustine Kong,,,high,0.88,Bundled staff-profile publication; high person-level OpenAlex match; publication has DOI or year evidence.,,,,,10.1126/science.aan6877,,0,,,,,https://www.doi.org/10.1126/science.aan6877,,,pp. 424–428,,,,,,,,1,1,[],{},staff_recent_publications_json
4,Augustine Kong,A5072041322,https://openalex.org/A5072041322,Augustine Kong,0.9,high,doi:10.1038/sdata.2017.115,"Whole genome characterization of sequence diversity of 15,220 Icelanders",2017.0,2017-01-01,Augustine Kong,,,high,0.88,Bundled staff-profile publication; high person-level OpenAlex match; publication has DOI or year evidence.,,,,,10.1038/sdata.2017.115,,0,,,,,https://www.doi.org/10.1038/sdata.2017.115,,,Scientific Data,,,,,,,,1,1,[],{},staff_recent_publications_json
4,Augustine Kong,A5072041322,https://openalex.org/A5072041322,Augustine Kong,0.9,high,doi:10.1038/nature24018,"Parental influence on human germline de novo mutations in 1,548 trios from Iceland",2017.0,2017-01-01,Augustine Kong,,,high,0.88,Bundled staff-profile publication; high person-level OpenAlex match; publication has DOI or year evidence.,,,,,10.1038/nature24018,,0,,,,,https://www.doi.org/10.1038/nature24018,,,pp. 519–522,,,,,,,,1,1,[],{},staff_recent_publications_json
4,Augustine Kong,A5072041322,https://openalex.org/A5072041322,Augustine Kong,0.9,high,doi:10.1182/blood-2017-02-769869,"Clonal hematopoiesis, with and without candidate driver mutations, is common in the elderly",2017.0,2017-01-01,Augustine Kong,,,high,0.88,Bundled staff-profile publication; high person-level OpenAlex match; publication has DOI or year evidence.,,,,,10.1182/blood-2017-02-769869,,0,,,,,https://www.doi.org/10.1182/blood-2017-02-769869,,,Blood,,,,,,,,1,1,[],{},staff_recent_publications_json
5,Charles Rahal,A5075497327,https://openalex.org/A5075497327,Charles Rahal,0.9,high,doi:10.1038/s43588-025-00776-y,On the unknowable limits to prediction,2025.0,2025-01-01,Charles Rahal,,,high,0.88,Bundled staff-profile publication; high person-level OpenAlex match; publication has DOI or year evidence.,,,,,10.1038/s43588-025-00776-y,,0,,,,,https://www.doi.org/10.1038/s43588-025-00776-y,,,,,,,,,,,1,1,[],{},staff_recent_publications_json
5,Charles Rahal,A5075497327,https://openalex.org/A5075497327,Charles Rahal,0.9,high,doi:10.1007/s42001-025-00360-4,Capitalizing on a crisis: a computational analysis of all five million British firms during the Covid-19 pandemic,2025.0,2025-01-01,Charles Rahal,,,high,0.88,Bundled staff-profile publication; high person-level OpenAlex match; publication has DOI or year evidence.,,,,,10.1007/s42001-025-00360-4,,0,,,,,https://www.doi.org/10.1007/s42001-025-00360-4,,,Journal of Computational Social Science,,,,,,,,1,1,[],{},staff_recent_publications_json
5,Charles Rahal,A5075497327,https://openalex.org/A5075497327,Charles Rahal,0.9,high,doi:10.1093/jrsssa/qnae092,"The role of the third sector in public health service provision: evidence from 25,338 heterogeneous procurement datasets",2024.0,2024-01-01,Charles Rahal,,,high,0.88,Bundled staff-profile publication; high person-level OpenAlex match; publication has DOI or year evidence.,,,,,10.1093/jrsssa/qnae092,,0,,,,,https://www.doi.org/10.1093/jrsssa/qnae092,,,,,,,,,,,1,1,[],{},staff_recent_publications_json
5,Charles Rahal,A5075497327,https://openalex.org/A5075497327,Charles Rahal,0.9,high,doi:10.1007/s11336-024-09977-2,The intermodel vigorish as a lens for understanding (and quantifying) the value of item response models for dichotomously coded items,2024.0,2024-01-01,Charles Rahal,,,high,0.88,Bundled staff-profile publication; high person-level OpenAlex match; publication has DOI or year evidence.,,,,,10.1007/s11336-024-09977-2,,0,,,,,https://www.doi.org/10.1007/s11336-024-09977-2,,,Psychometrika,,,,,,,,1,1,[],{},staff_recent_publications_json
5,Charles Rahal,A5075497327,https://openalex.org/A5075497327,Charles Rahal,0.9,high,doi:10.1007/s00146-022-01540-w,The rise of machine learning in the academic social sciences,2024.0,2024-01-01,Charles Rahal,,,high,0.88,Bundled staff-profile publication; high person-level OpenAlex match; publication has DOI or year evidence.,,,,,10.1007/s00146-022-01540-w,,0,,,,,https://www.doi.org/10.1007/s00146-022-01540-w,,,AI &amp; SOCIETY,,,,,,,,1,1,[],{},staff_recent_publications_json
5,Charles Rahal,A5075497327,https://openalex.org/A5075497327,Charles Rahal,0.9,high,doi:10.1038/s41558-024-01965-9,Publisher Correction: Offshoring emissions through used vehicle exports,2024.0,2024-01-01,Charles Rahal,,,high,0.88,Bundled staff-profile publication; high person-level OpenAlex match; publication has DOI or year evidence.,,,,,10.1038/s41558-024-01965-9,,0,,,,,https://www.doi.org/10.1038/s41558-024-01965-9,,,Nature Climate Change,,,,,,,,1,1,[],{},staff_recent_publications_json
5,Charles Rahal,A5075497327,https://openalex.org/A5075497327,Charles Rahal,0.9,high,doi:10.48550/arxiv.2402.13807,Offshoring Emissions through Used Vehicle Exports,2024.0,2024-01-01,Charles Rahal,,,high,0.88,Bundled staff-profile publication; high person-level OpenAlex match; publication has DOI or year evidence.,,,,,10.48550/arxiv.2402.13807,,0,,,,,https://www.doi.org/10.48550/arxiv.2402.13807,,,,,,,,,,,1,1,[],{},staff_recent_publications_json
5,Charles Rahal,A5075497327,https://openalex.org/A5075497327,Charles Rahal,0.9,high,doi:10.1038/s41558-024-01943-1,Offshoring emissions through used vehicle exports,2024.0,2024-01-01,Charles Rahal,,,high,0.88,Bundled staff-profile publication; high person-level OpenAlex match; publication has DOI or year evidence.,,,,,10.1038/s41558-024-01943-1,,0,,,,,https://www.doi.org/10.1038/s41558-024-01943-1,,,Nature Climate Change,,,,,,,,1,1,[],{},staff_recent_publications_json
5,Charles Rahal,A5075497327,https://openalex.org/A5075497327,Charles Rahal,0.9,high,doi:10.1007/s00146-022-01540-w,The rise of machine learning in the academic social sciences,2022.0,2024-01-01,Charles Rahal,,,high,0.88,Bundled staff-profile publication; high person-level OpenAlex match; publication has DOI or year evidence.,,,,,10.1007/s00146-022-01540-w,,0,,,,,https://www.doi.org/10.1007/s00146-022-01540-w,,,AI &amp; SOCIETY,,,,,,,,1,1,[],{},staff_recent_publications_json
5,Charles Rahal,A5075497327,https://openalex.org/A5075497327,Charles Rahal,0.9,high,doi:10.1080/00324728.2021.1996624,Population studies at 75 years: an empirical review,2021.0,2021-01-01,Charles Rahal,,,high,0.88,Bundled staff-profile publication; high person-level OpenAlex match; publication has DOI or year evidence.,,,,,10.1080/00324728.2021.1996624,,0,,,,,https://www.doi.org/10.1080/00324728.2021.1996624,,,Population Studies,,,,,,,,1,1,[],{},staff_recent_publications_json
6,Douglas Leasure,A5068650951,https://openalex.org/A5068650951,Douglas Leasure,0.9,high,doi:10.20944/preprints202506.1625.v2,Advances in Small Area Population Estimation in the Absence of National Census Data,2025.0,2025-01-01,Douglas Leasure,,,high,0.88,Bundled staff-profile publication; high person-level OpenAlex match; publication has DOI or year evidence.,,,,,10.20944/preprints202506.1625.v2,,0,,,,,https://www.doi.org/10.20944/preprints202506.1625.v2,,,,,,,,,,,1,1,[],{},staff_recent_publications_json
6,Douglas Leasure,A5068650951,https://openalex.org/A5068650951,Douglas Leasure,0.9,high,doi:10.1073/pnas.2416624122,Mapping subnational gender gaps in internet and mobile adoption using social media data,2025.0,2025-01-01,Douglas Leasure,,,high,0.88,Bundled staff-profile publication; high person-level OpenAlex match; publication has DOI or year evidence.,,,,,10.1073/pnas.2416624122,,0,,,,,https://www.doi.org/10.1073/pnas.2416624122,,,Proceedings of the National Academy of Sciences,,,,,,,,1,1,[],{},staff_recent_publications_json
6,Douglas Leasure,A5068650951,https://openalex.org/A5068650951,Douglas Leasure,0.9,high,doi:10.1002/psp.70083,How Accurate Are High Resolution Settlement Maps at Predicting Population Counts in Data Scarce Settings?,2025.0,2025-01-01,Douglas Leasure,,,high,0.88,Bundled staff-profile publication; high person-level OpenAlex match; publication has DOI or year evidence.,,,,,10.1002/psp.70083,,0,,,,,https://www.doi.org/10.1002/psp.70083,,,Population,,,,,,,,1,1,[],{},staff_recent_publications_json
6,Douglas Leasure,A5068650951,https://openalex.org/A5068650951,Douglas Leasure,0.9,high,doi:10.20944/preprints202506.1625.v1,Advances in Small Area Population Estimation in the Absence of National Census Data,2025.0,2025-01-01,Douglas Leasure,,,high,0.88,Bundled staff-profile publication; high person-level OpenAlex match; publication has DOI or year evidence.,,,,,10.20944/preprints202506.1625.v1,,0,,,,,https://www.doi.org/10.20944/preprints202506.1625.v1,,,,,,,,,,,1,1,[],{},staff_recent_publications_json
6,Douglas Leasure,A5068650951,https://openalex.org/A5068650951,Douglas Leasure,0.9,high,doi:10.31219/osf.io/pz38h_v1,How accurate are high resolution settlement maps at predicting population counts in data scarce settings?,2025.0,2025-01-01,Douglas Leasure,,,high,0.88,Bundled staff-profile publication; high person-level OpenAlex match; publication has DOI or year evidence.,,,,,10.31219/osf.io/pz38h_v1,,0,,,,,https://www.doi.org/10.31219/osf.io/pz38h_v1,,,,,,,,,,,1,1,[],{},staff_recent_publications_json
6,Douglas Leasure,A5068650951,https://openalex.org/A5068650951,Douglas Leasure,0.9,high,doi:10.1016/j.scitotenv.2024.176118,Elemental composition and potential toxicity of the riverine macrophyte Podostemum ceratophyllum Michx. reflects land use in eastern North America,2024.0,2024-01-01,Douglas Leasure,,,high,0.88,Bundled staff-profile publication; high person-level OpenAlex match; publication has DOI or year evidence.,,,,,10.1016/j.scitotenv.2024.176118,,0,,,,,https://www.doi.org/10.1016/j.scitotenv.2024.176118,,,The Science of The Total Environment,,,,,,,,1,1,[],{},staff_recent_publications_json
6,Douglas Leasure,A5068650951,https://openalex.org/A5068650951,Douglas Leasure,0.9,high,doi:10.1177/20552076241298315,‘UPDATE: I’m pregnant!’: Inferring global downloads and reasons for using menstrual tracking apps,2024.0,2024-01-01,Douglas Leasure,,,high,0.88,Bundled staff-profile publication; high person-level OpenAlex match; publication has DOI or year evidence.,,,,,10.1177/20552076241298315,,0,,,,,https://www.doi.org/10.1177/20552076241298315,,,Digital Health,,,,,,,,1,1,[],{},staff_recent_publications_json
6,Douglas Leasure,A5068650951,https://openalex.org/A5068650951,Douglas Leasure,0.9,high,doi:10.1016/j.socscimed.2024.117159,Social capital mediates knowledge gaps in informing sexual and reproductive health behaviours across Africa,2024.0,2024-01-01,Douglas Leasure,,,high,0.88,Bundled staff-profile publication; high person-level OpenAlex match; publication has DOI or year evidence.,,,,,10.1016/j.socscimed.2024.117159,,0,,,,,https://www.doi.org/10.1016/j.socscimed.2024.117159,,,Social Science and Medicine,,,,,,,,1,1,[],{},staff_recent_publications_json
6,Douglas Leasure,A5068650951,https://openalex.org/A5068650951,Douglas Leasure,0.9,high,doi:10.1038/s41558-024-01965-9,Publisher Correction: Offshoring emissions through used vehicle exports,2024.0,2024-01-01,Douglas Leasure,,,high,0.88,Bundled staff-profile publication; high person-level OpenAlex match; publication has DOI or year evidence.,,,,,10.1038/s41558-024-01965-9,,0,,,,,https://www.doi.org/10.1038/s41558-024-01965-9,,,Nature Climate Change,,,,,,,,1,1,[],{},staff_recent_publications_json
6,Douglas Leasure,A5068650951,https://openalex.org/A5068650951,Douglas Leasure,0.9,high,doi:10.48550/arxiv.2402.13807,Offshoring Emissions through Used Vehicle Exports,2024.0,2024-01-01,Douglas Leasure,,,high,0.88,Bundled staff-profile publication; high person-level OpenAlex match; publication has DOI or year evidence.,,,,,10.48550/arxiv.2402.13807,,0,,,,,https://www.doi.org/10.48550/arxiv.2402.13807,,,,,,,,,,,1,1,[],{},staff_recent_publications_json
7,Joshua Wilde,A5064732601,https://openalex.org/A5064732601,Joshua Wilde,0.9,high,doi:10.1111/padr.70041,Editors’ Note on the December 2025 Issue,2025.0,2025-01-01,Joshua Wilde,,,high,0.88,Bundled staff-profile publication; high person-level OpenAlex match; publication has DOI or year evidence.,,,,,10.1111/padr.70041,,0,,,,,https://www.doi.org/10.1111/padr.70041,,,Population and Development Review,,,,,,,,1,1,[],{},staff_recent_publications_json
7,Joshua Wilde,A5064732601,https://openalex.org/A5064732601,Joshua Wilde,0.9,high,doi:10.1016/j.eclinm.2025.103303,Accounting for stillbirths in maternal health metrics: a cross-country analysis,2025.0,2025-01-01,Joshua Wilde,,,high,0.88,Bundled staff-profile publication; high person-level OpenAlex match; publication has DOI or year evidence.,,,,,10.1016/j.eclinm.2025.103303,,0,,,,,https://www.doi.org/10.1016/j.eclinm.2025.103303,,,EClinicalMedicine,,,,,,,,1,1,[],{},staff_recent_publications_json
7,Joshua Wilde,A5064732601,https://openalex.org/A5064732601,Joshua Wilde,0.9,high,doi:10.1111/padr.70002,"Editors’ Note on Looking Backward, Looking Forward: Celebrating 50 Years of Population and Development Review",2025.0,2025-01-01,Joshua Wilde,,,high,0.88,Bundled staff-profile publication; high person-level OpenAlex match; publication has DOI or year evidence.,,,,,10.1111/padr.70002,,0,,,,,https://www.doi.org/10.1111/padr.70002,,,,,,,,,,,1,1,[],{},staff_recent_publications_json
7,Joshua Wilde,A5064732601,https://openalex.org/A5064732601,Joshua Wilde,0.9,high,doi:10.1101/2025.10.21.25338487,Ambient air pollution and the sex ratio at birth: a systematic review and narrative synthesis,2025.0,2025-01-01,Joshua Wilde,,,high,0.88,Bundled staff-profile publication; high person-level OpenAlex match; publication has DOI or year evidence.,,,,,10.1101/2025.10.21.25338487,,0,,,,,https://www.doi.org/10.1101/2025.10.21.25338487,,,,,,,,,,,1,1,[],{},staff_recent_publications_json
7,Joshua Wilde,A5064732601,https://openalex.org/A5064732601,Joshua Wilde,0.9,high,doi:10.1111/padr.12704,"Senderowicz and Maloney (2022): comment, rejoinder, and erratum",2024.0,2024-01-01,Joshua Wilde,,,high,0.88,Bundled staff-profile publication; high person-level OpenAlex match; publication has DOI or year evidence.,,,,,10.1111/padr.12704,,0,,,,,https://www.doi.org/10.1111/padr.12704,,,Population and Development Review,,,,,,,,1,1,[],{},staff_recent_publications_json
7,Joshua Wilde,A5064732601,https://openalex.org/A5064732601,Joshua Wilde,0.9,high,doi:10.1111/padr.12703,Editors’ Note on the December 2024 Issue,2024.0,2024-01-01,Joshua Wilde,,,high,0.88,Bundled staff-profile publication; high person-level OpenAlex match; publication has DOI or year evidence.,,,,,10.1111/padr.12703,,0,,,,,https://www.doi.org/10.1111/padr.12703,,,Population and Development Review,,,,,,,,1,1,[],{},staff_recent_publications_json
7,Joshua Wilde,A5064732601,https://openalex.org/A5064732601,Joshua Wilde,0.9,high,doi:10.1111/padr.12690,Economic Foundations of Contraceptive Transitions: Theories and a Review of the Evidence,2024.0,2024-01-01,Joshua Wilde,,,high,0.88,Bundled staff-profile publication; high person-level OpenAlex match; publication has DOI or year evidence.,,,,,10.1111/padr.12690,,0,,,,,https://www.doi.org/10.1111/padr.12690,,,,,,,,,,,1,1,[],{},staff_recent_publications_json
7,Joshua Wilde,A5064732601,https://openalex.org/A5064732601,Joshua Wilde,0.9,high,doi:10.1080/00324728.2024.2382152,Temperature and fertility: Evidence from Spain,2024.0,2024-01-01,Joshua Wilde,,,high,0.88,Bundled staff-profile publication; high person-level OpenAlex match; publication has DOI or year evidence.,,,,,10.1080/00324728.2024.2382152,,0,,,,,https://www.doi.org/10.1080/00324728.2024.2382152,,,Population Studies,,,,,,,,1,1,[],{},staff_recent_publications_json
7,Joshua Wilde,A5064732601,https://openalex.org/A5064732601,Joshua Wilde,0.9,high,doi:10.1111/padr.12648,Fertility and Family Dynamics in the Aftermath of the COVID‐19 Pandemic,2024.0,2024-01-01,Joshua Wilde,,,high,0.88,Bundled staff-profile publication; high person-level OpenAlex match; publication has DOI or year evidence.,,,,,10.1111/padr.12648,,0,,,,,https://www.doi.org/10.1111/padr.12648,,,Population and Development Review,,,,,,,,1,1,[],{},staff_recent_publications_json
7,Joshua Wilde,A5064732601,https://openalex.org/A5064732601,Joshua Wilde,0.9,high,doi:10.1111/padr.12647,Digital Trace Data and Demographic Forecasting: How Well Did Google Predict the US COVID‐19 Baby Bust?,2024.0,2024-01-01,Joshua Wilde,,,high,0.88,Bundled staff-profile publication; high person-level OpenAlex match; publication has DOI or year evidence.,,,,,10.1111/padr.12647,,0,,,,,https://www.doi.org/10.1111/padr.12647,,,Population and Development Review,,,,,,,,1,1,[],{},staff_recent_publications_json
8,José Manuel Aburto,A5125102852,https://openalex.org/A5125102852,José Manuel Aburto,0.72,medium,doi:10.4054/demres.2024.50.24,How lifespan and life years lost equate to unity,2024.0,2024-01-01,José Manuel Aburto,,,medium,0.7,Bundled staff-profile publication; person-level match is credible but paper-level OpenAlex affiliation evidence is not available in the snapshot cache.,,,,,10.4054/demres.2024.50.24,,0,,,,,https://www.doi.org/10.4054/demres.2024.50.24,,,Demographic Research,,,,,,,,1,1,[],{},staff_recent_publications_json
8,José Manuel Aburto,A5125102852,https://openalex.org/A5125102852,José Manuel Aburto,0.72,medium,doi:10.1080/00324728.2023.2222723,Contributions of age groups and causes of death to the sex gap in lifespan variation in Europe,2023.0,2023-01-01,José Manuel Aburto,,,medium,0.7,Bundled staff-profile publication; person-level match is credible but paper-level OpenAlex affiliation evidence is not available in the snapshot cache.,,,,,10.1080/00324728.2023.2222723,,0,,,,,https://www.doi.org/10.1080/00324728.2023.2222723,,,Population Studies,,,,,,,,1,1,[],{},staff_recent_publications_json
8,José Manuel Aburto,A5125102852,https://openalex.org/A5125102852,José Manuel Aburto,0.72,medium,doi:10.2105/ajph.2023.307332,The gap between US and best practice life expectancy is increasing,2023.0,2023-01-01,José Manuel Aburto,,,medium,0.7,Bundled staff-profile publication; person-level match is credible but paper-level OpenAlex affiliation evidence is not available in the snapshot cache.,,,,,10.2105/ajph.2023.307332,,0,,,,,https://www.doi.org/10.2105/AJPH.2023.307332,,,American Journal of Public Health,,,,,,,,1,1,[],{},staff_recent_publications_json
8,José Manuel Aburto,A5125102852,https://openalex.org/A5125102852,José Manuel Aburto,0.72,medium,doi:10.1136/jech-2023-220385,Reversals in past long-term trends in educational inequalities in life expectancy for selected European countries,2023.0,2023-01-01,José Manuel Aburto,,,medium,0.7,Bundled staff-profile publication; person-level match is credible but paper-level OpenAlex affiliation evidence is not available in the snapshot cache.,,,,,10.1136/jech-2023-220385,,0,,,,,https://www.doi.org/10.1136/jech-2023-220385,,,Journal of Epidemiology and Community Health,,,,,,,,1,1,[],{},staff_recent_publications_json
8,José Manuel Aburto,A5125102852,https://openalex.org/A5125102852,José Manuel Aburto,0.72,medium,doi:10.1126/sciadv.add9038,A global assessment of the impact of violence on lifetime uncertainty,2023.0,2023-01-01,José Manuel Aburto,,,medium,0.7,Bundled staff-profile publication; person-level match is credible but paper-level OpenAlex affiliation evidence is not available in the snapshot cache.,,,,,10.1126/sciadv.add9038,,0,,,,,https://www.doi.org/10.1126/sciadv.add9038,,,Science Advances,,,,,,,,1,1,[],{},staff_recent_publications_json
8,José Manuel Aburto,A5125102852,https://openalex.org/A5125102852,José Manuel Aburto,0.72,medium,doi:10.1038/s41598-022-26907-3,Evaluation of age-specific causes of death in the context of the Italian longevity transition,2022.0,2022-01-01,José Manuel Aburto,,,medium,0.7,Bundled staff-profile publication; person-level match is credible but paper-level OpenAlex affiliation evidence is not available in the snapshot cache.,,,,,10.1038/s41598-022-26907-3,,0,,,,,https://www.doi.org/10.1038/s41598-022-26907-3,,,Scientific reports,,,,,,,,1,1,[],{},staff_recent_publications_json
8,José Manuel Aburto,A5125102852,https://openalex.org/A5125102852,José Manuel Aburto,0.72,medium,doi:10.1038/s41562-022-01450-3,Life expectancy changes since COVID-19,2022.0,2022-01-01,José Manuel Aburto,,,medium,0.7,Bundled staff-profile publication; person-level match is credible but paper-level OpenAlex affiliation evidence is not available in the snapshot cache.,,,,,10.1038/s41562-022-01450-3,,0,,,,,https://www.doi.org/10.1038/s41562-022-01450-3,,,Nature Human Behaviour,,,,,,,,1,1,[],{},staff_recent_publications_json
8,José Manuel Aburto,A5125102852,https://openalex.org/A5125102852,José Manuel Aburto,0.72,medium,doi:10.1093/ije/dyac184,Socio-demographic inequalities and excess non-COVID-19 mortality during the COVID-19 pandemic: a data-driven analysis of 1 069 174 death certificates in Mexico,2022.0,2022-01-01,José Manuel Aburto,,,medium,0.7,Bundled staff-profile publication; person-level match is credible but paper-level OpenAlex affiliation evidence is not available in the snapshot cache.,,,,,10.1093/ije/dyac184,,0,,,,,https://www.doi.org/10.1093/ije/dyac184,,,International Journal of Epidemiology,,,,,,,,1,1,[],{},staff_recent_publications_json
8,José Manuel Aburto,A5125102852,https://openalex.org/A5125102852,José Manuel Aburto,0.72,medium,doi:10.1016/j.tpb.2022.08.003,Drewnowski’s index to measure lifespan variation: revisiting the Gini coefficient of the life table,2022.0,2022-01-01,José Manuel Aburto,,,medium,0.7,Bundled staff-profile publication; person-level match is credible but paper-level OpenAlex affiliation evidence is not available in the snapshot cache.,,,,,10.1016/j.tpb.2022.08.003,,0,,,,,https://www.doi.org/10.1016/j.tpb.2022.08.003,,,Theoretical Population Biology,,,,,,,,1,1,[],{},staff_recent_publications_json
8,José Manuel Aburto,A5125102852,https://openalex.org/A5125102852,José Manuel Aburto,0.72,medium,doi:10.1073/pnas.2205813119,Significant impacts of the COVID-19 pandemic on race/ethnic differences in US mortality,2022.0,2022-01-01,José Manuel Aburto,,,medium,0.7,Bundled staff-profile publication; person-level match is credible but paper-level OpenAlex affiliation evidence is not available in the snapshot cache.,,,,,10.1073/pnas.2205813119,,0,,,,,https://www.doi.org/10.1073/pnas.2205813119,,,Proceedings of the National Academy of Sciences,,,,,,,,1,1,[],{},staff_recent_publications_json
10,Andrea Tilstra,A5037746846,https://openalex.org/A5037746846,Andrea Tilstra,0.9,high,doi:10.31235/osf.io/bu92v_v1,Mortality Patterns in the Intersex Population,2026.0,2026-01-01,Andrea Tilstra,,,high,0.88,Bundled staff-profile publication; high person-level OpenAlex match; publication has DOI or year evidence.,,,,,10.31235/osf.io/bu92v_v1,,0,,,,,https://www.doi.org/10.31235/osf.io/bu92v_v1,,,,,,,,,,,1,1,[],{},staff_recent_publications_json
10,Andrea Tilstra,A5037746846,https://openalex.org/A5037746846,Andrea Tilstra,0.9,high,doi:10.31235/osf.io/hney5_v1,"Marital Separation, BMI Decline, and the Myth of the Revenge Body",2025.0,2025-01-01,Andrea Tilstra,,,high,0.88,Bundled staff-profile publication; high person-level OpenAlex match; publication has DOI or year evidence.,,,,,10.31235/osf.io/hney5_v1,,0,,,,,https://www.doi.org/10.31235/osf.io/hney5_v1,,,,,,,,,,,1,1,[],{},staff_recent_publications_json
10,Andrea Tilstra,A5037746846,https://openalex.org/A5037746846,Andrea Tilstra,0.9,high,doi:10.1177/00221465251320079,"Breaking bonds, changing habits: understanding health behaviors during and after marital dissolution",2025.0,2025-01-01,Andrea Tilstra,,,high,0.88,Bundled staff-profile publication; high person-level OpenAlex match; publication has DOI or year evidence.,,,,,10.1177/00221465251320079,,0,,,,,https://www.doi.org/10.1177/00221465251320079,,,,,,,,,,,1,1,[],{},staff_recent_publications_json
10,Andrea Tilstra,A5037746846,https://openalex.org/A5037746846,Andrea Tilstra,0.9,high,doi:10.1111/padr.12687,Progress Stalled? The Uncertain Future of Mortality in High‐Income Countries,2024.0,2024-01-01,Andrea Tilstra,,,high,0.88,Bundled staff-profile publication; high person-level OpenAlex match; publication has DOI or year evidence.,,,,,10.1111/padr.12687,,0,,,,,https://www.doi.org/10.1111/padr.12687,,,,,,,,,,,1,1,[],{},staff_recent_publications_json
10,Andrea Tilstra,A5037746846,https://openalex.org/A5037746846,Andrea Tilstra,0.9,high,doi:10.1093/ije/dyae127,Midlife health in Britain and the United States: a comparison of two nationally representative cohorts,2024.0,2024-01-01,Andrea Tilstra,,,high,0.88,Bundled staff-profile publication; high person-level OpenAlex match; publication has DOI or year evidence.,,,,,10.1093/ije/dyae127,,0,,,,,https://www.doi.org/10.1093/ije/dyae127,,,International Journal of Epidemiology,,,,,,,,1,1,[],{},staff_recent_publications_json
10,Andrea Tilstra,A5037746846,https://openalex.org/A5037746846,Andrea Tilstra,0.9,high,doi:10.31235/osf.io/caswv,Why is life expectancy in England and Wales falling behind? A cause-of-death decomposition approach.,2024.0,2024-01-01,Andrea Tilstra,,,high,0.88,Bundled staff-profile publication; high person-level OpenAlex match; publication has DOI or year evidence.,,,,,10.31235/osf.io/caswv,,0,,,,,https://www.doi.org/10.31235/osf.io/caswv,,,,,,,,,,,1,1,[],{},staff_recent_publications_json
10,Andrea Tilstra,A5037746846,https://openalex.org/A5037746846,Andrea Tilstra,0.9,high,doi:10.1093/pnasnexus/pgae058,"The impact of early death on birth counts in the United States, 1950 to 2019",2024.0,2024-01-01,Andrea Tilstra,,,high,0.88,Bundled staff-profile publication; high person-level OpenAlex match; publication has DOI or year evidence.,,,,,10.1093/pnasnexus/pgae058,,0,,,,,https://www.doi.org/10.1093/pnasnexus/pgae058,,,PNAS Nexus,,,,,,,,1,1,[],{},staff_recent_publications_json
10,Andrea Tilstra,A5037746846,https://openalex.org/A5037746846,Andrea Tilstra,0.9,high,doi:10.31235/osf.io/h8w53,"Breaking Bonds, Changing Habits: Understanding Health Behaviors during and after Marital Dissolution",2024.0,2024-01-01,Andrea Tilstra,,,high,0.88,Bundled staff-profile publication; high person-level OpenAlex match; publication has DOI or year evidence.,,,,,10.31235/osf.io/h8w53,,0,,,,,https://www.doi.org/10.31235/osf.io/h8w53,,,,,,,,,,,1,1,[],{},staff_recent_publications_json
10,Andrea Tilstra,A5037746846,https://openalex.org/A5037746846,Andrea Tilstra,0.9,high,doi:10.1093/ije/dyae024,US exceptionalism? International trends in midlife mortality,2024.0,2024-01-01,Andrea Tilstra,,,high,0.88,Bundled staff-profile publication; high person-level OpenAlex match; publication has DOI or year evidence.,,,,,10.1093/ije/dyae024,,0,,,,,https://www.doi.org/10.1093/ije/dyae024,,,International Journal of Epidemiology,,,,,,,,1,1,[],{},staff_recent_publications_json
10,Andrea Tilstra,A5037746846,https://openalex.org/A5037746846,Andrea Tilstra,0.9,high,doi:10.1038/s41467-024-46582-4,Projecting the long-term effects of the COVID-19 pandemic on U.S. population structure,2024.0,2024-01-01,Andrea Tilstra,,,high,0.88,Bundled staff-profile publication; high person-level OpenAlex match; publication has DOI or year evidence.,,,,,10.1038/s41467-024-46582-4,,0,,,,,https://www.doi.org/10.1038/s41467-024-46582-4,,,Nature Communications,,,,,,,,1,1,[],{},staff_recent_publications_json
11,Thomas Rawson,A5049683887,https://openalex.org/A5049683887,Thomas Rawson,0.9,high,doi:10.1038/s43247-025-03153-9,An outbreak of highly pathogenic avian influenza H5N1 could impact the dairy cattle sector and the broader economy in the United States,2026.0,2026-01-01,Thomas Rawson,,,high,0.88,Bundled staff-profile publication; high person-level OpenAlex match; publication has DOI or year evidence.,,,,,10.1038/s43247-025-03153-9,,0,,,,,https://www.doi.org/10.1038/s43247-025-03153-9,,,,,,,,,,,1,1,[],{},staff_recent_publications_json
11,Thomas Rawson,A5049683887,https://openalex.org/A5049683887,Thomas Rawson,0.9,high,doi:10.1016/j.lanmic.2025.101144,Severe acute respiratory syndrome (SARS) mathematical models and disease parameters: a systematic review,2025.0,2025-01-01,Thomas Rawson,,,high,0.88,Bundled staff-profile publication; high person-level OpenAlex match; publication has DOI or year evidence.,,,,,10.1016/j.lanmic.2025.101144,,0,,,,,https://www.doi.org/10.1016/j.lanmic.2025.101144,,,The Lancet Microbe,,,,,,,,1,1,[],{},staff_recent_publications_json
11,Thomas Rawson,A5049683887,https://openalex.org/A5049683887,Thomas Rawson,0.9,high,doi:10.1126/sciadv.adu8678,Socioeconomic and temporal heterogeneity in SARS-CoV-2 exposure and disease in England from May 2020 to February 2023,2025.0,2025-01-01,Thomas Rawson,,,high,0.88,Bundled staff-profile publication; high person-level OpenAlex match; publication has DOI or year evidence.,,,,,10.1126/sciadv.adu8678,,0,,,,,https://www.doi.org/10.1126/sciadv.adu8678,,,Science Advances,,,,,,,,1,1,[],{},staff_recent_publications_json
11,Thomas Rawson,A5049683887,https://openalex.org/A5049683887,Thomas Rawson,0.9,high,doi:10.1038/s41467-025-59554-z,A mathematical model of H5N1 influenza transmission in US dairy cattle,2025.0,2025-01-01,Thomas Rawson,,,high,0.88,Bundled staff-profile publication; high person-level OpenAlex match; publication has DOI or year evidence.,,,,,10.1038/s41467-025-59554-z,,0,,,,,https://www.doi.org/10.1038/s41467-025-59554-z,,,Nature Communications,,,,,,,,1,1,[],{},staff_recent_publications_json
11,Thomas Rawson,A5049683887,https://openalex.org/A5049683887,Thomas Rawson,0.9,high,doi:10.1093/jacamr/dlaf088,Associations between antibiotic consumption intensity and extended-spectrum cephalosporin resistance in nursing homes: a retrospective ecological study,2025.0,2025-01-01,Thomas Rawson,,,high,0.88,Bundled staff-profile publication; high person-level OpenAlex match; publication has DOI or year evidence.,,,,,10.1093/jacamr/dlaf088,,0,,,,,https://www.doi.org/10.1093/jacamr/dlaf088,,,JAC-Antimicrobial Resistance,,,,,,,,1,1,[],{},staff_recent_publications_json
11,Thomas Rawson,A5049683887,https://openalex.org/A5049683887,Thomas Rawson,0.9,high,doi:10.1016/s2214-109x(24)00379-6,"Lassa fever outbreaks, mathematical models, and disease parameters: a systematic review and meta-analysis",2024.0,2024-01-01,Thomas Rawson,,,high,0.88,Bundled staff-profile publication; high person-level OpenAlex match; publication has DOI or year evidence.,,,,,10.1016/s2214-109x(24)00379-6,,0,,,,,https://www.doi.org/10.1016/s2214-109x(24)00379-6,,,The Lancet Global Health,,,,,,,,1,1,[],{},staff_recent_publications_json
11,Thomas Rawson,A5049683887,https://openalex.org/A5049683887,Thomas Rawson,0.9,high,doi:10.1016/s1473-3099(24)00374-8,Ebola virus disease mathematical models and epidemiological parameters: a systematic review,2024.0,2024-01-01,Thomas Rawson,,,high,0.88,Bundled staff-profile publication; high person-level OpenAlex match; publication has DOI or year evidence.,,,,,10.1016/s1473-3099(24)00374-8,,0,,,,,https://www.doi.org/10.1016/s1473-3099(24)00374-8,,,The Lancet Infectious Diseases,,,,,,,,1,1,[],{},staff_recent_publications_json
11,Thomas Rawson,A5049683887,https://openalex.org/A5049683887,Thomas Rawson,0.9,high,doi:10.3389/fepid.2024.1308974,Optimal approaches for COVID-19 control: the use of vaccines and lockdowns across societal groups,2024.0,2024-01-01,Thomas Rawson,,,high,0.88,Bundled staff-profile publication; high person-level OpenAlex match; publication has DOI or year evidence.,,,,,10.3389/fepid.2024.1308974,,0,,,,,https://www.doi.org/10.3389/fepid.2024.1308974,,,Frontiers in Epidemiology,,,,,,,,1,1,[],{},staff_recent_publications_json
11,Thomas Rawson,A5049683887,https://openalex.org/A5049683887,Thomas Rawson,0.9,high,doi:10.1371/journal.pcbi.1012141,The impact of health inequity on spatial variation of COVID-19 transmission in England,2024.0,2024-01-01,Thomas Rawson,,,high,0.88,Bundled staff-profile publication; high person-level OpenAlex match; publication has DOI or year evidence.,,,,,10.1371/journal.pcbi.1012141,,0,,,,,https://www.doi.org/10.1371/journal.pcbi.1012141,,,PLOS Computational Biology,,,,,,,,1,1,[],{},staff_recent_publications_json
11,Thomas Rawson,A5049683887,https://openalex.org/A5049683887,Thomas Rawson,0.9,high,doi:10.1038/s41467-023-44062-9,Author Correction: Epidemiological drivers of transmissibility and severity of SARS-CoV-2 in England,2023.0,2023-01-01,Thomas Rawson,,,high,0.88,Bundled staff-profile publication; high person-level OpenAlex match; publication has DOI or year evidence.,,,,,10.1038/s41467-023-44062-9,,0,,,,,https://www.doi.org/10.1038/s41467-023-44062-9,,,Nature Communications,,,,,,,,1,1,[],{},staff_recent_publications_json
12,Andrea Aparicio Castro,A5009308391,https://openalex.org/A5009308391,Andrea Aparicio Castro,0.45,low,doi:10.1177/01979183251352404,"Estimating and Conditional Forecasting Bilateral Migration Flows Between South America and Europe, 1985–2050",2025.0,2025-01-01,Andrea Aparicio Castro,,,low,0.48,Bundled staff-profile publication with weak or missing person/paper evidence.,,,,,10.1177/01979183251352404,,0,,,,,https://www.doi.org/10.1177/01979183251352404,,,,,,,,,,,1,1,[],{},staff_recent_publications_json
12,Andrea Aparicio Castro,A5009308391,https://openalex.org/A5009308391,Andrea Aparicio Castro,0.45,low,doi:10.1093/jrsssa/qnad127,A Bayesian approach to estimate annual bilateral migration flows for South America using census data,2024.0,2024-01-01,Andrea Aparicio Castro,,,low,0.48,Bundled staff-profile publication with weak or missing person/paper evidence.,,,,,10.1093/jrsssa/qnad127,,0,,,,,https://www.doi.org/10.1093/jrsssa/qnad127,,,Journal of the Royal Statistical Society Series A: Statistics in Society,,,,,,,,1,1,[],{},staff_recent_publications_json
12,Andrea Aparicio Castro,A5009308391,https://openalex.org/A5009308391,Andrea Aparicio Castro,0.45,low,doi:10.3389/fsoc.2023.1139258,The economic impact of the COVID-19 pandemic on ethnic minorities in Manchester: lessons from the early stage of the pandemic.,2023.0,2023-01-01,Andrea Aparicio Castro,,,low,0.48,Bundled staff-profile publication with weak or missing person/paper evidence.,,,,,10.3389/fsoc.2023.1139258,,0,,,,,https://www.doi.org/10.3389/fsoc.2023.1139258,,,Frontiers in sociology,,,,,,,,1,1,[],{},staff_recent_publications_json
12,Andrea Aparicio Castro,A5009308391,https://openalex.org/A5009308391,Andrea Aparicio Castro,0.45,low,doi:10.1186/s12879-021-06371-6,Hospital length of stay for COVID-19 patients: Data-driven methods for forward planning,2021.0,2021-01-01,Andrea Aparicio Castro,,,low,0.48,Bundled staff-profile publication with weak or missing person/paper evidence.,,,,,10.1186/s12879-021-06371-6,,0,,,,,https://www.doi.org/10.1186/s12879-021-06371-6,,,BMC Infectious Diseases,,,,,,,,1,1,[],{},staff_recent_publications_json
12,Andrea Aparicio Castro,A5009308391,https://openalex.org/A5009308391,Andrea Aparicio Castro,0.45,low,doi:10.23889/ijpds.v5i4.1411,"Length of Stay in ICU of Covid-19 Patients in England, March - May 2020",2021.0,2021-01-01,Andrea Aparicio Castro,,,low,0.48,Bundled staff-profile publication with weak or missing person/paper evidence.,,,,,10.23889/ijpds.v5i4.1411,,0,,,,,https://www.doi.org/10.23889/ijpds.v5i4.1411,,,International Journal for Population Data Science,,,,,,,,1,1,[],{},staff_recent_publications_json
12,Andrea Aparicio Castro,A5009308391,https://openalex.org/A5009308391,Andrea Aparicio Castro,0.45,low,doi:10.21203/rs.3.rs-56855/v1,Hospital Length of Stay For COVID-19 Patients: Data-Driven Methods for Forward Planning,2020.0,2020-01-01,Andrea Aparicio Castro,,,low,0.48,Bundled staff-profile publication with weak or missing person/paper evidence.,,,,,10.21203/rs.3.rs-56855/v1,,0,,,,,https://www.doi.org/10.21203/rs.3.rs-56855/v1,,,,,,,,,,,1,1,[],{},staff_recent_publications_json
12,Andrea Aparicio Castro,A5009308391,https://openalex.org/A5009308391,Andrea Aparicio Castro,0.45,low,doi:10.15446/rcs.v38n2.54885,De cómo los lugares con contextos dominados por la desigualdad vuelven ineficaces las labores de las instituciones del Estado,2015.0,2015-01-01,Andrea Aparicio Castro,,,low,0.48,Bundled staff-profile publication with weak or missing person/paper evidence.,,,,,10.15446/rcs.v38n2.54885,,0,,,,,https://www.doi.org/10.15446/rcs.v38n2.54885,,,Revista Colombiana de Sociología,,,,,,,,1,1,[],{},staff_recent_publications_json
12,Andrea Aparicio Castro,A5009308391,https://openalex.org/A5009308391,Andrea Aparicio Castro,0.45,low,doi:10.2139/ssrn.3949593,The Economic Impact of the COVID-19 Pandemic on Ethnic Minorities in Manchester,,,Andrea Aparicio Castro,,,low,0.48,Bundled staff-profile publication with weak or missing person/paper evidence.,,,,,10.2139/ssrn.3949593,,0,,,,,https://www.doi.org/10.2139/ssrn.3949593,,,,,,,,,,,1,1,[],{},staff_recent_publications_json
14,Morten Kjær Thomsen,A5035652277,https://openalex.org/A5035652277,Morten Kjær Thomsen,0.72,medium,doi:10.31235/osf.io/bu92v_v1,Mortality Patterns in the Intersex Population,2026.0,2026-01-01,Morten Kjær Thomsen,,,medium,0.7,Bundled staff-profile publication; person-level match is credible but paper-level OpenAlex affiliation evidence is not available in the snapshot cache.,,,,,10.31235/osf.io/bu92v_v1,,0,,,,,https://www.doi.org/10.31235/osf.io/bu92v_v1,,,,,,,,,,,1,1,[],{},staff_recent_publications_json
14,Morten Kjær Thomsen,A5035652277,https://openalex.org/A5035652277,Morten Kjær Thomsen,0.72,medium,doi:10.1016/j.socscimed.2024.117182,Transgender lives at the population level: evidence from Danish administrative data,2024.0,2024-01-01,Morten Kjær Thomsen,,,medium,0.7,Bundled staff-profile publication; person-level match is credible but paper-level OpenAlex affiliation evidence is not available in the snapshot cache.,,,,,10.1016/j.socscimed.2024.117182,,0,,,,,https://www.doi.org/10.1016/j.socscimed.2024.117182,,,Social Science and Medicine,,,,,,,,1,1,[],{},staff_recent_publications_json
17,Ursula Gazeley,A5036734767,https://openalex.org/A5036734767,Ursula Gazeley,0.9,high,doi:10.1016/j.eclinm.2025.103303,Accounting for stillbirths in maternal health metrics: a cross-country analysis,2025.0,2025-01-01,Ursula Gazeley,,,high,0.88,Bundled staff-profile publication; high person-level OpenAlex match; publication has DOI or year evidence.,,,,,10.1016/j.eclinm.2025.103303,,0,,,,,https://www.doi.org/10.1016/j.eclinm.2025.103303,,,EClinicalMedicine,,,,,,,,1,1,[],{},staff_recent_publications_json
17,Ursula Gazeley,A5036734767,https://openalex.org/A5036734767,Ursula Gazeley,0.9,high,doi:10.1101/2025.05.20.25328051,Evolution of Life Expectancy and Lifespan Variation in Sub-Saharan Africa,2025.0,2025-01-01,Ursula Gazeley,,,high,0.88,Bundled staff-profile publication; high person-level OpenAlex match; publication has DOI or year evidence.,,,,,10.1101/2025.05.20.25328051,,0,,,,,https://www.doi.org/10.1101/2025.05.20.25328051,,,,,,,,,,,1,1,[],{},staff_recent_publications_json
17,Ursula Gazeley,A5036734767,https://openalex.org/A5036734767,Ursula Gazeley,0.9,high,doi:10.1101/2025.10.21.25338487,Ambient air pollution and the sex ratio at birth: a systematic review and narrative synthesis,2025.0,2025-01-01,Ursula Gazeley,,,high,0.88,Bundled staff-profile publication; high person-level OpenAlex match; publication has DOI or year evidence.,,,,,10.1101/2025.10.21.25338487,,0,,,,,https://www.doi.org/10.1101/2025.10.21.25338487,,,,,,,,,,,1,1,[],{},staff_recent_publications_json
17,Ursula Gazeley,A5036734767,https://openalex.org/A5036734767,Ursula Gazeley,0.9,high,doi:10.1016/s2214-109x(24)00322-x,"The lifetime risk of maternal near miss morbidity in Asia, Africa, the Middle East, and Latin America: a cross-country systematic analysis",2024.0,2024-01-01,Ursula Gazeley,,,high,0.88,Bundled staff-profile publication; high person-level OpenAlex match; publication has DOI or year evidence.,,,,,10.1016/s2214-109x(24)00322-x,,0,,,,,https://www.doi.org/10.1016/s2214-109x(24)00322-x,,,Lancet Global Health,,,,,,,,1,1,[],{},staff_recent_publications_json
17,Ursula Gazeley,A5036734767,https://openalex.org/A5036734767,Ursula Gazeley,0.9,high,doi:10.1371/journal.pgph.0003432,mHealth interventions for postpartum family planning in LMICs: A realist review,2024.0,2024-01-01,Ursula Gazeley,,,high,0.88,Bundled staff-profile publication; high person-level OpenAlex match; publication has DOI or year evidence.,,,,,10.1371/journal.pgph.0003432,,0,,,,,https://www.doi.org/10.1371/journal.pgph.0003432,,,PLOS Global Public Health,,,,,,,,1,1,[],{},staff_recent_publications_json
17,Ursula Gazeley,A5036734767,https://openalex.org/A5036734767,Ursula Gazeley,0.9,high,doi:10.1136/bmjgh-2023-014821,"Postpartum recovery after severe maternal morbidity in Kilifi, Kenya: a grounded theory of recovery trajectories beyond 42 days",2024.0,2024-01-01,Ursula Gazeley,,,high,0.88,Bundled staff-profile publication; high person-level OpenAlex match; publication has DOI or year evidence.,,,,,10.1136/bmjgh-2023-014821,,0,,,,,https://www.doi.org/10.1136/bmjgh-2023-014821,,,BMJ Global Health,,,,,,,,1,1,[],{},staff_recent_publications_json
17,Ursula Gazeley,A5036734767,https://openalex.org/A5036734767,Ursula Gazeley,0.9,high,doi:10.1093/ije/dyad169,Lifetime risk of maternal near miss morbidity: a novel indicator of maternal health,2024.0,2024-01-01,Ursula Gazeley,,,high,0.88,Bundled staff-profile publication; high person-level OpenAlex match; publication has DOI or year evidence.,,,,,10.1093/ije/dyad169,,0,,,,,https://www.doi.org/10.1093/ije/dyad169,,,International Journal of Epidemiology,,,,,,,,1,1,[],{},staff_recent_publications_json
17,Ursula Gazeley,A5036734767,https://openalex.org/A5036734767,Ursula Gazeley,0.9,high,doi:10.1101/2024.03.26.24304883,"The Lifetime Risk of Maternal Near Miss morbidity in Asia, Africa, the Middle East, and Latin America: a cross-country systematic analysis",2024.0,2024-01-01,Ursula Gazeley,,,high,0.88,Bundled staff-profile publication; high person-level OpenAlex match; publication has DOI or year evidence.,,,,,10.1101/2024.03.26.24304883,,0,,,,,https://www.doi.org/10.1101/2024.03.26.24304883,,,,,,,,,,,1,1,[],{},staff_recent_publications_json
17,Ursula Gazeley,A5036734767,https://openalex.org/A5036734767,Ursula Gazeley,0.9,high,doi:10.1111/1471-0528.17606,Pregnancy‐related mortality up to 1 year postpartum in sub‐Saharan Africa: an analysis of verbal autopsy data from six countries,2024.0,2024-01-01,Ursula Gazeley,,,high,0.88,Bundled staff-profile publication; high person-level OpenAlex match; publication has DOI or year evidence.,,,,,10.1111/1471-0528.17606,,0,,,,,https://www.doi.org/10.1111/1471-0528.17606,,,BJOG An International Journal of Obstetrics & Gynaecology,,,,,,,,1,1,[],{},staff_recent_publications_json
17,Ursula Gazeley,A5036734767,https://openalex.org/A5036734767,Ursula Gazeley,0.9,high,doi:10.1136/bmjph-2023-000019,Burden and causes of pregnancy-related mortality in The Gambia: evidence from census and health and demographic surveillance data,2023.0,2023-01-01,Ursula Gazeley,,,high,0.88,Bundled staff-profile publication; high person-level OpenAlex match; publication has DOI or year evidence.,,,,,10.1136/bmjph-2023-000019,,0,,,,,https://www.doi.org/10.1136/bmjph-2023-000019,,,BMJ Public Health,,,,,,,,1,1,[],{},staff_recent_publications_json
18,Aasli Abdi Nur,A5114732139,https://openalex.org/A5114732139,Aasli Abdi Nur,0.72,medium,doi:10.1111/padr.70001,"Fifty years of Population and Development Review: shifting research themes, authorship, and academic impact in comparative perspective",2025.0,2025-01-01,Aasli Abdi Nur,,,medium,0.7,Bundled staff-profile publication; person-level match is credible but paper-level OpenAlex affiliation evidence is not available in the snapshot cache.,,,,,10.1111/padr.70001,,0,,,,,https://www.doi.org/10.1111/padr.70001,,,Population and Development Review,,,,,,,,1,1,[],{},staff_recent_publications_json
18,Aasli Abdi Nur,A5114732139,https://openalex.org/A5114732139,Aasli Abdi Nur,0.72,medium,doi:10.1186/s12978-024-01899-7,Who actualizes postpartum contraceptive intentions? A trajectory cluster analysis,2024.0,2024-01-01,Aasli Abdi Nur,,,medium,0.7,Bundled staff-profile publication; person-level match is credible but paper-level OpenAlex affiliation evidence is not available in the snapshot cache.,,,,,10.1186/s12978-024-01899-7,,0,,,,,https://www.doi.org/10.1186/s12978-024-01899-7,,,Reproductive Health,,,,,,,,1,1,[],{},staff_recent_publications_json
18,Aasli Abdi Nur,A5114732139,https://openalex.org/A5114732139,Aasli Abdi Nur,0.72,medium,doi:10.1080/13645579.2023.2229651,Managing and minimizing online survey questionnaire fraud: lessons from the Triple C project,2024.0,2024-01-01,Aasli Abdi Nur,,,medium,0.7,Bundled staff-profile publication; person-level match is credible but paper-level OpenAlex affiliation evidence is not available in the snapshot cache.,,,,,10.1080/13645579.2023.2229651,,0,,,,,https://www.doi.org/10.1080/13645579.2023.2229651,,,International Journal of Social Research Methodology,,,,,,,,1,1,[],{},staff_recent_publications_json
18,Aasli Abdi Nur,A5114732139,https://openalex.org/A5114732139,Aasli Abdi Nur,0.72,medium,doi:10.7189/jogh.12.05049,"Drivers of COVID-19 policy stringency in 175 countries and territories: COVID-19 cases and deaths, gross domestic products per capita, and health expenditures",2022.0,2022-01-01,Aasli Abdi Nur,,,medium,0.7,Bundled staff-profile publication; person-level match is credible but paper-level OpenAlex affiliation evidence is not available in the snapshot cache.,,,,,10.7189/jogh.12.05049,,0,,,,,https://www.doi.org/10.7189/jogh.12.05049,,,Journal of Global Health,,,,,,,,1,1,[],{},staff_recent_publications_json
18,Aasli Abdi Nur,A5114732139,https://openalex.org/A5114732139,Aasli Abdi Nur,0.72,medium,doi:10.1136/bmjgh-2020-004450,Behaviour adoption approaches during public health emergencies: implications for the COVID-19 pandemic and beyond,2021.0,2021-01-01,Aasli Abdi Nur,,,medium,0.7,Bundled staff-profile publication; person-level match is credible but paper-level OpenAlex affiliation evidence is not available in the snapshot cache.,,,,,10.1136/bmjgh-2020-004450,,0,,,,,https://www.doi.org/10.1136/bmjgh-2020-004450,,,BMJ Global Health,,,,,,,,1,1,[],{},staff_recent_publications_json
18,Aasli Abdi Nur,A5114732139,https://openalex.org/A5114732139,Aasli Abdi Nur,0.72,medium,doi:10.1007/s00737-018-0843-0,Human and economic resources for empowerment and pregnancy-related mental health in the Arab Middle East: a systematic review,2019.0,2019-01-01,Aasli Abdi Nur,,,medium,0.7,Bundled staff-profile publication; person-level match is credible but paper-level OpenAlex affiliation evidence is not available in the snapshot cache.,,,,,10.1007/s00737-018-0843-0,,0,,,,,https://www.doi.org/10.1007/s00737-018-0843-0,,,Archives of Women’s Mental Health,,,,,,,,1,1,[],{},staff_recent_publications_json
18,Aasli Abdi Nur,A5114732139,https://openalex.org/A5114732139,Aasli Abdi Nur,0.72,medium,doi:10.1016/j.wombi.2017.11.005,Social resources and Arab women’s perinatal mental health: A systematic review,2018.0,2018-01-01,Aasli Abdi Nur,,,medium,0.7,Bundled staff-profile publication; person-level match is credible but paper-level OpenAlex affiliation evidence is not available in the snapshot cache.,,,,,10.1016/j.wombi.2017.11.005,,0,,,,,https://www.doi.org/10.1016/j.wombi.2017.11.005,,,Women and Birth,,,,,,,,1,1,[],{},staff_recent_publications_json
19,Stefania Benonisdottir,A5085673380,https://openalex.org/A5085673380,Stefania Benonisdottir,0.9,high,doi:10.1038/s41588-025-02327-7,Realizing the full potential of Our Future Health through data linkage and trans-biobank efforts,2025.0,2025-01-01,Stefania Benonisdottir,,,high,0.88,Bundled staff-profile publication; high person-level OpenAlex match; publication has DOI or year evidence.,,,,,10.1038/s41588-025-02327-7,,0,,,,,https://www.doi.org/10.1038/s41588-025-02327-7,,,Nature Genetics,,,,,,,,1,1,[],{},staff_recent_publications_json
19,Stefania Benonisdottir,A5085673380,https://openalex.org/A5085673380,Stefania Benonisdottir,0.9,high,doi:10.1038/s43587-024-00733-w,"Genetics of female and male reproductive traits and their relationship with health, longevity and consequences for offspring",2024.0,2024-01-01,Stefania Benonisdottir,,,high,0.88,Bundled staff-profile publication; high person-level OpenAlex match; publication has DOI or year evidence.,,,,,10.1038/s43587-024-00733-w,,0,,,,,https://www.doi.org/10.1038/s43587-024-00733-w,,,Nature Aging,,,,,,,,1,1,[],{},staff_recent_publications_json
19,Stefania Benonisdottir,A5085673380,https://openalex.org/A5085673380,Stefania Benonisdottir,0.9,high,doi:10.1038/s41588-023-01439-2,Studying the genetics of participation using footprints left on the ascertained genotypes,2023.0,2023-01-01,Stefania Benonisdottir,,,high,0.88,Bundled staff-profile publication; high person-level OpenAlex match; publication has DOI or year evidence.,,,,,10.1038/s41588-023-01439-2,,0,,,,,https://www.doi.org/10.1038/s41588-023-01439-2,,,Nature Genetics,,,,,,,,1,1,[],{},staff_recent_publications_json
19,Stefania Benonisdottir,A5085673380,https://openalex.org/A5085673380,Stefania Benonisdottir,0.9,high,doi:10.1093/eurheartj/ehaa1108,Genetic insight into sick sinus syndrome.,2021.0,2021-01-01,Stefania Benonisdottir,,,high,0.88,Bundled staff-profile publication; high person-level OpenAlex match; publication has DOI or year evidence.,,,,,10.1093/eurheartj/ehaa1108,,0,,,,,https://www.doi.org/10.1093/eurheartj/ehaa1108,,,European heart journal,,,,,,,,1,1,[],{},staff_recent_publications_json
19,Stefania Benonisdottir,A5085673380,https://openalex.org/A5085673380,Stefania Benonisdottir,0.9,high,doi:10.1126/science.aax3710,Deconstructing the sources of genotype-phenotype associations in humans,2019.0,2019-01-01,Stefania Benonisdottir,,,high,0.88,Bundled staff-profile publication; high person-level OpenAlex match; publication has DOI or year evidence.,,,,,10.1126/science.aax3710,,0,,,,,https://www.doi.org/10.1126/science.aax3710,,,pp. 1396–1400,,,,,,,,1,1,[],{},staff_recent_publications_json
19,Stefania Benonisdottir,A5085673380,https://openalex.org/A5085673380,Stefania Benonisdottir,0.9,high,doi:10.1126/science.aan6877,The nature of nurture: Effects of parental genotypes,2018.0,2018-01-01,Stefania Benonisdottir,,,high,0.88,Bundled staff-profile publication; high person-level OpenAlex match; publication has DOI or year evidence.,,,,,10.1126/science.aan6877,,0,,,,,https://www.doi.org/10.1126/science.aan6877,,,pp. 424–428,,,,,,,,1,1,[],{},staff_recent_publications_json
23,Mary K. Roberts,A5101720611,https://openalex.org/A5101720611,Mary K. Roberts,0.72,medium,doi:10.1186/s12882-026-04806-3,Factors influencing willingness to pursue living kidney donation among relatives of patients with kidney disease in the United States,2026.0,2026-01-01,Mary K. Roberts,,,medium,0.7,Bundled staff-profile publication; person-level match is credible but paper-level OpenAlex affiliation evidence is not available in the snapshot cache.,,,,,10.1186/s12882-026-04806-3,,0,,,,,https://www.doi.org/10.1186/s12882-026-04806-3,,,,,,,,,,,1,1,[],{},staff_recent_publications_json
23,Mary K. Roberts,A5101720611,https://openalex.org/A5101720611,Mary K. Roberts,0.72,medium,doi:10.1016/j.xkme.2025.101175,Kidney Replacement Therapy Sequences: Racial/Ethnic Disparities in End-Stage Kidney Disease Patients’ 10-Year Treatment Histories,2025.0,2025-01-01,Mary K. Roberts,,,medium,0.7,Bundled staff-profile publication; person-level match is credible but paper-level OpenAlex affiliation evidence is not available in the snapshot cache.,,,,,10.1016/j.xkme.2025.101175,,0,,,,,https://www.doi.org/10.1016/j.xkme.2025.101175,,,Kidney Medicine,,,,,,,,1,1,[],{},staff_recent_publications_json
23,Mary K. Roberts,A5101720611,https://openalex.org/A5101720611,Mary K. Roberts,0.72,medium,doi:10.1177/15269248251383950,Gender differences in willingness to be evaluated for living kidney donation,2025.0,2025-01-01,Mary K. Roberts,,,medium,0.7,Bundled staff-profile publication; person-level match is credible but paper-level OpenAlex affiliation evidence is not available in the snapshot cache.,,,,,10.1177/15269248251383950,,0,,,,,https://www.doi.org/10.1177/15269248251383950,,,Progress in Transplantation,,,,,,,,1,1,[],{},staff_recent_publications_json
23,Mary K. Roberts,A5101720611,https://openalex.org/A5101720611,Mary K. Roberts,0.72,medium,doi:10.1016/j.ajt.2025.07.1216,Why Would Kidney Disease Patients’ Family Members Be Willing to Donate a Kidney? Results from the Families of Renal Patients Survey,2025.0,2025-01-01,Mary K. Roberts,,,medium,0.7,Bundled staff-profile publication; person-level match is credible but paper-level OpenAlex affiliation evidence is not available in the snapshot cache.,,,,,10.1016/j.ajt.2025.07.1216,,0,,,,,https://www.doi.org/10.1016/j.ajt.2025.07.1216,,,American Journal of Transplantation,,,,,,,,1,1,[],{},staff_recent_publications_json
23,Mary K. Roberts,A5101720611,https://openalex.org/A5101720611,Mary K. Roberts,0.72,medium,doi:10.1016/j.socscimed.2025.117761,"The long-term effects of housing insecurity in young adulthood on subsequent material hardship, physiological and mental health",2025.0,2025-01-01,Mary K. Roberts,,,medium,0.7,Bundled staff-profile publication; person-level match is credible but paper-level OpenAlex affiliation evidence is not available in the snapshot cache.,,,,,10.1016/j.socscimed.2025.117761,,0,,,,,https://www.doi.org/10.1016/j.socscimed.2025.117761,,,Social Science & Medicine,,,,,,,,1,1,[],{},staff_recent_publications_json
23,Mary K. Roberts,A5101720611,https://openalex.org/A5101720611,Mary K. Roberts,0.72,medium,doi:10.1177/15269248241237823,The Importance of Describing Patient Populations,2024.0,2024-01-01,Mary K. Roberts,,,medium,0.7,Bundled staff-profile publication; person-level match is credible but paper-level OpenAlex affiliation evidence is not available in the snapshot cache.,,,,,10.1177/15269248241237823,,0,,,,,https://www.doi.org/10.1177/15269248241237823,,,Progress in Transplantation,,,,,,,,1,1,[],{},staff_recent_publications_json
23,Mary K. Roberts,A5101720611,https://openalex.org/A5101720611,Mary K. Roberts,0.72,medium,doi:10.1016/j.trim.2023.101980,"Relationships, race/ethnicity, gender, age, and living kidney donation evaluation willingness",2024.0,2024-01-01,Mary K. Roberts,,,medium,0.7,Bundled staff-profile publication; person-level match is credible but paper-level OpenAlex affiliation evidence is not available in the snapshot cache.,,,,,10.1016/j.trim.2023.101980,,0,,,,,https://www.doi.org/10.1016/j.trim.2023.101980,,,Transplant Immunology,,,,,,,,1,1,[],{},staff_recent_publications_json
23,Mary K. Roberts,A5101720611,https://openalex.org/A5101720611,Mary K. Roberts,0.72,medium,doi:10.1177/15269248231212913,The Determinants and Consequences of Living Donor Discussion Direction,2023.0,2023-01-01,Mary K. Roberts,,,medium,0.7,Bundled staff-profile publication; person-level match is credible but paper-level OpenAlex affiliation evidence is not available in the snapshot cache.,,,,,10.1177/15269248231212913,,0,,,,,https://www.doi.org/10.1177/15269248231212913,,,Progress in Transplantation,,,,,,,,1,1,[],{},staff_recent_publications_json
23,Mary K. Roberts,A5101720611,https://openalex.org/A5101720611,Mary K. Roberts,0.72,medium,doi:10.1111/ctr.15064,Social network interventions to reduce race disparities in living kidney donation: Design and rationale of the friends and family of kidney transplant patients study (FFKTPS),2023.0,2023-01-01,Mary K. Roberts,,,medium,0.7,Bundled staff-profile publication; person-level match is credible but paper-level OpenAlex affiliation evidence is not available in the snapshot cache.,,,,,10.1111/ctr.15064,,0,,,,,https://www.doi.org/10.1111/ctr.15064,,,Clinical Transplantation,,,,,,,,1,1,[],{},staff_recent_publications_json
23,Mary K. Roberts,A5101720611,https://openalex.org/A5101720611,Mary K. Roberts,0.72,medium,doi:10.1177/15269248231164174,Testing the Differential Access Hypothesis That Black Kidney Transplant Candidates Perceive Social Network Access to Fewer Potential Living Donors Than White Candidates,2023.0,2023-01-01,Mary K. Roberts,,,medium,0.7,Bundled staff-profile publication; person-level match is credible but paper-level OpenAlex affiliation evidence is not available in the snapshot cache.,,,,,10.1177/15269248231164174,,0,,,,,https://www.doi.org/10.1177/15269248231164174,,,Progress in Transplantation,,,,,,,,1,1,[],{},staff_recent_publications_json
51,John Ermisch,A5082101535,https://openalex.org/A5082101535,John Ermisch,0.9,high,doi:10.15195/v11.a17,The Effects of Social Mobility,2024.0,2024-01-01,John Ermisch,,,high,0.88,Bundled staff-profile publication; high person-level OpenAlex match; publication has DOI or year evidence.,,,,,10.15195/v11.a17,,0,,,,,https://www.doi.org/10.15195/v11.a17,,,Sociological Science,,,,,,,,1,1,[],{},staff_recent_publications_json
51,John Ermisch,A5082101535,https://openalex.org/A5082101535,John Ermisch,0.9,high,doi:10.1177/00491241231186659,Addressing Non-ignorable Panel Attrition Using External Population Data: Analysis of Demographic Events From Survey Data,2023.0,2023-01-01,John Ermisch,,,high,0.88,Bundled staff-profile publication; high person-level OpenAlex match; publication has DOI or year evidence.,,,,,10.1177/00491241231186659,,0,,,,,https://www.doi.org/10.1177/00491241231186659,,,Sociological Methods and Research,,,,,,,,1,1,[],{},staff_recent_publications_json
51,John Ermisch,A5082101535,https://openalex.org/A5082101535,John Ermisch,0.9,high,doi:10.1080/00324728.2023.2215224,The recent decline in period fertility in England and Wales: differences associated with family background and intergenerational educational mobility,2023.0,2023-01-01,John Ermisch,,,high,0.88,Bundled staff-profile publication; high person-level OpenAlex match; publication has DOI or year evidence.,,,,,10.1080/00324728.2023.2215224,,0,,,,,https://www.doi.org/10.1080/00324728.2023.2215224,,,Population Studies,,,,,,,,1,1,[],{},staff_recent_publications_json
51,John Ermisch,A5082101535,https://openalex.org/A5082101535,John Ermisch,0.9,high,doi:10.1177/01902725231162074,Trust and strength of family ties: new experimental evidence,2023.0,2023-01-01,John Ermisch,,,high,0.88,Bundled staff-profile publication; high person-level OpenAlex match; publication has DOI or year evidence.,,,,,10.1177/01902725231162074,,0,,,,,https://www.doi.org/10.1177/01902725231162074,,,Social Psychology Quarterly,,,,,,,,1,1,[],{},staff_recent_publications_json
51,John Ermisch,A5082101535,https://openalex.org/A5082101535,John Ermisch,0.9,high,doi:10.1080/00324728.2021.2006444,Looking to the future of Population Studies,2021.0,2021-01-01,John Ermisch,,,high,0.88,Bundled staff-profile publication; high person-level OpenAlex match; publication has DOI or year evidence.,,,,,10.1080/00324728.2021.2006444,,0,,,,,https://www.doi.org/10.1080/00324728.2021.2006444,,,Population Studies,,,,,,,,1,1,[],{},staff_recent_publications_json
51,John Ermisch,A5082101535,https://openalex.org/A5082101535,John Ermisch,0.9,high,doi:10.1177/00491241211043131,Using inverse probability weighting to address post-outcome collider bias,2021.0,2021-01-01,John Ermisch,,,high,0.88,Bundled staff-profile publication; high person-level OpenAlex match; publication has DOI or year evidence.,,,,,10.1177/00491241211043131,,0,,,,,https://www.doi.org/10.1177/00491241211043131,,,Sociological Methods and Research,,,,,,,,1,1,[],{},staff_recent_publications_json
51,John Ermisch,A5082101535,https://openalex.org/A5082101535,John Ermisch,0.9,high,doi:10.4054/demres.2021.45.29,English fertility heads south: understanding the recent decline,2021.0,2021-01-01,John Ermisch,,,high,0.88,Bundled staff-profile publication; high person-level OpenAlex match; publication has DOI or year evidence.,,,,,10.4054/demres.2021.45.29,,0,,,,,https://www.doi.org/10.4054/DemRes.2021.45.29,,,Demographic Research,,,,,,,,1,1,[],{},staff_recent_publications_json
51,John Ermisch,A5082101535,https://openalex.org/A5082101535,John Ermisch,0.9,high,doi:10.4054/demres.2021.44.17,The distributional impact of Covid-19: Geographic variation in mortality in England,2021.0,2021-01-01,John Ermisch,,,high,0.88,Bundled staff-profile publication; high person-level OpenAlex match; publication has DOI or year evidence.,,,,,10.4054/demres.2021.44.17,,0,,,,,https://www.doi.org/10.4054/DemRes.2021.44.17,,,Demographic Research,,,,,,,,1,1,[],{},staff_recent_publications_json
51,John Ermisch,A5082101535,https://openalex.org/A5082101535,John Ermisch,0.9,high,doi:10.1136/jech-2020-215505,"Estimating the burden of the COVID-19 pandemic on mortality, life expectancy and lifespan inequality in England and Wales: a population-level analysis",2021.0,2021-01-01,John Ermisch,,,high,0.88,Bundled staff-profile publication; high person-level OpenAlex match; publication has DOI or year evidence.,,,,,10.1136/jech-2020-215505,,0,,,,,https://www.doi.org/10.1136/jech-2020-215505,,,Journal of Epidemiology and Community Health,,,,,,,,1,1,[],{},staff_recent_publications_json
51,John Ermisch,A5082101535,https://openalex.org/A5082101535,John Ermisch,0.9,high,doi:10.1093/esr/jcaa057,"Sibling models, categorical outcomes, and the intra-class correlation",2021.0,2021-01-01,John Ermisch,,,high,0.88,Bundled staff-profile publication; high person-level OpenAlex match; publication has DOI or year evidence.,,,,,10.1093/esr/jcaa057,,0,,,,,https://www.doi.org/10.1093/esr/jcaa057,,,European Sociological Review,,,,,,,,1,1,[],{},staff_recent_publications_json
52,David Kirk,A5021465030,https://openalex.org/A5021465030,David Kirk,0.9,high,doi:10.1177/00380407251338844,"The Great Leveler? Juvenile Arrest, College Attainment, and the Future of American Inequality",2026.0,2026-01-01,David Kirk,,,high,0.88,Bundled staff-profile publication; high person-level OpenAlex match; publication has DOI or year evidence.,,,,,10.1177/00380407251338844,,0,,,,,https://www.doi.org/10.1177/00380407251338844,,,Sociology of Education,,,,,,,,1,1,[],{},staff_recent_publications_json
52,David Kirk,A5021465030,https://openalex.org/A5021465030,David Kirk,0.9,high,doi:10.1126/sciadv.adp8915,Dual pathways of concealed gun carrying and use from adolescence to adulthood over a 25-year era of change,2024.0,2024-01-01,David Kirk,,,high,0.88,Bundled staff-profile publication; high person-level OpenAlex match; publication has DOI or year evidence.,,,,,10.1126/sciadv.adp8915,,0,,,,,https://www.doi.org/10.1126/sciadv.adp8915,,,Science Advances,,,,,,,,1,1,[],{},staff_recent_publications_json
52,David Kirk,A5021465030,https://openalex.org/A5021465030,David Kirk,0.9,high,doi:10.1111/1745-9125.12383,The promise and perils of the sharing economy: The impact of Airbnb lettings on crime,2024.0,2024-01-01,David Kirk,,,high,0.88,Bundled staff-profile publication; high person-level OpenAlex match; publication has DOI or year evidence.,,,,,10.1111/1745-9125.12383,,0,,,,,https://www.doi.org/10.1111/1745-9125.12383,,,,,,,,,,,1,1,[],{},staff_recent_publications_json
52,David Kirk,A5021465030,https://openalex.org/A5021465030,David Kirk,0.9,high,doi:10.1007/s00146-022-01540-w,The rise of machine learning in the academic social sciences,2024.0,2024-01-01,David Kirk,,,high,0.88,Bundled staff-profile publication; high person-level OpenAlex match; publication has DOI or year evidence.,,,,,10.1007/s00146-022-01540-w,,0,,,,,https://www.doi.org/10.1007/s00146-022-01540-w,,,AI &amp; SOCIETY,,,,,,,,1,1,[],{},staff_recent_publications_json
52,David Kirk,A5021465030,https://openalex.org/A5021465030,David Kirk,0.9,high,doi:10.1093/oxfordhb/9780197618110.013.17,Making prisoner re-entry evidence-based,2024.0,2024-01-01,David Kirk,,,high,0.88,Bundled staff-profile publication; high person-level OpenAlex match; publication has DOI or year evidence.,,,,,10.1093/oxfordhb/9780197618110.013.17,,0,,,,,https://www.doi.org/10.1093/oxfordhb/9780197618110.013.17,,,in Welsh,,,,,,,,1,1,[],{},staff_recent_publications_json
52,David Kirk,A5021465030,https://openalex.org/A5021465030,David Kirk,0.9,high,doi:10.1001/jamanetworkopen.2023.12465,"Inequalities in Exposure to Firearm Violence by Race, Sex, and Birth Cohort From Childhood to Age 40 Years, 1995-2021",2023.0,2023-01-01,David Kirk,,,high,0.88,Bundled staff-profile publication; high person-level OpenAlex match; publication has DOI or year evidence.,,,,,10.1001/jamanetworkopen.2023.12465,,0,,,,,https://www.doi.org/10.1001/jamanetworkopen.2023.12465,,,JAMA Network Open,,,,,,,,1,1,[],{},staff_recent_publications_json
52,David Kirk,A5021465030,https://openalex.org/A5021465030,David Kirk,0.9,high,doi:10.1177/15365042221114987,Neighborhoods’ peril for the formerly incarcerated,2022.0,2022-01-01,David Kirk,,,high,0.88,Bundled staff-profile publication; high person-level OpenAlex match; publication has DOI or year evidence.,,,,,10.1177/15365042221114987,,0,,,,,https://www.doi.org/10.1177/15365042221114987,,,Contexts,,,,,,,,1,1,[],{},staff_recent_publications_json
52,David Kirk,A5021465030,https://openalex.org/A5021465030,David Kirk,0.9,high,doi:10.1146/annurev-criminol-030421-034244,"Police unionism, accountability, and misconduct",2022.0,2022-01-01,David Kirk,,,high,0.88,Bundled staff-profile publication; high person-level OpenAlex match; publication has DOI or year evidence.,,,,,10.1146/annurev-criminol-030421-034244,,0,,,,,https://www.doi.org/10.1146/annurev-criminol-030421-034244,,,Annual Review of Criminology,,,,,,,,1,1,[],{},staff_recent_publications_json
52,David Kirk,A5021465030,https://openalex.org/A5021465030,David Kirk,0.9,high,doi:10.1007/s40865-022-00211-0,The importance of living arrangements for criminal persistence and desistance: a novel test of exposure to convicted family members,2022.0,2022-01-01,David Kirk,,,high,0.88,Bundled staff-profile publication; high person-level OpenAlex match; publication has DOI or year evidence.,,,,,10.1007/s40865-022-00211-0,,0,,,,,https://www.doi.org/10.1007/s40865-022-00211-0,,,Journal of Developmental and Life-Course Criminology,,,,,,,,1,1,[],{},staff_recent_publications_json
52,David Kirk,A5021465030,https://openalex.org/A5021465030,David Kirk,0.9,high,doi:10.1007/s00146-022-01540-w,The rise of machine learning in the academic social sciences,2022.0,2024-01-01,David Kirk,,,high,0.88,Bundled staff-profile publication; high person-level OpenAlex match; publication has DOI or year evidence.,,,,,10.1007/s00146-022-01540-w,,0,,,,,https://www.doi.org/10.1007/s00146-022-01540-w,,,AI &amp; SOCIETY,,,,,,,,1,1,[],{},staff_recent_publications_json
53,Per Block,A5072116263,https://openalex.org/A5072116263,Per Block,0.9,high,doi:10.1017/nws.2022.6,Circular specifications and ‘predicting’ with information from the future: Errors in the empirical SAOM–TERGM comparison of Leifeld & Cranmer,2022.0,2022-01-01,Per Block,,,high,0.88,Bundled staff-profile publication; high person-level OpenAlex match; publication has DOI or year evidence.,,,,,10.1017/nws.2022.6,,0,,,,,https://www.doi.org/10.1017/nws.2022.6,,,Network Science,,,,,,,,1,1,[],{},staff_recent_publications_json
53,Per Block,A5072116263,https://openalex.org/A5072116263,Per Block,0.9,high,doi:10.1016/j.socnet.2021.08.003,A statistical model for the analysis of mobility tables as weighted networks with an application to faculty hiring networks,2022.0,2022-01-01,Per Block,,,high,0.88,Bundled staff-profile publication; high person-level OpenAlex match; publication has DOI or year evidence.,,,,,10.1016/j.socnet.2021.08.003,,0,,,,,https://www.doi.org/10.1016/j.socnet.2021.08.003,,,Social Networks,,,,,,,,1,1,[],{},staff_recent_publications_json
53,Per Block,A5072116263,https://openalex.org/A5072116263,Per Block,0.9,high,doi:10.1037/emo0000952,Sharing the load: contagion and tolerance of mood in social networks,2020.0,2020-01-01,Per Block,,,high,0.88,Bundled staff-profile publication; high person-level OpenAlex match; publication has DOI or year evidence.,,,,,10.1037/emo0000952,,0,,,,,https://www.doi.org/10.1037/emo0000952,,,Emotion,,,,,,,,1,1,[],{},staff_recent_publications_json
53,Per Block,A5072116263,https://openalex.org/A5072116263,Per Block,0.9,high,doi:10.1073/pnas.2016831117,Dangerous to claim ‘no clear association’ between intergenerational relationships and COVID-19,2020.0,2020-01-01,Per Block,,,high,0.88,Bundled staff-profile publication; high person-level OpenAlex match; publication has DOI or year evidence.,,,,,10.1073/pnas.2016831117,,0,,,,,https://www.doi.org/10.1073/pnas.2016831117,,,Proceedings of the National Academy of Sciences,,,,,,,,1,1,[],{},staff_recent_publications_json
53,Per Block,A5072116263,https://openalex.org/A5072116263,Per Block,0.9,high,doi:10.1017/nws.2020.3,A model for the dynamics of face-to-face interactions in social groups,2020.0,2020-01-01,Per Block,,,high,0.88,Bundled staff-profile publication; high person-level OpenAlex match; publication has DOI or year evidence.,,,,,10.1017/nws.2020.3,,0,,,,,https://www.doi.org/10.1017/nws.2020.3,,,Network Science,,,,,,,,1,1,[],{},staff_recent_publications_json
53,Per Block,A5072116263,https://openalex.org/A5072116263,Per Block,0.9,high,doi:10.1073/pnas.2009408117,Reply to Nepomuceno et al.: a renewed call for detailed social and demographic COVID-19 data from all countries,2020.0,2020-01-01,Per Block,,,high,0.88,Bundled staff-profile publication; high person-level OpenAlex match; publication has DOI or year evidence.,,,,,10.1073/pnas.2009408117,,0,,,,,https://www.doi.org/10.1073/pnas.2009408117,,,Proceedings of the National Academy of Sciences of the United States of America,,,,,,,,1,1,[],{},staff_recent_publications_json
53,Per Block,A5072116263,https://openalex.org/A5072116263,Per Block,0.9,high,doi:10.1038/s41562-020-0898-6,Social network-based distancing strategies to flatten the COVID-19 curve in a post-lockdown world,2020.0,2020-01-01,Per Block,,,high,0.88,Bundled staff-profile publication; high person-level OpenAlex match; publication has DOI or year evidence.,,,,,10.1038/s41562-020-0898-6,,0,,,,,https://www.doi.org/10.1038/s41562-020-0898-6,,,Nature Human Behaviour,,,,,,,,1,1,[],{},staff_recent_publications_json
53,Per Block,A5072116263,https://openalex.org/A5072116263,Per Block,0.9,high,doi:10.1073/pnas.2004911117,Demographic science aids in understanding the spread and fatality rates of COVID-19,2020.0,2020-01-01,Per Block,,,high,0.88,Bundled staff-profile publication; high person-level OpenAlex match; publication has DOI or year evidence.,,,,,10.1073/pnas.2004911117,,0,,,,,https://www.doi.org/10.1073/pnas.2004911117,,,Proceedings of the National Academy of Sciences of the United States of America,,,,,,,,1,1,[],{},staff_recent_publications_json
53,Per Block,A5072116263,https://openalex.org/A5072116263,Per Block,0.9,high,doi:10.1101/2020.03.15.20036293,Demographic science aids in understanding the spread and fatality rates of COVID-19,2020.0,2020-01-01,Per Block,,,high,0.88,Bundled staff-profile publication; high person-level OpenAlex match; publication has DOI or year evidence.,,,,,10.1101/2020.03.15.20036293,,0,,,,,https://www.doi.org/10.1101/2020.03.15.20036293,,,,,,,,,,,1,1,[],{},staff_recent_publications_json
53,Per Block,A5072116263,https://openalex.org/A5072116263,Per Block,0.9,high,doi:10.1177/0049124116672680,Forms of Dependence: Comparing SAOMs and ERGMs From Basic Principles,2019.0,2019-01-01,Per Block,,,high,0.88,Bundled staff-profile publication; high person-level OpenAlex match; publication has DOI or year evidence.,,,,,10.1177/0049124116672680,,0,,,,,https://www.doi.org/10.1177/0049124116672680,,,Sociological Methods & Research,,,,,,,,1,1,[],{},staff_recent_publications_json
54,Cecilia Lindgren,A5048738826,https://openalex.org/A5048738826,Cecilia Lindgren,0.9,high,doi:10.1038/ng.3698,Genome-wide analysis identifies 12 loci influencing human reproductive behavior,2016.0,2016-01-01,Cecilia Lindgren,,,high,0.88,Bundled staff-profile publication; high person-level OpenAlex match; publication has DOI or year evidence.,,,,,10.1038/ng.3698,,0,,,,,https://www.doi.org/10.1038/ng.3698,,,Nature Genetics,,,,,,,,1,1,[],{},staff_recent_publications_json
75,Bo Zhao,A5051811265,https://openalex.org/A5051811265,Bo Zhao,0.9,high,doi:10.1136/jech-2023-220793,"Prepayment meters strongly associated with multiple types of deprivation and emergency respiratory hospital admissions: an observational, cross-sectional study",2023.0,2023-01-01,Bo Zhao,,,high,0.88,Bundled staff-profile publication; high person-level OpenAlex match; publication has DOI or year evidence.,,,,,10.1136/jech-2023-220793,,0,,,,,https://www.doi.org/10.1136/jech-2023-220793,,,Journal of Epidemiology and Community Health,,,,,,,,1,1,[],{},staff_recent_publications_json
75,Bo Zhao,A5051811265,https://openalex.org/A5051811265,Bo Zhao,0.9,high,doi:10.1101/2022.12.19.22283693,"Prepayment meters strongly associated with economic and health deprivation: an observational, cross-sectional study",2022.0,2022-01-01,Bo Zhao,,,high,0.88,Bundled staff-profile publication; high person-level OpenAlex match; publication has DOI or year evidence.,,,,,10.1101/2022.12.19.22283693,,0,,,,,https://www.doi.org/10.1101/2022.12.19.22283693,,,,,,,,,,,1,1,[],{},staff_recent_publications_json
75,Bo Zhao,A5051811265,https://openalex.org/A5051811265,Bo Zhao,0.9,high,doi:10.1126/scitranslmed.abl5849,Visualization of exhaled breath metabolites reveals distinct diagnostic signatures for acute cardiorespiratory breathlessness,2022.0,2022-01-01,Bo Zhao,,,high,0.88,Bundled staff-profile publication; high person-level OpenAlex match; publication has DOI or year evidence.,,,,,10.1126/scitranslmed.abl5849,,0,,,,,https://www.doi.org/10.1126/scitranslmed.abl5849,,,Science Translational Medicine,,,,,,,,1,1,[],{},staff_recent_publications_json
75,Bo Zhao,A5051811265,https://openalex.org/A5051811265,Bo Zhao,0.9,high,doi:10.1186/s12859-020-03908-5,LabPipe: an extensible bioinformatics toolkit to manage experimental data and metadata,2020.0,2020-01-01,Bo Zhao,,,high,0.88,Bundled staff-profile publication; high person-level OpenAlex match; publication has DOI or year evidence.,,,,,10.1186/s12859-020-03908-5,,0,,,,,https://www.doi.org/10.1186/s12859-020-03908-5,,,BMC Bioinformatics,,,,,,,,1,1,[],{},staff_recent_publications_json
75,Bo Zhao,A5051811265,https://openalex.org/A5051811265,Bo Zhao,0.9,high,doi:10.1021/acs.analchem.0c02844,Automating and Extending Comprehensive Two-Dimensional Gas Chromatography Data Processing by Interfacing Open-Source and Commercial Software,2020.0,2020-01-01,Bo Zhao,,,high,0.88,Bundled staff-profile publication; high person-level OpenAlex match; publication has DOI or year evidence.,,,,,10.1021/acs.analchem.0c02844,,0,,,,,https://www.doi.org/10.1021/acs.analchem.0c02844,,,Analytical Chemistry,,,,,,,,1,1,[],{},staff_recent_publications_json
75,Bo Zhao,A5051811265,https://openalex.org/A5051811265,Bo Zhao,0.9,high,doi:10.1016/j.chroma.2019.02.001,Breath analysis by two-dimensional gas chromatography with dual flame ionisation and mass spectrometric detection – Method optimisation and integration within a large-scale clinical study,2019.0,2019-01-01,Bo Zhao,,,high,0.88,Bundled staff-profile publication; high person-level OpenAlex match; publication has DOI or year evidence.,,,,,10.1016/j.chroma.2019.02.001,,0,,,,,https://www.doi.org/10.1016/j.chroma.2019.02.001,,,Journal of Chromatography A,,,,,,,,1,1,[],{},staff_recent_publications_json
75,Bo Zhao,A5051811265,https://openalex.org/A5051811265,Bo Zhao,0.9,high,doi:10.1136/bmjopen-2018-025486,Assessment of breath volatile organic compounds in acute cardiorespiratory breathlessness: a protocol describing a prospective real-world observational study,2019.0,2019-01-01,Bo Zhao,,,high,0.88,Bundled staff-profile publication; high person-level OpenAlex match; publication has DOI or year evidence.,,,,,10.1136/bmjopen-2018-025486,,0,,,,,https://www.doi.org/10.1136/bmjopen-2018-025486,,,BMJ Open,,,,,,,,1,1,[],{},staff_recent_publications_json
75,Bo Zhao,A5051811265,https://openalex.org/A5051811265,Bo Zhao,0.9,high,doi:10.1186/s13326-015-0033-1,KneeTex: an ontology–driven system for information extraction from MRI reports,2015.0,2015-01-01,Bo Zhao,,,high,0.88,Bundled staff-profile publication; high person-level OpenAlex match; publication has DOI or year evidence.,,,,,10.1186/s13326-015-0033-1,,0,,,,,https://www.doi.org/10.1186/s13326-015-0033-1,,,Journal of Biomedical Semantics,,,,,,,,1,1,[],{},staff_recent_publications_json
77,Francesco Rampazzo,A5023796355,https://openalex.org/A5023796355,Francesco Rampazzo,0.9,high,doi:10.4054/demres.2025.53.38,Sexual orientation on Zoe: A global analysis of a lesbian dating app,2025.0,2025-01-01,Francesco Rampazzo,,,high,0.88,Bundled staff-profile publication; high person-level OpenAlex match; publication has DOI or year evidence.,,,,,10.4054/demres.2025.53.38,,0,,,,,https://www.doi.org/10.4054/DemRes.2025.53.38,,,Demographic Research,,,,,,,,1,1,[],{},staff_recent_publications_json
77,Francesco Rampazzo,A5023796355,https://openalex.org/A5023796355,Francesco Rampazzo,0.9,high,doi:10.31235/osf.io/nq3fc_v1,Migrant Age Profiles Reconciling Digital Trace and Survey Data: An Example of the United Kingdom in 2018 and 2019,2025.0,2025-01-01,Francesco Rampazzo,,,high,0.88,Bundled staff-profile publication; high person-level OpenAlex match; publication has DOI or year evidence.,,,,,10.31235/osf.io/nq3fc_v1,,0,,,,,https://www.doi.org/10.31235/osf.io/nq3fc_v1,,,,,,,,,,,1,1,[],{},staff_recent_publications_json
77,Francesco Rampazzo,A5023796355,https://openalex.org/A5023796355,Francesco Rampazzo,0.9,high,doi:10.12765/cpos-2025-13,Ideations and Intentions in the Transition to Adulthood: A Cross-European Comparison,2025.0,2025-01-01,Francesco Rampazzo,,,high,0.88,Bundled staff-profile publication; high person-level OpenAlex match; publication has DOI or year evidence.,,,,,10.12765/cpos-2025-13,,0,,,,,https://www.doi.org/10.12765/CPoS-2025-13,,,Comparative Population Studies,,,,,,,,1,1,[],{},staff_recent_publications_json
77,Francesco Rampazzo,A5023796355,https://openalex.org/A5023796355,Francesco Rampazzo,0.9,high,doi:10.1017/psrm.2025.18,Survey sampling in the Global South using Facebook advertisements,2025.0,2025-01-01,Francesco Rampazzo,,,high,0.88,Bundled staff-profile publication; high person-level OpenAlex match; publication has DOI or year evidence.,,,,,10.1017/psrm.2025.18,,0,,,,,https://www.doi.org/10.1017/psrm.2025.18,,,Political Science Research and Methods,,,,,,,,1,1,[],{},staff_recent_publications_json
77,Francesco Rampazzo,A5023796355,https://openalex.org/A5023796355,Francesco Rampazzo,0.9,high,doi:10.1177/20552076241298315,‘UPDATE: I’m pregnant!’: Inferring global downloads and reasons for using menstrual tracking apps,2024.0,2024-01-01,Francesco Rampazzo,,,high,0.88,Bundled staff-profile publication; high person-level OpenAlex match; publication has DOI or year evidence.,,,,,10.1177/20552076241298315,,0,,,,,https://www.doi.org/10.1177/20552076241298315,,,Digital Health,,,,,,,,1,1,[],{},staff_recent_publications_json
77,Francesco Rampazzo,A5023796355,https://openalex.org/A5023796355,Francesco Rampazzo,0.9,high,doi:10.1177/01979183241247009,Assessing timely migration trends through digital traces: a case study of the UK before Brexit,2024.0,2024-01-01,Francesco Rampazzo,,,high,0.88,Bundled staff-profile publication; high person-level OpenAlex match; publication has DOI or year evidence.,,,,,10.1177/01979183241247009,,0,,,,,https://www.doi.org/10.1177/01979183241247009,,,International Migration Review,,,,,,,,1,1,[],{},staff_recent_publications_json
77,Francesco Rampazzo,A5023796355,https://openalex.org/A5023796355,Francesco Rampazzo,0.9,high,doi:10.1111/padr.12558,Nowcasting daily population displacement in Ukraine through social media advertising data,2023.0,2023-01-01,Francesco Rampazzo,,,high,0.88,Bundled staff-profile publication; high person-level OpenAlex match; publication has DOI or year evidence.,,,,,10.1111/padr.12558,,0,,,,,https://www.doi.org/10.1111/padr.12558,,,Population and Development Review,,,,,,,,1,1,[],{},staff_recent_publications_json
77,Francesco Rampazzo,A5023796355,https://openalex.org/A5023796355,Francesco Rampazzo,0.9,high,doi:10.4337/9781789906769.00010,Digital and computational demography,2023.0,2023-01-01,Francesco Rampazzo,,,high,0.88,Bundled staff-profile publication; high person-level OpenAlex match; publication has DOI or year evidence.,,,,,10.4337/9781789906769.00010,,0,,,,,https://www.doi.org/10.4337/9781789906769.00010,,,in Skopek,,,,,,,,1,1,[],{},staff_recent_publications_json
77,Francesco Rampazzo,A5023796355,https://openalex.org/A5023796355,Francesco Rampazzo,0.9,high,doi:10.1007/978-3-031-16624-2_18,New Migration Data: Challenges and Opportunities,2023.0,2023-01-01,Francesco Rampazzo,,,high,0.88,Bundled staff-profile publication; high person-level OpenAlex match; publication has DOI or year evidence.,,,,,10.1007/978-3-031-16624-2_18,,0,,,,,https://www.doi.org/10.1007/978-3-031-16624-2_18,,,in Handbook of Computational Social Science for Policy . Springer Nature,,,,,,,,1,1,[],{},staff_recent_publications_json
77,Francesco Rampazzo,A5023796355,https://openalex.org/A5023796355,Francesco Rampazzo,0.9,high,doi:10.1111/rssa.12948,Is Facebook’s advertising data accurate enough for use in social science research? Insights from a cross-national online survey,2022.0,2022-01-01,Francesco Rampazzo,,,high,0.88,Bundled staff-profile publication; high person-level OpenAlex match; publication has DOI or year evidence.,,,,,10.1111/rssa.12948,,0,,,,,https://www.doi.org/10.1111/rssa.12948,,,Journal of the Royal Statistical Society,,,,,,,,1,1,[],{},staff_recent_publications_json
79,Xinyi Zhao,A5042433819,https://openalex.org/A5042433819,Xinyi Zhao,0.45,low,doi:10.1007/s11192-022-04351-4,https://doi.org/10.1007/s11192-022-04351-4,,,Xinyi Zhao,,,low,0.48,Bundled staff-profile publication with weak or missing person/paper evidence.,,,,,10.1007/s11192-022-04351-4,,0,,,,,https://doi.org/10.1007/s11192-022-04351-4,,,,,,,,,,,1,1,[],{},staff_recent_publications_json
79,Xinyi Zhao,A5042433819,https://openalex.org/A5042433819,Xinyi Zhao,0.45,low,doi:10.5194/ica-abs-3-327-2021,https://doi.org/10.5194/ica-abs-3-327-2021,,,Xinyi Zhao,,,low,0.48,Bundled staff-profile publication with weak or missing person/paper evidence.,,,,,10.5194/ica-abs-3-327-2021,,0,,,,,https://doi.org/10.5194/ica-abs-3-327-2021,,,,,,,,,,,1,1,[],{},staff_recent_publications_json
80,Hamza Shams,A5078533870,https://openalex.org/A5078533870,Hamza Shams,0.45,low,doi:10.1115/1.4062720,Vibration Analysis Approach to Model Incremental Wear and Associated Sound in Multi-Contact Sliding Friction Mechanisms,2023.0,2023-01-01,Hamza Shams,,,low,0.48,Bundled staff-profile publication with weak or missing person/paper evidence.,,,,,10.1115/1.4062720,,0,,,,,https://www.doi.org/10.1115/1.4062720,,,Journal of Tribology,,,,,,,,1,1,[],{},staff_recent_publications_json
80,Hamza Shams,A5078533870,https://openalex.org/A5078533870,Hamza Shams,0.45,low,doi:10.1016/j.addma.2021.102379,Scalable wear resistant 3D printed slippery liquid infused porous surfaces (SLIPS),2021.0,2021-01-01,Hamza Shams,,,low,0.48,Bundled staff-profile publication with weak or missing person/paper evidence.,,,,,10.1016/j.addma.2021.102379,,0,,,,,https://www.doi.org/10.1016/j.addma.2021.102379,,,Additive Manufacturing,,,,,,,,1,1,[],{},staff_recent_publications_json
80,Hamza Shams,A5078533870,https://openalex.org/A5078533870,Hamza Shams,0.45,low,doi:10.1016/j.addma.2020.101777,Realizing surface amphiphobicity using 3D printing techniques: A critical move towards manufacturing low-cost reentrant geometries,2021.0,2021-01-01,Hamza Shams,,,low,0.48,Bundled staff-profile publication with weak or missing person/paper evidence.,,,,,10.1016/j.addma.2020.101777,,0,,,,,https://www.doi.org/10.1016/j.addma.2020.101777,,,Additive Manufacturing,,,,,,,,1,1,[],{},staff_recent_publications_json
80,Hamza Shams,A5078533870,https://openalex.org/A5078533870,Hamza Shams,0.45,low,doi:10.1109/icase.2015.7489508,Evaluation of Commercial Oleophobic Coatings for Aerospace Applications in Harsh Environments: Analytical Approach to Determine the Coefficient of Friction at Nano-Level Through Lateral or Friction Force Microscopy,2015.0,2015-01-01,Hamza Shams,,,low,0.48,Bundled staff-profile publication with weak or missing person/paper evidence.,,,,,10.1109/icase.2015.7489508,,0,,,,,https://www.doi.org/10.1109/icase.2015.7489508,,,in. Institute of Electrical and Electronics Engineers (IEEE),,,,,,,,1,1,[],{},staff_recent_publications_json
